player_id,player_name,national_team_id,national_team_name,wc_group,wc_jersey,wc_position,wc_status,wc_squad_caps,wc_squad_goals,wc_club,wc_club_country,age,date_of_birth,nationality,height_cm,weight_kg,preferred_foot,market_value_eur,contract_until,wage_eur_annual,availability,overall_rating,potential,injury_risk,attr_tactical,attr_attacking,attr_defending,attr_technical,attr_creativity,club_team_id,club_name,club_league_id,club_league_name,club_season_id,club_matches,club_minutes,club_goals,club_assists,club_xg,club_xa,club_shots,club_shots_on_target,club_key_passes,club_passes,club_pass_accuracy_pct,club_avg_match_rating,club_tackles,club_tackles_won,club_interceptions,club_clearances,club_ball_recovery,club_blocks,club_duels_won,club_duels_lost,club_aerial_won,club_aerial_lost,club_saves,club_goals_conceded,club_yellow_cards,club_red_cards,club_dribbles_won,club_dribbles_attempted,club_crosses,club_long_balls,club_touches,club_fouls,intl_caps,intl_goals,intl_last_appearance,exported_at
1448,Aïssa Mandi,490,Algeria,J,2,DF,official,117,7,Lille,France,34,1991-10-22,Algeria,186,,R,1100000,2026-06-30,1288560,available,75,Unlikely to Improve,Unlikely,,,,,,106,Lille,6,Ligue 1,317,43,3286,1,0,1.59,1.52,19,6,13,2553,91.2,7.24,43,28,61,142,173,6,133,75,63,29,0,3,6,0,4,7,9,331,2993,25,21,1,2026-06-03T18:45:00+00:00,2026-06-07T16:02:52Z
16900,Achref Abada,490,Algeria,J,3,DF,official,7,1,USM Alger,,26,1999-06-15,Algeria,187,,R,925000,2029-06-30,,available,,,,,,,,,2315,USM Alger,31,International Friendly Games,133,3,56,0,0,,,,,,,,6.75,,,,,,,,,,,,,,,,,,,,,3,0,2026-06-03T18:45:00+00:00,2026-06-07T16:02:52Z
14698,Mohamed Tougai,490,Algeria,J,4,DF,official,29,2,Espérance Tunis,Tunisia,26,2000-01-22,Algeria,191,,R,1200000,2027-06-30,,available,,,,,,,,,591,Espérance Tunis,29,CAF Champions League,229,21,1125,4,0,1.86,0.03,4,3,0,220,83.2,6.92,4,3,4,16,14,0,16,14,7,10,0,2,3,0,0,0,0,38,260,5,12,0,2026-06-03T18:45:00+00:00,2026-06-07T16:02:52Z
15046,Zineddine Belaid,490,Algeria,J,5,DF,official,10,1,JS Kabylie,Algeria,27,1999-03-20,Algeria,187,,R,1400000,2028-06-30,,available,,,,,,,,,590,JS Kabylie,29,CAF Champions League,229,6,540,0,0,0.32,0.04,6,1,0,309,85.1,6.83,9,3,14,21,13,0,27,7,17,4,0,0,0,0,0,1,0,50,378,0,15,1,2026-06-03T18:45:00+00:00,2026-06-07T16:02:52Z
3202,Jaouen Hadjam,490,Algeria,J,13,DF,official,17,3,BSC Young Boys,Switzerland,23,2003-03-26,Algeria,184,,L,7500000,2028-06-30,920400,available,73,Can Polish Skills,Unlikely,,,,,,148,BSC Young Boys,15,Super League,371,29,1776,2,4,0.85,1.64,23,6,31,980,79.8,7.09,44,23,40,53,125,6,178,121,44,14,0,9,0,0,62,108,50,84,1648,24,10,1,2026-06-03T18:45:00+00:00,2026-06-07T16:02:52Z
861,Rayan Aït-Nouri,490,Algeria,J,15,DF,official,28,0,Manchester City,England,25,2001-06-06,Algeria,179,,L,39000000,2030-06-30,4908800,available,81,Can Polish Skills,Not Specifically,,,,,,12,Manchester City,1,Premier League,337,42,1620,0,4,0.83,2.44,15,4,25,1067,92.4,6.91,49,28,22,25,86,3,127,99,16,14,0,6,3,0,42,78,33,30,1514,27,17,0,2026-06-03T18:45:00+00:00,2026-06-07T16:02:52Z
2616,Rafik Belghali,490,Algeria,J,17,DF,official,12,1,Hellas Verona,Italy,24,2002-06-07,Algeria,177,,R,7200000,2029-06-30,,available,,,,,,,,,76,Hellas Verona,4,Serie A,358,28,1927,2,0,2.15,3.1,21,6,28,493,76.9,6.7,22,14,18,23,86,9,79,104,9,25,0,5,2,0,38,70,59,39,968,20,10,0,2026-06-03T18:45:00+00:00,2026-06-07T16:02:52Z
2169,Ramy Bensebaini,490,Algeria,J,21,DF,official,81,7,Borussia Dortmund,Germany,31,1995-04-16,Algeria,186,,L,7400000,2027-06-30,,injured,,,,,,,,,92,Borussia Dortmund,7,Champions League,268,37,2405,7,3,4.79,2.22,21,9,12,1829,86.9,7.25,57,31,28,120,120,6,152,105,54,40,0,0,6,1,8,11,28,182,2321,46,17,0,2026-06-03T18:45:00+00:00,2026-06-07T16:02:52Z
3823,Samir Sophian Chergui,490,Algeria,J,26,DF,official,4,0,Paris FC,France,27,1999-02-06,Algeria,185,,R,2800000,,368160,available,75,Almost Reached,Unlikely,,,,,,108,Paris FC,6,Ligue 1,317,18,1155,1,0,1.74,0.35,13,4,2,561,90.0,6.48,18,10,11,32,43,6,45,39,20,21,0,2,0,0,3,5,6,26,753,14,4,0,2026-06-03T18:45:00+00:00,2026-06-07T16:02:52Z
8116,Riyad Mahrez,490,Algeria,J,7,FW,official,114,38,Al-Ahli,Saudi Arabia,35,1991-02-21,Algeria,179,,L,7200000,2027-06-30,16137680,available,86,Unlikely to Improve,Unlikely,,,,,,258,Al-Ahli,17,Saudi Pro League,339,27,2311,4,8,3.48,3.47,38,10,79,871,85.2,7.49,27,12,6,9,96,14,83,86,7,8,0,4,1,0,26,46,143,82,1353,11,19,4,2026-06-03T18:45:00+00:00,2026-06-07T16:02:52Z
4540,Amine Gouiri,490,Algeria,J,9,FW,official,22,8,Olympique de Marseille,France,26,2000-02-16,Algeria,180,,R,30000000,2029-06-30,3313440,available,82,Almost Reached,Unlikely,,,,,,98,Olympique de Marseille,6,Ligue 1,317,29,1636,11,5,8.13,3.1,48,23,37,501,83.4,6.96,16,10,3,4,52,11,62,111,10,12,0,4,2,0,20,58,43,14,806,22,13,1,2026-06-03T18:45:00+00:00,2026-06-07T16:02:52Z
3368,Anis Hadj Moussa,490,Algeria,J,11,FW,official,14,1,Feyenoord,Netherlands,24,2002-02-11,Algeria,176,,L,24000000,2030-06-30,368160,available,76,Almost Reached,Unlikely,,,,,,138,Feyenoord,8,Europa League,280,40,3034,12,7,6.84,12.27,83,36,90,949,73.7,7.41,25,14,11,15,138,28,158,210,7,27,0,3,5,0,82,180,257,76,1821,20,10,1,2026-06-03T18:45:00+00:00,2026-06-07T16:02:52Z
16901,Ahmed Nadhir Benbouali,490,Algeria,J,12,FW,official,3,1,ETO FC Győr,Hungary,26,2000-04-17,Algeria,190,,L,980000,2027-06-30,,available,,,,,,,,,1553,ETO FC Győr,31,International Friendly Games,133,3,38,0,0,,,,,,,,6.5,,,,,,,,,,,,,,,,,,,,,3,0,2026-06-03T18:45:00+00:00,2026-06-07T16:02:52Z
1376,Mohamed Amoura,490,Algeria,J,18,FW,official,45,19,VfL Wolfsburg,Germany,26,2000-05-09,Algeria,169,,R,29000000,2029-06-30,2024880,available,77,Almost Reached,Not Specifically,,,,,,82,VfL Wolfsburg,5,Bundesliga,228,33,2066,8,3,8.72,2.43,62,19,29,530,70.2,6.74,44,24,7,22,63,11,102,154,26,49,0,3,1,0,18,52,36,32,955,25,20,10,2026-06-03T18:45:00+00:00,2026-06-07T16:02:52Z
15396,Adil Boulbina,490,Algeria,J,20,FW,official,11,6,Al Duhail,,23,2003-05-02,Algeria,179,,R,3100000,2030-06-30,1779440,available,72,Can Polish Skills,Very Unlikely,,,,,,2314,Al Duhail,30,Africa Cup of Nations 2023,211,5,50,1,0,,,,,,,,7.03,,,,,,,,,,,,,,,,,,,,,8,1,2026-06-03T18:45:00+00:00,2026-06-07T16:02:52Z
16902,Farès Ghedjemis,490,Algeria,J,25,FW,official,1,1,Frosinone,Italy,23,2002-09-06,Algeria,183,,L,5000000,2028-06-30,306800,available,70,Can Polish Skills,Not Specifically,,,,,,1277,Frosinone,31,International Friendly Games,133,1,75,0,0,0.04,,1,0,0,16,75.0,6.6,1,1,0,0,5,0,1,3,0,0,0,0,0,0,0,2,0,1,26,0,3,0,2026-06-03T18:45:00+00:00,2026-06-07T16:02:52Z
16899,Melvin Mastil,490,Algeria,J,1,GK,official,1,0,Stade Nyonnais,,26,2000-02-19,Algeria,196,,R,260000,2026-06-30,,available,,,,,,,,,2316,Stade Nyonnais,31,International Friendly Games,133,3,0,0,0,,,,,,,,,,,,,,,,,,,,,,,,,,,,,3,0,2026-06-03T18:45:00+00:00,2026-06-07T16:02:52Z
15398,Oussama Benbot,490,Algeria,J,16,GK,official,2,0,USM Alger,,31,1994-10-11,Algeria,190,,L,790000,2027-06-30,,available,,,,,,,,,2315,USM Alger,30,Africa Cup of Nations 2023,211,5,0,0,0,,,,,,,,,,,,,,,,,,,,,,,,,,,,,16,0,2026-06-03T18:45:00+00:00,2026-06-07T16:02:52Z
15394,Luca Zidane,490,Algeria,J,23,GK,official,7,0,Granada,Spain,28,1998-05-13,Algeria,182,,R,910000,2027-06-30,1288560,doubtful,74,Almost Reached,Somewhat,,,,,,1261,Granada,30,Africa Cup of Nations 2023,211,62,3776,0,0,0.73,,0,0,6,1749,76.7,6.99,1,1,0,42,376,0,11,2,7,0,121,82,0,0,1,1,0,759,2133,2,10,0,2026-06-03T18:45:00+00:00,2026-06-07T16:02:52Z
5260,Ramiz Zerrouki,490,Algeria,J,6,MF,official,52,3,FC Twente,Netherlands,28,1998-05-26,Algeria,183,,R,6000000,2026-06-30,368160,available,76,Almost Reached,Unlikely,,,,,,178,FC Twente,10,Eredivisie,279,32,2244,2,0,1.38,2.67,28,5,37,1390,82.9,7.18,53,30,31,59,129,10,124,107,39,29,0,8,0,1,13,19,76,181,1793,35,17,1,2026-06-03T18:45:00+00:00,2026-06-07T16:02:52Z
8230,Houssem Aouar,490,Algeria,J,8,MF,official,20,6,Al-Ittihad,Saudi Arabia,27,1998-06-30,Algeria,175,,R,7300000,2028-06-30,6258720,available,81,Almost Reached,Not Specifically,,,,,,271,Al-Ittihad,17,Saudi Pro League,339,23,1909,8,3,6.37,1.16,48,18,18,922,85.6,7.05,24,16,8,13,71,14,100,115,13,14,0,5,1,0,30,62,21,53,1262,23,12,1,2026-06-03T18:45:00+00:00,2026-06-07T16:02:52Z
1351,Farès Chaïbi,490,Algeria,J,10,MF,official,29,3,Eintracht Frankfurt,Germany,23,2002-11-28,Algeria,183,,R,14500000,2028-06-30,1840800,available,75,Can Polish Skills,Not Specifically,,,,,,87,Eintracht Frankfurt,7,Champions League,268,40,2505,3,9,4.93,4.02,51,15,49,1133,79.2,6.75,44,25,19,41,116,22,116,109,32,31,0,8,2,0,15,30,121,79,1665,20,19,2,2026-06-03T18:45:00+00:00,2026-06-07T16:02:52Z
1504,Hicham Boudaoui,490,Algeria,J,14,MF,official,32,0,Nice,France,26,1999-09-23,Algeria,176,,R,11300000,2027-06-30,,injured,,,,48,54,56,56,58,103,Nice,6,Ligue 1,317,34,2080,1,2,1.83,2.09,29,9,22,885,84.0,6.79,36,23,22,28,115,9,120,99,17,18,0,7,2,0,22,41,21,70,1252,22,18,0,2026-03-31T18:30:00+00:00,2026-06-07T16:02:52Z
1460,Nabil Bentaleb,490,Algeria,J,19,MF,official,59,6,Lille,France,31,1994-11-24,Algeria,187,,L,4900000,2026-06-30,1043120,available,77,Unlikely to Improve,Not Specifically,,,,,,106,Lille,6,Ligue 1,317,40,2015,2,2,1.62,3.5,26,8,19,1562,86.9,7.03,29,17,26,50,133,7,88,73,23,20,0,2,2,0,7,12,38,163,1868,19,12,0,2026-06-03T18:45:00+00:00,2026-06-07T16:02:52Z
2140,Ibrahim Maza,490,Algeria,J,22,MF,official,16,2,Bayer 04 Leverkusen,Germany,20,2005-11-24,Algeria,181,,R,37000000,2030-06-30,2024880,available,76,Can Still Improve,Unlikely,,,,,,85,Bayer 04 Leverkusen,7,Champions League,268,46,2949,5,6,7.53,6.77,81,24,45,1308,82.6,7.09,63,36,26,28,140,24,205,200,18,29,0,6,1,0,70,130,91,62,2051,37,13,2,2026-06-03T18:45:00+00:00,2026-06-07T16:02:52Z
7650,Yassine Titraoui,490,Algeria,J,24,MF,official,5,0,RC Sporting Charleroi,Belgium,22,2003-07-26,Algeria,170,,B,7200000,2027-06-30,,available,,,,,,,,,243,RC Sporting Charleroi,14,Pro League,338,35,2904,5,1,2.58,3.77,53,20,31,1596,84.8,7.23,58,35,42,42,193,12,143,124,20,26,0,2,3,0,27,46,41,213,2105,22,3,0,2026-06-03T18:45:00+00:00,2026-06-07T16:02:52Z
1934,Leonardo Balerdi,489,Argentina,J,2,DF,official,11,0,Olympique de Marseille,France,27,1999-01-26,Argentina,188,,R,16399999,2028-06-30,,available,,,,68,36,78,50,44,98,Olympique de Marseille,6,Ligue 1,317,38,2763,1,1,3.35,0.44,24,6,6,2108,92.1,6.89,68,40,47,135,167,3,156,128,52,49,0,5,3,0,13,19,5,179,2560,36,0,0,,2026-06-07T16:02:52Z
1107,Nicolás Tagliafico,489,Argentina,J,3,DF,official,75,1,Olympique Lyonnais,France,33,1992-08-31,Argentina,172,,L,4800000,2027-06-30,,available,,,,,,,,,100,Olympique Lyonnais,6,Ligue 1,317,37,2028,0,3,2.39,1.31,22,1,16,1115,85.7,6.73,52,29,32,55,99,5,138,107,34,32,0,10,6,2,4,10,31,62,1606,48,23,1,2026-06-07T00:00:00+00:00,2026-06-07T16:02:52Z
23014,Gonzalo Montiel,489,Argentina,J,4,DF,official,38,2,River Plate,Argentina,29,1997-01-01,Argentina,175,,R,4800000,2028-12-31,,injured,,,,39,40,59,39,49,755,River Plate,33,Copa Sudamericana,114,3,135,0,0,,0.01,0,0,0,46,78.3,6.75,1,1,0,5,2,0,5,2,2,2,0,0,0,0,1,1,1,3,80,0,0,0,,2026-06-07T16:02:52Z
1800,Lisandro Martínez,489,Argentina,J,6,DF,official,26,1,Manchester United,England,28,1998-01-18,Argentina,175,,L,42000000,2027-06-30,,available,,,,,,,,,17,Manchester United,1,Premier League,337,20,1316,0,0,0.28,0.62,7,1,6,989,89.6,7.11,21,11,12,63,71,4,50,29,11,10,0,2,0,1,15,18,4,102,1174,10,11,1,2026-06-07T00:00:00+00:00,2026-06-07T16:02:52Z
720,Cristian Romero,489,Argentina,J,13,DF,official,49,3,Tottenham Hotspur,England,28,1998-04-27,Argentina,185,,R,46000000,2029-06-30,,injured,,,,,,,,,9,Tottenham Hotspur,1,Premier League,337,31,2566,5,3,1.73,2.67,24,8,21,1547,88.7,7.14,70,37,40,125,125,4,187,98,86,37,0,0,7,2,9,11,1,126,1961,42,24,0,2026-06-07T00:00:00+00:00,2026-06-07T16:02:52Z
2054,Nicolás Otamendi,489,Argentina,J,19,DF,official,130,8,Benfica,Portugal,38,1988-02-12,Argentina,183,,R,1100000,2026-06-30,,available,,,,,,,,,37,Benfica,2,Liga Portugal Betclic,305,45,3865,2,0,2.27,1.34,37,11,15,2684,90.0,7.29,62,43,63,212,146,10,283,118,162,54,0,4,3,1,11,14,9,299,3297,39,26,4,2026-06-07T00:00:00+00:00,2026-06-07T16:02:52Z
4603,Facundo Medina,489,Argentina,J,25,DF,official,7,0,Olympique de Marseille,France,27,1999-05-28,Argentina,184,,L,16300000,2026-06-30,,available,,,,,,,,,98,Olympique de Marseille,6,Ligue 1,317,28,1935,0,1,0.36,0.89,6,1,10,1516,91.8,6.8,28,22,29,74,99,1,64,59,14,16,0,5,7,0,4,7,18,99,1860,29,9,0,2026-06-07T00:00:00+00:00,2026-06-07T16:02:52Z
761,Nahuel Molina,489,Argentina,J,26,DF,official,58,1,Atlético Madrid,Spain,28,1998-04-06,Argentina,175,,R,14600000,2027-06-30,,injured,,,,43,51,57,53,62,54,Atlético Madrid,3,La Liga,294,56,2407,2,4,0.78,1.7,21,6,27,1296,80.9,6.73,64,40,22,55,133,5,102,105,8,23,0,5,3,0,25,42,64,126,1893,21,0,0,,2026-06-07T16:02:52Z
3622,Agustín Giay,489,Argentina,J,,DF,preliminary,1,0,Palmeiras,Brazil,22,2004-01-16,Argentina,180,,R,10300000,2030-12-31,552240,available,76,Can Polish Skills,Unlikely,,,,,,162,Palmeiras,32,Copa Libertadores,96,61,3484,0,0,0.63,1.93,19,3,32,1625,83.1,6.88,98,64,25,74,156,6,208,171,37,24,0,7,4,0,18,46,72,168,2528,64,3,0,2026-06-07T00:00:00+00:00,2026-06-07T16:02:52Z
16870,Gabriel Rojas,489,Argentina,J,,DF,preliminary,1,0,Racing Club,Argentina,28,1997-06-22,Argentina,178,,L,3600000,2028-12-31,,available,,,,43,46,54,52,56,733,Racing Club,33,Copa Sudamericana,114,3,249,0,1,0.79,0.73,1,1,9,107,82.2,6.9,3,2,2,3,15,0,12,3,3,1,0,5,0,0,3,5,40,15,207,0,0,0,,2026-06-07T16:02:52Z
23012,Germán Pezzella,489,Argentina,J,,DF,preliminary,42,3,River Plate,Argentina,34,1991-06-27,Argentina,187,,R,475000,2027-12-31,,available,,,,,,,,,755,River Plate,33,Copa Sudamericana,114,6,345,0,0,0.03,0.11,1,0,1,166,82.5,7.05,11,10,3,35,12,0,28,9,14,4,0,2,2,0,0,0,1,22,233,4,0,0,,2026-06-07T16:02:52Z
3745,Kevin Mac Allister,489,Argentina,J,,DF,preliminary,1,0,Royale Union Saint-Gilloise,Belgium,28,1997-11-07,Argentina,175,,R,10300000,2027-06-30,,available,,,,62,41,79,46,42,116,Royale Union Saint-Gilloise,14,Pro League,338,43,3627,2,1,4.67,2.68,26,6,17,1886,83.8,7.04,142,93,61,176,145,4,286,182,93,58,0,9,6,1,8,17,13,211,2829,61,0,0,,2026-06-07T16:02:52Z
22023,Lautaro Di Lollo,489,Argentina,J,,DF,preliminary,0,0,Boca Juniors,Argentina,21,2004-10-03,Argentina,189,,R,6200000,2029-12-31,184080,available,74,Can Polish Skills,Unlikely,63,35,84,44,32,780,Boca Juniors,32,Copa Libertadores,96,6,540,1,0,0.12,0.06,3,1,2,306,86.6,7.3,12,8,1,34,17,0,35,15,22,8,0,4,1,0,0,0,0,42,382,6,0,0,,2026-06-07T16:02:52Z
16871,Lucas Martínez Quarta,489,Argentina,J,,DF,preliminary,16,0,River Plate,Argentina,30,1996-05-10,Argentina,183,,R,4099999,2028-12-31,,available,,,,78,42,81,52,50,755,River Plate,33,Copa Sudamericana,114,4,185,1,2,0.21,0.23,4,3,2,107,87.9,6.3,4,2,3,8,7,0,11,9,5,3,0,1,1,1,2,4,0,16,132,2,0,0,,2026-06-07T16:02:52Z
16869,Marcos Acuña,489,Argentina,J,,DF,preliminary,62,0,River Plate,Argentina,34,1991-10-28,Argentina,172,,L,905000,2027-12-31,,available,,,,57,51,63,56,64,755,River Plate,33,Copa Sudamericana,114,2,104,0,0,0.08,0.1,2,1,1,64,79.7,6.8,3,3,1,0,5,1,6,8,1,2,0,0,0,0,2,4,6,9,105,1,0,0,,2026-06-07T16:02:52Z
2370,Marcos Senesi,489,Argentina,J,,DF,preliminary,3,0,Bournemouth,England,29,1997-05-10,Argentina,184,,L,20000000,2026-06-30,,available,,,,61,38,70,50,46,2,Bournemouth,1,Premier League,337,39,3365,0,5,2.44,5.03,17,5,24,2336,77.4,7.23,64,36,54,257,154,4,200,180,92,99,0,2,3,0,6,12,28,483,3027,34,0,0,,2026-06-07T16:02:52Z
1590,Nicolás Capaldo,489,Argentina,J,,DF,preliminary,0,0,Hamburger SV,Germany,27,1998-09-14,Argentina,178,,R,5300000,2028-06-30,,available,,,,,,,,,96,Hamburger SV,5,Bundesliga,228,28,2129,1,3,1.93,2.16,22,6,23,812,77.8,6.77,70,47,38,65,96,7,169,128,40,34,0,6,6,0,11,27,21,80,1249,33,1,0,2026-06-07T00:00:00+00:00,2026-06-07T16:02:52Z
3548,Zaid Romero,489,Argentina,J,,DF,preliminary,0,0,Getafe,Spain,26,1999-12-15,Argentina,192,,L,2400000,2026-06-30,,available,,,,63,40,68,52,37,50,Getafe,3,La Liga,294,15,1350,1,0,0.82,0.13,10,2,2,428,68.7,6.96,32,23,28,90,80,3,86,55,27,27,0,2,5,1,15,22,4,117,696,11,0,0,,2026-06-07T16:02:52Z
770,Julián Alvarez,489,Argentina,J,9,FW,official,51,14,Atlético Madrid,Spain,26,2000-01-31,Argentina,170,,R,87000000,2030-06-30,,injured,,,,63,80,39,67,62,54,Atlético Madrid,3,La Liga,294,53,3457,20,9,18.19,8.84,114,56,84,1238,82.7,7.15,36,21,8,12,103,21,135,217,12,43,0,4,0,0,57,113,158,67,1996,37,0,0,,2026-06-07T16:02:52Z
9063,Lionel Messi,489,Argentina,J,10,FW,official,198,116,Inter Miami CF,USA,38,1987-06-24,Argentina,169,,L,16300000,2028-12-31,,doubtful,,,,,,,,,293,Inter Miami CF,18,MLS,159,49,4203,48,30,35.37,24.47,260,115,146,2188,81.4,8.6,32,18,7,2,101,82,251,261,7,10,0,14,2,0,136,268,109,171,3233,26,21,10,2026-06-07T00:00:00+00:00,2026-06-07T16:02:52Z
773,Thiago Almada,489,Argentina,J,16,FW,official,14,4,Atlético Madrid,Spain,25,2001-04-26,Argentina,171,,R,21000000,2030-06-30,,injured,,,,,,,,,54,Atlético Madrid,3,La Liga,294,51,1688,4,2,5.38,2.79,30,13,39,949,87.6,6.81,38,23,10,9,113,7,90,120,7,17,0,4,4,1,24,51,55,58,1302,22,12,3,2026-06-07T00:00:00+00:00,2026-06-07T16:02:52Z
767,Giuliano Simeone,489,Argentina,J,17,FW,official,11,1,Atlético Madrid,Spain,23,2002-12-18,Argentina,173,,R,44000000,2030-06-30,,available,,,,,,,,,54,Atlético Madrid,3,La Liga,294,55,3712,7,7,7.74,7.25,63,21,51,1537,82.2,6.8,80,49,34,32,170,14,238,255,41,53,0,9,4,0,51,113,71,28,2331,41,11,2,2026-06-07T00:00:00+00:00,2026-06-07T16:02:52Z
2829,Nico Paz,489,Argentina,J,18,FW,official,8,1,Como,Italy,21,2004-09-09,Argentina,185,,L,70000000,2028-06-30,920400,injured,83,Can Still Improve,Unlikely,47,76,33,75,79,69,Como,4,Serie A,358,42,3290,13,7,9.24,4.25,135,56,57,1615,83.5,7.3,97,58,31,14,163,37,248,232,32,25,0,1,4,0,74,137,67,72,2411,58,0,0,,2026-06-07T16:02:52Z
34,José Manuel López,489,Argentina,J,21,FW,official,3,0,Palmeiras,Brazil,25,2000-12-06,Argentina,188,,L,26000000,2029-12-31,1043120,available,77,Almost Reached,Unlikely,,,,,,162,Palmeiras,32,Copa Libertadores,96,60,3851,20,9,18.2,5.17,144,58,60,848,62.6,7.11,48,32,14,43,128,25,355,408,144,147,0,7,2,0,64,155,38,68,1740,90,4,0,2026-06-07T00:00:00+00:00,2026-06-07T16:02:52Z
1687,Lautaro Martínez,489,Argentina,J,22,FW,official,75,36,Inter,Italy,28,1997-08-22,Argentina,175,,R,80000000,2029-06-30,,available,,,,,,,,,77,Inter,4,Serie A,358,45,2754,22,6,18.35,4.11,119,50,47,761,77.7,7.08,35,18,12,19,73,32,150,182,34,38,0,6,3,0,24,53,22,34,1317,56,23,10,2026-06-07T00:00:00+00:00,2026-06-07T16:02:52Z
396,Alejandro Garnacho,489,Argentina,J,,FW,preliminary,8,0,Chelsea,England,21,2004-07-01,Argentina,180,,R,37000000,2032-06-30,5522400,available,79,Can Polish Skills,Very Unlikely,31,63,24,55,63,13,Chelsea,1,Premier League,337,53,2174,8,4,7.89,4.05,76,28,40,786,86.4,6.94,31,20,8,13,76,21,112,109,8,23,0,4,3,0,33,71,87,21,1281,11,0,0,,2026-06-07T16:02:52Z
2147,Claudio Echeverri,489,Argentina,J,,FW,preliminary,0,0,Girona FC,Spain,20,2006-01-02,Argentina,171,,R,14300000,2026-06-30,2454400,available,74,Can Still Improve,Unlikely,39,61,36,60,64,39,Girona FC,3,La Liga,294,18,618,1,1,2.07,0.68,21,7,8,226,86.3,6.72,6,5,1,4,20,7,37,33,2,3,0,7,4,0,15,24,15,12,371,8,0,0,,2026-06-07T16:02:52Z
604,Franco Mastantuono,489,Argentina,J,,FW,preliminary,4,0,Real Madrid,Spain,18,2007-08-14,Argentina,177,,L,44000000,2031-06-30,6381440,available,76,Can Still Improve,Not Specifically,43,63,34,65,64,57,Real Madrid,3,La Liga,294,47,1491,3,0,5.18,2.83,45,13,22,657,88.9,6.66,25,15,4,5,57,9,106,148,9,20,0,4,2,1,33,81,36,24,1062,29,0,0,,2026-06-07T16:02:52Z
2062,Gianluca Prestianni,489,Argentina,J,,FW,preliminary,1,0,Benfica,Portugal,20,2006-01-31,Argentina,165,,R,11600000,2029-06-30,1227200,available,75,Can Polish Skills,Unlikely,38,58,37,59,55,37,Benfica,2,Liga Portugal Betclic,305,42,1887,3,5,3.91,4.9,58,18,50,691,78.9,6.94,28,18,10,4,103,15,141,153,12,19,0,6,6,1,56,113,84,30,1245,23,0,0,,2026-06-07T16:02:52Z
2546,Mateo Pellegrino,489,Argentina,J,,FW,preliminary,0,0,Parma,Italy,25,2001-03-01,Argentina,192,,L,14600000,2030-06-30,,available,,,,46,60,36,46,36,74,Parma,4,Serie A,358,40,3160,12,1,9.35,1.09,84,30,22,502,62.9,6.83,17,12,4,43,90,21,248,319,128,142,0,6,2,0,29,51,13,29,1083,89,0,0,,2026-06-07T16:02:52Z
1066,Matías Soulé,489,Argentina,J,,FW,preliminary,0,0,AS Roma,Italy,23,2003-04-15,Argentina,182,,L,36000000,2029-06-30,,available,,,,46,76,19,75,78,65,AS Roma,4,Serie A,358,42,2783,7,7,6.61,5.34,75,27,60,1308,84.8,7.03,24,19,11,13,167,19,135,199,13,29,0,2,2,0,44,119,90,79,1987,9,0,0,,2026-06-07T16:02:52Z
956,Santiago Castro,489,Argentina,J,,FW,preliminary,0,0,Bologna,Italy,21,2004-09-18,Argentina,178,,R,32000000,2030-06-30,,available,,,,42,61,31,47,40,66,Bologna,4,Serie A,358,53,3290,11,3,10.16,1.23,94,32,40,532,77.6,6.77,15,9,1,35,70,22,180,231,73,88,0,7,3,0,25,49,7,50,1074,53,0,0,,2026-06-07T16:02:52Z
22017,Tomás Aranda,489,Argentina,J,,FW,preliminary,0,0,Boca Juniors,Argentina,19,2007-05-09,Argentina,164,,R,840000,2029-12-31,5645,available,72,Can Polish Skills,Not Specifically,,,,,,780,Boca Juniors,32,Copa Libertadores,96,6,477,0,0,0.9,0.6,12,4,7,229,84.7,6.85,4,4,4,2,32,1,34,35,5,8,0,4,1,0,15,24,7,11,340,3,1,0,2026-06-07T00:00:00+00:00,2026-06-07T16:02:52Z
777,Juan Musso,489,Argentina,J,1,GK,official,3,0,Atlético Madrid,Spain,32,1994-05-06,Argentina,191,,R,3200000,2028-06-30,,available,,,,,,,,,54,Atlético Madrid,3,La Liga,294,57,1650,0,0,,0.01,0,0,0,496,69.8,7.42,0,0,0,17,165,0,8,3,6,1,76,77,2,0,0,0,0,231,724,3,8,0,2026-06-07T00:00:00+00:00,2026-06-07T16:02:52Z
1922,Gerónimo Rulli,489,Argentina,J,12,GK,official,7,0,Olympique de Marseille,France,34,1992-05-20,Argentina,189,,R,7700000,2027-06-30,,available,,,,,,,,,98,Olympique de Marseille,6,Ligue 1,317,45,3420,0,0,0.04,0.03,1,0,1,1219,78.8,7.11,3,0,0,39,348,0,31,5,17,1,116,58,1,0,1,1,0,405,1651,2,21,0,2026-06-07T00:00:00+00:00,2026-06-07T16:02:52Z
1629,Emiliano Martínez,489,Argentina,J,23,GK,official,59,0,Aston Villa,England,33,1992-09-02,Argentina,195,,R,14400000,2029-06-30,,doubtful,,,,81,,,,,3,Aston Villa,1,Premier League,337,44,3871,0,1,,0.15,0,0,3,1654,74.5,7.0,0,0,0,31,376,0,33,1,19,1,125,49,2,0,0,0,0,660,2093,0,0,0,,2026-06-07T16:02:52Z
22726,Facundo Cambeses,489,Argentina,J,,GK,preliminary,1,0,Racing Club,Argentina,29,1997-04-09,Argentina,185,,R,5200000,2027-12-31,,available,,,,68,,,,,733,Racing Club,33,Copa Sudamericana,114,5,450,0,0,,0.02,0,0,0,136,72.1,6.84,0,0,0,4,22,0,0,1,0,0,10,7,0,1,0,0,0,70,163,1,0,0,,2026-06-07T16:02:52Z
23005,Santiago Beltrán,489,Argentina,J,,GK,preliminary,0,0,River Plate,Argentina,21,2004-10-04,Argentina,189,,R,1600000,2027-12-31,,available,,,,,,,,,755,River Plate,33,Copa Sudamericana,114,5,446,0,0,,0.0,0,0,0,88,44.3,6.8,0,0,1,2,33,0,0,1,0,0,9,2,0,1,0,0,0,58,124,1,1,0,2026-06-07T00:00:00+00:00,2026-06-07T16:02:52Z
438,Walter Benítez,489,Argentina,J,,GK,preliminary,1,0,Crystal Palace,England,33,1993-01-19,Argentina,193,,R,4600000,2028-06-30,,available,,,,58,,,,,14,Crystal Palace,1,Premier League,337,40,450,0,0,,0.0,0,0,0,119,68.9,7.46,0,0,0,6,42,0,1,0,1,0,15,53,0,0,0,0,0,48,167,0,0,0,,2026-06-07T16:02:52Z
16872,Leandro Paredes,489,Argentina,J,5,MF,official,77,5,Boca Juniors,Argentina,31,1994-06-29,Argentina,180,,R,5300000,2028-12-31,,available,,,,65,56,56,60,63,780,Boca Juniors,32,Copa Libertadores,96,6,536,1,1,0.26,2.29,9,3,14,429,86.2,8.28,5,3,9,8,37,4,32,12,6,2,0,4,2,0,1,2,42,61,548,2,0,0,,2026-06-07T16:02:52Z
9057,Rodrigo De Paul,489,Argentina,J,7,MF,official,85,2,Inter Miami CF,USA,32,1994-05-24,Argentina,180,,R,15500000,2029-12-31,,available,,,,,,,,,293,Inter Miami CF,18,MLS,159,30,2598,5,8,3.84,7.39,39,12,54,2110,87.4,7.32,24,17,22,12,182,11,112,103,2,5,0,14,4,0,24,45,82,175,2582,35,27,0,2026-06-07T00:00:00+00:00,2026-06-07T16:02:52Z
3896,Valentín Barco,489,Argentina,J,8,MF,official,2,1,RC Strasbourg,France,21,2004-07-23,Argentina,172,,L,38000000,2029-06-30,1349920,available,78,Can Still Improve,Unlikely,,,,,,112,RC Strasbourg,6,Ligue 1,317,31,2514,2,9,3.6,6.44,33,13,57,1824,85.8,7.27,62,39,18,12,149,9,179,127,10,10,0,5,3,0,34,74,134,135,2431,31,5,1,2026-06-07T00:00:00+00:00,2026-06-07T16:02:52Z
3850,Giovani Lo Celso,489,Argentina,J,11,MF,official,65,4,Real Betis,Spain,30,1996-04-09,Argentina,177,,L,9700000,2028-06-30,,available,,,,,,,,,56,Real Betis,3,La Liga,294,35,1775,3,3,2.48,2.69,33,14,39,1079,88.4,7.0,27,20,8,8,91,10,110,89,12,9,0,7,1,0,18,45,73,61,1443,12,18,0,2026-06-07T00:00:00+00:00,2026-06-07T16:02:52Z
4750,Exequiel Palacios,489,Argentina,J,14,MF,official,38,0,Bayer 04 Leverkusen,Germany,27,1998-10-05,Argentina,177,,R,26000000,2030-06-30,,available,,,,,,,,,85,Bayer 04 Leverkusen,7,Champions League,268,26,1580,0,1,0.6,2.13,11,2,16,1641,91.3,7.14,43,26,20,25,136,4,85,54,6,7,0,6,5,0,7,16,4,56,1905,12,24,0,2026-06-07T00:00:00+00:00,2026-06-07T16:02:52Z
768,Nicolás González,489,Argentina,J,15,MF,official,50,6,Atlético Madrid,Spain,28,1998-04-06,Argentina,180,,L,25000000,2026-06-30,,injured,,,,,,,,,54,Atlético Madrid,3,La Liga,294,40,1926,5,0,5.67,2.25,51,23,17,710,76.5,6.78,35,23,17,34,87,7,155,140,62,39,0,2,2,1,27,53,44,48,1174,35,21,2,2026-06-07T00:00:00+00:00,2026-06-07T16:02:52Z
328,Alexis Mac Allister,489,Argentina,J,20,MF,official,44,6,Liverpool FC,England,27,1998-12-24,Argentina,176,,R,88000000,2028-06-30,,available,,,,,,,,,1,Liverpool FC,1,Premier League,337,54,3878,5,7,7.37,2.93,79,22,53,2118,87.1,6.81,85,42,29,44,167,29,179,204,25,27,0,10,8,0,20,44,28,130,2747,53,25,2,2026-06-07T00:00:00+00:00,2026-06-07T16:02:52Z
387,Enzo Fernández,489,Argentina,J,24,MF,official,40,6,Chelsea,England,25,2001-01-17,Argentina,177,,R,87000000,2032-06-30,,available,,,,,,,,,13,Chelsea,1,Premier League,337,55,4379,15,7,16.38,9.73,102,43,99,2825,85.8,7.16,77,34,23,34,200,27,206,246,34,37,0,8,11,0,20,64,126,221,3631,57,24,3,2026-06-07T00:00:00+00:00,2026-06-07T16:02:52Z
3448,Alan Varela,489,Argentina,J,,MF,preliminary,0,0,FC Porto,Portugal,24,2001-07-04,Argentina,177,,R,35000000,2030-06-30,,available,,,,69,49,69,52,52,35,FC Porto,2,Liga Portugal Betclic,305,43,2687,2,0,3.1,3.4,29,12,22,1473,87.0,6.96,39,17,35,43,144,5,109,90,23,18,0,3,7,0,15,20,25,95,1805,34,0,0,,2026-06-07T16:02:52Z
3623,Aníbal Moreno,489,Argentina,J,,MF,preliminary,1,0,River Plate,Argentina,27,1999-05-13,Argentina,177,,R,8300000,2027-12-31,,injured,,,,61,50,66,55,51,755,River Plate,33,Copa Sudamericana,114,3,251,0,0,0.02,0.08,1,0,5,158,82.9,7.2,11,7,2,2,21,0,15,9,1,3,0,0,0,0,1,1,0,13,193,3,0,0,,2026-06-07T16:02:52Z
517,Emiliano Buendía,489,Argentina,J,,MF,preliminary,2,0,Aston Villa,England,29,1996-12-25,Argentina,170,,R,16500000,2027-06-30,4908800,available,81,Can Polish Skills,Not Specifically,38,66,23,58,68,3,Aston Villa,1,Premier League,337,55,2909,11,9,7.98,5.16,73,23,55,1094,80.7,6.93,82,51,20,29,156,16,196,236,33,49,0,9,7,0,14,50,33,58,1726,62,0,0,,2026-06-07T16:02:52Z
4345,Ezequiel Fernández,489,Argentina,J,,MF,preliminary,0,0,Bayer 04 Leverkusen,Germany,23,2002-07-25,Argentina,178,,L,23000000,2030-06-30,,available,,,,49,47,53,55,53,85,Bayer 04 Leverkusen,7,Champions League,268,36,1476,0,1,0.7,1.7,12,1,14,1265,90.1,6.77,41,23,17,20,97,4,97,90,15,20,0,6,1,0,10,19,7,73,1539,20,0,0,,2026-06-07T16:02:52Z
1652,Guido Rodríguez,489,Argentina,J,,MF,preliminary,30,1,Valencia,Spain,32,1994-04-12,Argentina,185,,R,5200000,2026-06-30,,available,,,,70,51,73,59,54,47,Valencia,3,La Liga,294,17,1309,4,0,1.1,0.84,15,5,7,709,86.9,7.23,42,27,10,39,80,2,98,83,18,18,0,8,3,0,10,19,3,59,956,21,0,0,,2026-06-07T16:02:52Z
2826,Máximo Perrone,489,Argentina,J,,MF,preliminary,2,0,Como,Italy,23,2003-01-07,Argentina,178,,L,29000000,2029-06-30,,available,,,,49,50,50,55,51,69,Como,4,Serie A,358,43,3072,3,4,3.01,2.88,18,9,37,2434,91.5,6.97,67,41,23,31,143,4,116,126,15,13,0,1,5,0,8,17,11,117,2775,45,0,0,,2026-06-07T16:02:52Z
22011,Milton Delgado,489,Argentina,J,,MF,preliminary,0,0,Boca Juniors,Argentina,20,2005-06-16,Argentina,166,,R,6600000,2029-12-31,245440,available,75,Can Still Improve,Not Specifically,52,45,60,47,47,780,Boca Juniors,32,Copa Libertadores,96,6,539,0,0,0.15,0.25,4,1,9,302,90.4,6.6,6,3,7,4,27,2,16,30,6,7,0,4,1,0,0,3,1,18,367,13,0,0,,2026-06-07T16:02:52Z
555,Nicolás Domínguez,489,Argentina,J,,MF,preliminary,11,1,Nottingham Forest,England,27,1998-06-28,Argentina,179,,R,14700000,2028-06-30,,available,,,,55,59,50,53,67,15,Nottingham Forest,1,Premier League,337,48,2227,2,1,3.75,1.96,42,11,29,1159,85.8,6.79,78,43,23,32,125,14,146,133,37,40,0,10,3,0,9,22,20,55,1528,34,0,0,,2026-06-07T16:02:52Z
26604,Miloš Degenek,459,Australia,D,2,DF,official,57,1,APOEL Nicosia,Cyprus,32,1994-04-28,Australia,187,,R,520000,2027-05-31,,available,,,,,,,,,1330,APOEL Nicosia,31,International Friendly Games,133,2,8,0,0,,,,,,,,6.7,,,,,,,,,,,,,,,,,,,,,8,0,2026-06-06T19:00:00+00:00,2026-06-07T16:02:52Z
4264,Alessandro Circati,459,Australia,D,3,DF,official,13,1,Parma,Italy,22,2003-10-10,Australia,190,,R,13000000,2029-06-30,920400,available,75,Can Polish Skills,Very Unlikely,,,,,,74,Parma,4,Serie A,358,34,2801,1,0,1.97,0.46,9,1,10,1565,87.8,6.92,45,28,25,150,95,4,145,86,77,46,0,6,6,0,4,6,5,164,1967,33,10,0,2026-06-06T19:00:00+00:00,2026-06-07T16:02:52Z
30894,Jacob Italiano,459,Australia,D,4,DF,official,5,0,Grazer AK 1902,Austria,24,2001-07-30,Australia,177,,B,430000,2027-06-30,,available,,,,,,,,,1409,Grazer AK 1902,31,International Friendly Games,133,2,112,0,0,,,,,,,,6.35,,,,,,,,,,,,,,,,,,,,,2,0,2026-06-06T19:00:00+00:00,2026-06-07T16:02:52Z
4396,Jordan Bos,459,Australia,D,5,DF,official,27,4,Feyenoord,Netherlands,23,2002-10-29,Australia,180,,L,7400000,2029-06-30,306800,available,78,Can Polish Skills,Not Specifically,,,,,,138,Feyenoord,8,Europa League,280,37,1957,2,8,1.73,3.58,35,13,30,908,85.1,6.97,67,48,22,57,101,14,157,126,43,24,0,3,0,0,33,66,73,44,1558,29,16,1,2026-06-06T19:00:00+00:00,2026-06-07T16:02:52Z
42887,Jason Geria,459,Australia,D,6,DF,official,14,0,Albirex Niigata,Japan,33,1993-05-10,Australia,183,,R,385000,2027-06-30,,available,,,,,,,,,1963,Albirex Niigata,31,International Friendly Games,133,2,45,0,0,,,,,,,,6.9,,,,,,,,,,,,,,,,,,,,,10,0,2026-06-06T19:00:00+00:00,2026-06-07T16:02:52Z
12181,Kai Trewin,459,Australia,D,15,DF,official,6,0,New York City FC,USA,25,2001-05-18,Australia,178,,R,915000,2029-06-30,,available,,,,,,,,,301,New York City FC,18,MLS,158,15,1268,0,0,0.34,0.51,8,3,8,934,88.4,6.97,25,18,16,46,45,3,52,39,16,10,0,6,3,0,3,6,1,79,1113,15,6,0,2026-06-06T19:00:00+00:00,2026-06-07T16:02:52Z
55294,Aziz Behich,459,Australia,D,16,DF,official,84,3,Melbourne City,,35,1990-12-16,Australia,170,,L,245000,2027-06-30,,available,,,,,,,,,2341,Melbourne City,31,International Friendly Games,133,2,81,0,0,,,,,,,,6.6,,,,,,,,,,,,,,,,,,,,,21,1,2026-06-06T19:00:00+00:00,2026-06-07T16:02:52Z
23925,Harry Souttar,459,Australia,D,19,DF,official,38,11,Leicester City,England,27,1998-10-22,Australia,198,,R,3600000,2028-06-30,2147600,available,75,Can Polish Skills,Very Unlikely,,,,,,221,Leicester City,12,Championship,243,5,178,1,0,0.6,0.01,2,2,0,107,81.3,8.15,1,1,2,21,4,0,17,4,14,3,0,0,0,0,2,2,0,10,143,1,19,3,2026-06-06T19:00:00+00:00,2026-06-07T16:02:52Z
6525,Cameron Burgess,459,Australia,D,21,DF,official,27,0,Swansea City,Wales,30,1995-10-21,Australia,194,,L,1500000,2028-06-30,1104480,available,77,Unlikely to Improve,Very Unlikely,,,,,,208,Swansea City,12,Championship,243,51,4351,2,0,3.1,0.74,27,6,11,3372,81.9,7.02,40,28,56,379,161,10,254,127,190,94,0,2,4,0,0,1,4,529,4110,17,23,0,2026-06-06T19:00:00+00:00,2026-06-07T16:02:52Z
12179,Lucas Herrington,459,Australia,D,25,DF,official,4,0,Colorado Rapids,USA,18,2007-07-05,Australia,186,,R,1600000,2029-12-31,,available,,,,,,,,,303,Colorado Rapids,18,MLS,158,15,1350,1,1,0.55,0.77,3,1,4,1235,94.0,7.15,23,12,12,87,56,1,71,33,40,10,0,9,4,0,1,1,2,68,1416,15,2,0,2026-06-06T19:00:00+00:00,2026-06-07T16:02:52Z
57496,Mathew Leckie,459,Australia,D,7,FW,official,80,14,Melbourne City,,35,1991-02-04,Australia,181,,B,280000,2026-06-30,920400,available,71,Almost Reached,Unlikely,,,,,,2341,Melbourne City,31,International Friendly Games,133,2,86,0,0,,,,,,,,6.6,,,,,,,,,,,,,,,,,,,,,4,0,2026-06-06T19:00:00+00:00,2026-06-07T16:02:52Z
8991,Mohamed Touré,459,Australia,D,9,FW,official,10,2,Norwich City,England,22,2004-03-26,Australia,186,,R,8400000,2030-06-30,,available,,,,,,,,,209,Norwich City,12,Championship,243,12,624,10,3,7.2,0.63,22,15,9,87,63.2,7.13,0,0,0,1,14,2,18,36,6,21,0,3,2,0,6,12,6,1,182,5,3,0,2026-06-06T19:00:00+00:00,2026-06-07T16:02:52Z
5369,Ajdin Hrustić,459,Australia,D,10,FW,official,37,4,Heracles Almelo,Netherlands,29,1996-07-05,Australia,183,,L,580000,2026-06-30,,available,,,,,,,,,182,Heracles Almelo,10,Eredivisie,279,27,2011,1,6,2.5,6.31,33,11,52,896,79.2,6.83,28,17,7,11,96,10,85,93,7,16,0,2,1,0,21,52,164,93,1350,21,10,1,2026-06-06T19:00:00+00:00,2026-06-07T16:02:52Z
30428,Awer Mabil,459,Australia,D,11,FW,official,38,10,CD Castellón,Spain,30,1995-09-15,Australia,179,,B,415000,2028-06-30,,injured,,,,,,,,,1398,CD Castellón,31,International Friendly Games,133,56,2852,3,12,7.17,,61,25,55,984,75.5,6.83,41,26,12,19,109,19,110,145,17,40,0,6,4,0,22,55,118,39,1549,40,4,0,2026-06-06T19:00:00+00:00,2026-06-07T16:02:52Z
6040,Nestory Irankunda,459,Australia,D,17,FW,official,15,5,Watford,England,20,2006-02-09,Australia,178,,R,8500000,2030-06-30,31354,available,62,Much Room to Grow,Unlikely,,,,,,202,Watford,12,Championship,243,43,2160,4,4,5.4,2.75,73,25,36,570,72.8,6.83,34,21,9,19,66,19,186,176,49,43,0,9,6,1,54,97,22,30,1105,42,8,1,2026-06-06T19:00:00+00:00,2026-06-07T16:02:52Z
2854,Cristian Volpato,459,Australia,D,20,FW,official,1,0,Sassuolo,Italy,22,2003-11-15,Australia,187,,L,9700000,2028-06-30,1349920,available,75,Can Polish Skills,Unlikely,,,,,,61,Sassuolo,4,Serie A,358,34,1190,2,4,1.65,1.64,25,7,26,435,79.3,6.75,16,11,7,9,57,8,60,92,4,9,0,6,2,0,28,62,54,38,728,20,1,0,2026-06-06T19:00:00+00:00,2026-06-07T16:02:52Z
55793,Nishan Velupillay,459,Australia,D,23,FW,official,7,3,Melbourne Victory,,25,2001-05-07,Australia,181,,R,670000,2026-06-30,,available,,,,,,,,,2340,Melbourne Victory,31,International Friendly Games,133,2,23,0,0,,,,,,,,6.3,,,,,,,,,,,,,,,,,,,,,7,3,2026-06-06T19:00:00+00:00,2026-06-07T16:02:52Z
5936,Tete Yengi,459,Australia,D,26,FW,official,1,1,Machida Zelvia,Japan,25,2000-11-28,Australia,196,,R,265000,2026-06-30,,available,,,,,,,,,1929,Machida Zelvia,13,Scottish Premiership,345,17,959,3,1,3.8,,27,9,8,246,67.5,6.65,5,2,1,4,23,4,70,99,45,50,0,4,1,0,8,19,3,9,418,19,1,1,2026-06-06T19:00:00+00:00,2026-06-07T16:02:52Z
2111,Mathew Ryan,459,Australia,D,1,GK,official,104,0,Levante UD,Spain,34,1992-04-08,Australia,184,,R,1900000,2026-06-30,,available,,,,,,,,,46,Levante UD,3,La Liga,294,37,3240,0,0,0.16,0.07,2,0,0,1140,71.0,7.24,2,1,0,44,300,1,21,2,17,1,125,59,3,0,0,0,0,601,1553,0,21,0,2026-06-06T19:00:00+00:00,2026-06-07T16:02:52Z
28992,Paul Izzo,459,Australia,D,12,GK,official,4,0,Randers FC,Denmark,31,1995-01-06,Australia,183,,R,465000,2027-06-30,,available,,,,,,,,,1373,Randers FC,31,International Friendly Games,133,2,0,0,0,,,,,,,,,,,,,,,,,,,,,,,,,,,,,14,0,2026-06-06T19:00:00+00:00,2026-06-07T16:02:52Z
58824,Patrick Beach,459,Australia,D,18,GK,official,2,0,Melbourne City,,22,2003-08-06,Australia,190,,R,870000,2028-06-30,,available,,,,,,,,,2341,Melbourne City,31,International Friendly Games,133,2,90,0,0,,,,,,,,7.6,,,,,,,,,,,,,,,,,,,,,2,0,2026-06-06T19:00:00+00:00,2026-06-07T16:02:52Z
2490,Connor Metcalfe,459,Australia,D,8,MF,official,36,1,FC St. Pauli,Germany,26,1999-11-05,Australia,178,,L,1400000,,,available,,,,,,,,,91,FC St. Pauli,5,Bundesliga,228,29,713,0,2,1.07,1.55,20,6,13,233,73.0,6.58,16,10,7,7,22,7,33,50,7,10,0,9,2,0,8,16,25,18,403,10,16,1,2026-06-06T19:00:00+00:00,2026-06-07T16:02:52Z
9142,Aiden O'Neill,459,Australia,D,13,MF,official,31,0,New York City FC,USA,27,1998-07-04,Australia,178,,R,2900000,2028-12-31,48658,available,65,Can Still Improve,Unlikely,,,,,,301,New York City FC,18,MLS,159,37,2780,0,1,0.85,1.0,19,2,19,1756,89.5,6.9,82,48,28,42,142,11,151,121,17,19,0,3,2,0,16,27,16,115,2161,51,18,0,2026-06-06T19:00:00+00:00,2026-06-07T16:02:52Z
5770,Cameron Devlin,459,Australia,D,14,MF,official,5,0,Heart of Midlothian,Scotland,28,1998-06-07,Australia,170,,R,1300000,2026-05-31,,available,,,,,,,,,231,Heart of Midlothian,13,Scottish Premiership,345,28,2310,2,0,2.05,0.2,20,4,19,1452,86.3,7.16,106,68,53,42,175,7,214,154,22,39,0,4,1,0,14,31,17,126,1986,41,6,0,2026-06-06T19:00:00+00:00,2026-06-07T16:02:52Z
2484,Jackson Irvine,459,Australia,D,22,MF,official,82,14,FC St. Pauli,Germany,33,1993-03-07,Australia,190,,R,1100000,2027-06-30,1043120,available,77,Unlikely to Improve,Not Specifically,,,,,,91,FC St. Pauli,5,Bundesliga,228,29,1744,0,1,1.62,1.06,21,5,13,762,72.3,6.69,38,20,28,54,85,7,107,95,47,48,0,9,3,1,10,19,13,53,1047,20,21,5,2026-06-06T19:00:00+00:00,2026-06-07T16:02:52Z
58823,Paul Okon-Engstler,459,Australia,D,24,MF,official,6,0,Sydney FC,,21,2005-01-24,Australia,186,,L,1100000,2028-06-30,122720,available,65,Much Room to Grow,Unlikely,,,,,,2342,Sydney FC,31,International Friendly Games,133,2,94,0,0,,,,,,,,6.55,,,,,,,,,,,,,,,,,,,,,2,0,2026-06-06T19:00:00+00:00,2026-06-07T16:02:52Z
2761,David Affengruber,483,Austria,J,2,DF,official,1,0,Elche,Spain,25,2001-03-19,Austria,185,,R,8100000,2027-06-30,,available,,,,58,37,76,42,35,55,Elche,3,La Liga,294,79,6299,1,4,3.42,1.57,31,9,24,4904,89.1,7.07,154,106,106,346,312,1,386,221,152,91,0,8,6,0,20,33,12,422,5937,67,3,0,2026-06-01T18:45:00+00:00,2026-06-07T16:02:52Z
721,Kevin Danso,483,Austria,J,3,DF,official,32,0,Tottenham Hotspur,England,27,1998-09-19,Austria,190,,R,19400000,2030-06-30,4602000,available,78,Almost Reached,Very Unlikely,71,38,80,47,44,9,Tottenham Hotspur,1,Premier League,337,47,2254,0,0,0.94,0.57,15,3,8,1403,86.7,6.83,31,15,33,175,75,5,158,115,102,54,0,4,5,0,6,8,11,144,1902,35,16,0,2026-06-01T18:45:00+00:00,2026-06-07T16:02:52Z
2832,Stefan Posch,483,Austria,J,5,DF,official,52,5,1. FSV Mainz 05,Germany,29,1997-05-14,Austria,188,,R,6200000,2026-06-30,,available,,,,58,46,72,53,53,93,1. FSV Mainz 05,5,Bundesliga,228,16,1395,0,0,0.43,1.11,11,3,8,689,77.6,6.93,45,22,21,87,68,2,105,58,43,28,0,8,4,0,5,10,11,129,981,8,20,4,2026-06-01T18:45:00+00:00,2026-06-07T16:02:52Z
4020,David Alaba,483,Austria,J,8,DF,official,113,15,Real Madrid,Spain,33,1992-06-24,Austria,180,,L,3200000,2026-06-30,,available,,,,64,43,72,48,51,57,Real Madrid,3,La Liga,294,39,568,0,0,0.25,0.1,4,1,0,495,92.9,6.75,6,5,0,25,21,1,16,12,10,9,0,4,1,0,0,0,0,31,555,1,10,0,2026-06-01T18:45:00+00:00,2026-06-07T16:02:52Z
1174,Philipp Lienhart,483,Austria,J,15,DF,official,41,3,SC Freiburg,Germany,29,1996-07-11,Austria,189,,R,9600000,,,available,,,,74,38,79,49,45,89,SC Freiburg,8,Europa League,280,37,2454,2,0,2.58,0.71,15,3,7,1786,89.1,7.0,38,25,25,133,108,2,109,69,54,28,0,16,2,0,3,9,18,195,2275,18,22,2,2026-06-01T18:45:00+00:00,2026-06-07T16:02:52Z
1198,Phillipp Mwene,483,Austria,J,16,DF,official,30,0,1. FSV Mainz 05,Germany,32,1994-01-29,Austria,170,,R,1600000,,,available,,,,45,42,64,47,52,93,1. FSV Mainz 05,5,Bundesliga,228,31,2141,1,2,1.96,2.99,10,2,18,614,75.1,6.81,29,19,16,45,81,1,82,95,13,24,0,8,1,0,8,16,75,86,1169,22,21,0,2026-06-01T18:45:00+00:00,2026-06-07T16:02:52Z
2500,Marco Friedl,483,Austria,J,23,DF,official,11,0,SV Werder Bremen,Germany,28,1998-03-16,Austria,187,,L,10600000,2028-06-30,2515760,available,80,Almost Reached,Not Specifically,73,40,71,51,51,88,SV Werder Bremen,5,Bundesliga,228,31,2639,1,0,0.69,1.08,8,2,5,1837,88.9,6.87,49,24,36,160,124,0,125,75,57,31,0,6,6,1,4,7,14,222,2300,19,11,0,2026-06-01T18:45:00+00:00,2026-06-07T16:02:52Z
16694,Michael Svoboda,483,Austria,J,25,DF,official,4,0,Venezia,Italy,27,1998-10-15,Austria,195,,R,2900000,2029-06-30,,available,,,,52,33,65,45,41,1285,Venezia,31,International Friendly Games,133,2,15,0,0,0.79,,1,0,1,16,100.0,7.3,0,0,0,2,1,1,0,0,0,0,0,0,0,0,0,0,0,1,22,0,7,0,2026-06-01T18:45:00+00:00,2026-06-07T16:02:52Z
3065,Marko Arnautović,483,Austria,J,7,FW,official,133,47,FK Crvena zvezda,Serbia,37,1989-04-19,Austria,192,,B,2600000,2027-06-30,2515760,available,80,Unlikely to Improve,Not Specifically,48,77,23,64,60,131,FK Crvena zvezda,8,Europa League,280,13,712,2,1,3.78,1.54,19,7,9,187,77.5,6.63,0,0,3,8,22,5,31,47,15,14,0,0,1,0,4,10,5,6,304,14,23,11,2026-06-01T18:45:00+00:00,2026-06-07T16:02:52Z
8530,Michael Gregoritsch,483,Austria,J,11,FW,official,75,24,FC Augsburg,Germany,32,1994-04-18,Austria,193,,L,1600000,2026-06-30,,available,,,,55,75,31,53,53,90,FC Augsburg,5,Bundesliga,228,18,927,6,2,5.55,0.73,29,10,7,178,55.6,6.76,5,4,5,15,19,5,55,84,32,56,0,7,1,0,2,11,6,12,336,5,20,9,2026-06-01T18:45:00+00:00,2026-06-07T16:02:52Z
4824,Saša Kalajdžić,483,Austria,J,14,FW,official,22,4,LASK,Austria,28,1997-07-07,Austria,200,,R,3700000,2026-06-30,,available,,,,56,71,23,57,63,1404,LASK,1,Premier League,337,2,14,0,0,,,,,,,,6.3,,,,,,,,,,,,,,,,,,,,,3,0,2026-06-01T18:45:00+00:00,2026-06-07T16:02:52Z
1375,Patrick Wimmer,483,Austria,J,21,FW,official,30,1,VfL Wolfsburg,Germany,25,2001-05-30,Austria,182,,R,13900000,2027-06-30,,available,,,,38,68,29,59,74,82,VfL Wolfsburg,5,Bundesliga,228,27,1769,4,5,4.1,2.3,33,10,20,560,66.6,6.93,53,23,24,21,85,8,162,182,37,53,0,2,2,0,39,75,30,44,1053,33,20,0,2026-06-01T18:45:00+00:00,2026-06-07T16:02:52Z
3034,Alexander Schlager,483,Austria,J,1,GK,official,26,0,Red Bull Salzburg,Austria,30,1996-02-01,Austria,184,,R,1900000,2027-06-30,,available,,,,56,,,,,147,Red Bull Salzburg,8,Europa League,280,11,990,0,0,,0.02,0,0,0,446,73.1,7.25,0,0,0,8,90,0,1,1,0,1,44,21,0,0,0,0,0,210,544,0,17,0,2026-06-01T18:45:00+00:00,2026-06-07T16:02:52Z
3218,Florian Wiegele,483,Austria,J,12,GK,official,1,0,FC Viktoria Plzeň,Czechia,25,2001-03-21,Austria,204,,L,2100000,2029-06-30,,available,,,,66,,,,,144,FC Viktoria Plzeň,8,Europa League,280,14,660,0,0,,0.01,0,0,0,232,62.1,7.71,0,0,0,6,99,0,2,0,1,0,28,12,1,0,0,0,0,132,329,0,3,0,2026-06-01T18:45:00+00:00,2026-06-07T16:02:52Z
16695,Patrick Pentz,483,Austria,J,13,GK,official,18,0,Brøndby IF,Denmark,29,1997-01-02,Austria,182,,L,2000000,2028-06-30,,available,,,,54,,,,,1375,Brøndby IF,31,International Friendly Games,133,3,90,0,0,,,,,,,,7.7,,,,,,,,,,,,,,,,,,,,,23,0,2026-06-01T18:45:00+00:00,2026-06-07T16:02:52Z
2892,Xaver Schlager,483,Austria,J,4,MF,official,51,4,RB Leipzig,Germany,28,1997-09-28,Austria,174,,L,9500000,2026-06-30,,available,,,,51,54,49,57,58,80,RB Leipzig,5,Bundesliga,228,31,2067,3,1,2.11,2.83,23,7,24,1172,86.8,6.92,41,25,10,31,133,11,107,100,24,14,0,9,4,0,22,35,11,69,1513,30,11,0,2026-06-01T18:45:00+00:00,2026-06-07T16:02:52Z
2893,Nicolas Seiwald,483,Austria,J,6,MF,official,47,1,RB Leipzig,Germany,25,2001-05-04,Austria,179,,R,24000000,2028-06-30,,available,,,,60,55,62,56,60,80,RB Leipzig,5,Bundesliga,228,37,3045,0,2,2.31,1.8,22,8,17,1603,88.9,6.88,76,52,64,68,135,7,124,85,33,32,0,9,3,0,8,11,8,121,2001,21,23,1,2026-06-01T18:45:00+00:00,2026-06-07T16:02:52Z
2161,Marcel Sabitzer,483,Austria,J,9,MF,official,98,26,Borussia Dortmund,Germany,32,1994-03-17,Austria,177,,R,6200000,2027-06-30,,available,,,,51,59,57,52,62,92,Borussia Dortmund,7,Champions League,268,39,2259,1,4,1.27,2.4,23,7,21,1040,85.3,6.86,40,25,24,49,95,6,79,67,14,22,0,3,2,0,4,8,47,71,1361,21,21,9,2026-06-01T18:45:00+00:00,2026-06-07T16:02:52Z
888,Florian Grillitsch,483,Austria,J,10,MF,official,58,1,Sporting Braga,Portugal,30,1995-08-07,Austria,187,,R,2600000,2027-06-30,,injured,,,,69,45,60,53,56,31,Sporting Braga,2,Liga Portugal Betclic,305,35,1778,3,2,1.63,1.99,16,6,12,1502,88.1,6.97,38,24,24,33,93,4,109,82,31,17,0,2,4,0,4,15,15,115,1790,20,22,0,2026-06-01T18:45:00+00:00,2026-06-07T16:02:52Z
2170,Carney Chukwuemeka,483,Austria,J,17,MF,official,3,1,Borussia Dortmund,Germany,22,2003-10-20,Austria,185,,R,18100000,2030-06-30,6074640,available,76,Can Polish Skills,Somewhat,43,64,34,51,60,92,Borussia Dortmund,7,Champions League,268,43,1257,3,2,2.96,2.43,23,3,17,519,85.0,6.71,26,19,8,7,69,9,85,97,11,19,0,3,2,0,32,64,2,7,815,14,3,1,2026-06-01T18:45:00+00:00,2026-06-07T16:02:52Z
2504,Romano Schmid,483,Austria,J,18,MF,official,34,3,SV Werder Bremen,Germany,26,2000-01-27,Austria,168,,R,16500000,2027-06-30,,available,,,,28,59,29,53,62,88,SV Werder Bremen,5,Bundesliga,228,35,3078,4,8,7.6,10.4,57,21,91,1490,76.6,6.89,47,27,13,13,175,18,139,207,18,44,0,7,3,0,41,103,163,132,2211,20,23,3,2026-06-01T18:45:00+00:00,2026-06-07T16:02:52Z
2894,Christoph Baumgartner,483,Austria,J,19,MF,official,58,19,RB Leipzig,Germany,26,1999-08-01,Austria,180,,R,42000000,2028-06-30,,available,,,,40,69,24,61,63,80,RB Leipzig,5,Bundesliga,228,37,3022,17,8,16.26,3.71,87,40,38,1202,76.0,7.01,59,40,22,46,116,11,173,208,62,63,0,9,7,0,16,37,6,96,1740,69,21,4,2026-03-31T18:45:00+00:00,2026-06-07T16:02:52Z
2457,Konrad Laimer,483,Austria,J,20,MF,official,57,7,FC Bayern München,Germany,29,1997-05-27,Austria,180,,R,31000000,2027-06-30,,available,,,,45,60,38,64,66,79,FC Bayern München,7,Champions League,268,47,3224,3,12,3.47,6.34,23,8,57,2029,89.2,6.74,85,49,26,50,157,4,146,198,18,38,0,13,8,0,27,61,50,78,2811,58,22,3,2026-06-01T18:45:00+00:00,2026-06-07T16:02:52Z
2390,Alexander Prass,483,Austria,J,22,MF,official,19,0,TSG Hoffenheim,Germany,25,2001-05-26,Austria,180,,L,8700000,2028-06-30,,available,,,,45,58,46,62,64,86,TSG Hoffenheim,5,Bundesliga,228,36,1437,3,2,1.16,3.33,18,11,19,578,77.2,6.82,36,25,6,24,80,1,91,99,16,11,0,8,4,0,16,32,51,54,914,26,17,0,2026-06-01T18:45:00+00:00,2026-06-07T16:02:52Z
3522,Paul Wanner,483,Austria,J,24,MF,official,3,0,PSV Eindhoven,Netherlands,20,2005-12-22,Austria,186,,L,18800000,2030-06-30,1534000,available,75,Can Still Improve,Unlikely,31,59,27,56,51,115,PSV Eindhoven,10,Eredivisie,279,39,1918,3,3,4.85,3.41,37,15,26,955,88.4,6.95,54,35,5,16,88,7,111,90,10,16,0,4,5,0,22,34,24,30,1300,27,3,0,2026-06-01T18:45:00+00:00,2026-06-07T16:02:52Z
12758,Alessandro Schöpf,483,Austria,J,26,MF,official,35,6,Wolfsberger AC,Austria,32,1994-02-07,Austria,178,,B,775000,2026-06-30,,available,,,,41,57,38,52,59,411,Wolfsberger AC,8,Europa League,280,2,0,0,0,,,0,0,0,0,,,0,0,0,0,0,0,0,0,0,0,0,0,0,0,0,0,0,0,0,0,7,0,2026-06-01T18:45:00+00:00,2026-06-07T16:02:52Z
4434,Zeno Debast,477,Belgium,G,2,DF,official,26,1,Sporting CP,Portugal,22,2003-10-23,Belgium,191,,R,29000000,2029-06-30,,injured,,,,60,37,68,55,45,22,Sporting CP,2,Liga Portugal Betclic,305,26,1362,0,2,0.59,1.87,12,3,6,1203,91.2,7.07,16,10,5,53,61,4,40,43,13,17,0,4,0,0,4,4,6,152,1351,19,20,1,2026-04-01T01:00:00+00:00,2026-06-07T16:02:52Z
1349,Arthur Theate,477,Belgium,G,3,DF,official,33,1,Eintracht Frankfurt,Germany,26,2000-05-25,Belgium,186,,L,16500000,2029-06-30,,available,,,,,,,,,87,Eintracht Frankfurt,7,Champions League,268,37,2983,1,0,1.33,1.35,19,9,13,2147,88.7,6.73,55,31,38,182,118,2,114,97,40,59,0,8,4,0,5,10,15,218,2682,17,21,1,2026-06-06T13:00:00+00:00,2026-06-07T16:02:52Z
3537,Brandon Mechele,477,Belgium,G,4,DF,official,9,1,Club Brugge KV,Belgium,33,1993-01-28,Belgium,188,,B,2900000,2028-06-30,,available,,,,,,,,,123,Club Brugge KV,14,Pro League,338,54,4693,7,2,4.3,1.62,46,18,22,3694,92.1,7.21,104,57,63,219,198,8,287,168,154,93,0,3,3,0,6,7,4,297,4371,48,14,1,2026-06-06T13:00:00+00:00,2026-06-07T16:02:52Z
491,Maxim De Cuyper,477,Belgium,G,5,DF,official,19,4,Brighton & Hove Albion,England,25,2000-12-22,Belgium,183,,L,21000000,2030-06-30,,available,,,,,,,,,5,Brighton & Hove Albion,1,Premier League,337,38,1510,2,3,1.87,4.12,14,7,35,712,84.6,6.85,24,13,12,29,71,4,63,75,11,21,0,7,1,0,7,17,83,44,1059,21,22,4,2026-06-06T13:00:00+00:00,2026-06-07T16:02:52Z
1446,Thomas Meunier,477,Belgium,G,15,DF,official,80,10,Lille,France,34,1991-09-12,Belgium,190,,R,1700000,2026-06-30,,available,,,,,,,,,106,Lille,6,Ligue 1,317,35,2554,2,3,1.46,4.11,21,5,26,1443,83.2,6.86,42,25,25,63,144,6,88,90,27,17,0,1,1,0,14,22,67,134,2061,38,15,2,2026-06-06T13:00:00+00:00,2026-06-07T16:02:52Z
2004,Koni De Winter,477,Belgium,G,16,DF,official,8,0,AC Milan,Italy,23,2002-06-12,Belgium,191,,R,22000000,2030-06-30,,available,,,,,,,,,63,AC Milan,4,Serie A,358,41,1985,1,1,0.74,0.43,7,1,5,1486,92.2,6.9,33,19,12,110,83,2,87,64,44,22,0,8,2,0,2,4,5,90,1763,33,14,0,2026-06-06T13:00:00+00:00,2026-06-07T16:02:52Z
3538,Joaquin Seys,477,Belgium,G,18,DF,official,5,0,Club Brugge KV,Belgium,21,2005-03-28,Belgium,178,,L,15400000,2029-06-30,429520,available,73,Can Polish Skills,Unlikely,,,,,,123,Club Brugge KV,14,Pro League,338,53,3990,5,8,2.53,4.5,22,9,47,2231,88.0,6.88,83,40,52,127,162,9,167,120,45,44,0,3,1,0,17,28,75,136,3156,27,8,0,2026-06-06T13:00:00+00:00,2026-06-07T16:02:52Z
834,Timothy Castagne,477,Belgium,G,21,DF,official,63,2,Fulham,England,30,1995-12-05,Belgium,185,,R,9500000,2027-06-30,,available,,,,,,,,,6,Fulham,1,Premier League,337,45,2392,0,1,1.68,1.39,17,6,23,1115,86.5,6.75,49,29,38,77,75,5,99,81,35,42,0,5,6,0,4,9,68,74,1645,22,21,0,2026-06-06T13:00:00+00:00,2026-06-07T16:02:52Z
1447,Nathan Ngoy,477,Belgium,G,25,DF,official,4,0,Lille,France,22,2003-06-10,Belgium,183,,R,24000000,2029-06-30,,available,,,,,,,,,106,Lille,6,Ligue 1,317,43,3112,3,2,1.91,1.08,27,8,9,2197,91.5,6.92,45,31,46,137,152,8,105,77,39,30,0,3,8,1,7,11,5,225,2578,26,4,0,2026-06-06T13:00:00+00:00,2026-06-07T16:02:52Z
8676,Romelu Lukaku,477,Belgium,G,9,FW,official,126,90,SSC Napoli,Italy,33,1993-05-13,Belgium,191,,L,5800000,2027-06-30,,injured,,,,,,,,,62,SSC Napoli,4,Serie A,358,12,74,1,0,1.57,0.26,4,2,2,21,66.7,6.43,0,0,0,1,1,1,1,6,1,2,0,0,0,0,0,0,0,0,37,2,11,5,2026-06-06T13:00:00+00:00,2026-06-07T16:02:52Z
3461,Leandro Trossard,477,Belgium,G,10,FW,official,51,12,Arsenal,England,31,1994-12-04,Belgium,172,,R,21000000,2027-06-30,,injured,,,,,,,,,18,Arsenal,1,Premier League,337,55,2926,8,10,8.03,3.84,81,23,50,1051,78.1,6.92,47,30,14,18,123,25,150,167,10,17,0,2,3,0,36,85,80,106,1712,19,19,3,2026-06-06T13:00:00+00:00,2026-06-07T16:02:52Z
853,Jérémy Doku,477,Belgium,G,11,FW,official,43,7,Manchester City,England,24,2002-05-27,Belgium,173,,R,60000000,2028-06-30,,available,,,,,,,,,12,Manchester City,1,Premier League,337,49,2960,8,11,4.23,8.61,60,21,96,1231,83.7,7.42,42,27,18,4,148,27,293,258,4,12,0,7,0,0,152,273,99,34,2153,36,22,5,2026-06-06T13:00:00+00:00,2026-06-07T16:02:52Z
3974,Dodi Lukebakio,477,Belgium,G,14,FW,official,30,6,Benfica,Portugal,28,1997-09-24,Belgium,187,,L,14100000,2030-06-30,,available,,,,,,,,,37,Benfica,2,Liga Portugal Betclic,305,24,1011,0,3,3.75,4.72,47,15,28,358,80.4,6.99,11,8,5,7,49,15,62,57,6,4,0,6,0,0,30,50,88,33,670,13,21,4,2026-06-06T13:00:00+00:00,2026-06-07T16:02:52Z
1305,Charles De Ketelaere,477,Belgium,G,17,FW,official,30,6,Atalanta,Italy,25,2001-03-10,Belgium,192,,L,27000000,2028-06-30,,available,,,,,,,,,71,Atalanta,4,Serie A,358,42,3037,5,7,5.85,10.81,64,22,91,1371,78.6,7.2,27,19,13,23,157,23,193,259,55,63,0,8,2,0,59,129,73,85,2058,30,21,4,2026-06-06T13:00:00+00:00,2026-06-07T16:02:52Z
1464,Matías Fernández-Pardo,477,Belgium,G,26,FW,official,2,0,Lille,France,21,2005-02-03,Belgium,183,,R,38000000,2029-06-30,736320,available,71,Can Polish Skills,Not Specifically,,,,,,106,Lille,6,Ligue 1,317,43,3102,8,6,9.93,5.55,84,37,48,816,82.1,6.93,26,14,8,4,71,30,124,180,6,38,0,3,3,0,43,94,72,24,1368,24,2,0,2026-06-06T13:00:00+00:00,2026-06-07T16:02:52Z
585,Thibaut Courtois,477,Belgium,G,1,GK,official,109,0,Real Madrid,Spain,34,1992-05-11,Belgium,200,,L,17400000,2027-06-30,,available,,,,,,,,,57,Real Madrid,3,La Liga,294,43,3825,0,2,,0.05,0,0,2,1334,79.1,7.04,1,1,0,26,327,0,11,5,7,1,123,39,1,0,0,0,0,434,1728,1,7,0,2026-06-06T13:00:00+00:00,2026-06-07T16:02:52Z
1788,Senne Lammens,477,Belgium,G,12,GK,official,2,0,Manchester United,England,23,2002-07-07,Belgium,193,,R,33000000,2030-06-30,,available,,,,,,,,,17,Manchester United,1,Premier League,337,36,2970,0,0,,0.04,0,0,0,962,59.5,6.99,1,1,0,26,231,0,11,1,6,0,80,48,0,0,0,0,0,578,1203,0,11,0,2026-06-06T13:00:00+00:00,2026-06-07T16:02:52Z
1701,Mike Penders,477,Belgium,G,13,GK,official,0,0,RC Strasbourg,France,20,2005-07-31,Belgium,199,,L,24000000,2026-06-30,1718080,available,76,Can Polish Skills,Somewhat,,,,,,112,RC Strasbourg,6,Ligue 1,317,38,3420,0,0,,0.03,0,0,0,1578,86.1,6.95,0,0,0,25,279,0,7,1,6,0,122,52,1,0,0,0,0,371,1873,1,3,0,2026-06-06T13:00:00+00:00,2026-06-07T16:02:52Z
1042,Axel Witsel,477,Belgium,G,6,MF,official,138,12,Girona FC,Spain,37,1989-01-12,Belgium,186,,R,1500000,2026-06-30,,available,,,,,,,,,39,Girona FC,3,La Liga,294,33,2533,1,2,2.26,1.21,20,5,17,1464,91.2,6.84,36,24,30,55,165,4,128,112,45,28,0,7,0,0,10,14,1,65,1810,34,10,0,2026-06-06T13:00:00+00:00,2026-06-07T16:02:52Z
4374,Kevin De Bruyne,477,Belgium,G,7,MF,official,119,37,SSC Napoli,Italy,34,1991-06-28,Belgium,181,,R,8300000,2027-06-30,,available,,,,,,,,,62,SSC Napoli,4,Serie A,358,21,1360,5,4,4.11,4.08,30,11,41,820,83.9,7.03,16,10,6,5,52,8,41,51,4,7,0,0,0,0,13,19,63,54,1039,9,18,10,2026-06-06T13:00:00+00:00,2026-06-07T16:02:52Z
514,Youri Tielemans,477,Belgium,G,8,MF,official,85,13,Aston Villa,England,29,1997-05-07,Belgium,177,,R,38000000,2028-06-30,,available,,,,,,,,,3,Aston Villa,1,Premier League,337,35,2584,2,7,1.89,5.34,33,11,50,1519,86.0,7.23,74,48,22,29,119,9,164,125,28,25,0,9,2,0,14,24,72,120,1986,37,19,6,2026-06-06T13:00:00+00:00,2026-06-07T16:02:52Z
1713,Diego Moreira,477,Belgium,G,19,MF,official,3,0,RC Strasbourg,France,21,2004-08-06,Belgium,179,,L,24000000,2029-06-30,736320,available,72,Can Polish Skills,Unlikely,,,,,,112,RC Strasbourg,6,Ligue 1,317,31,2326,5,6,2.51,4.01,33,13,46,1098,81.4,7.02,53,28,22,30,121,12,138,159,15,18,0,9,3,0,39,94,98,72,1702,20,7,0,2026-06-06T13:00:00+00:00,2026-06-07T16:02:52Z
3542,Hans Vanaken,477,Belgium,G,20,MF,official,34,7,Club Brugge KV,Belgium,33,1992-08-24,Belgium,194,,B,5800000,2028-06-30,,available,,,,,,,,,123,Club Brugge KV,14,Pro League,338,53,4626,11,7,9.13,10.7,68,26,98,3490,88.6,7.52,60,34,31,68,257,21,219,177,91,48,0,3,2,0,33,58,51,291,4185,26,12,2,2026-06-06T13:00:00+00:00,2026-06-07T16:02:52Z
1991,Alexis Saelemaekers,477,Belgium,G,22,MF,official,24,2,AC Milan,Italy,26,1999-06-27,Belgium,180,,R,21000000,2031-06-30,,available,,,,,,,,,63,AC Milan,4,Serie A,358,38,3004,3,4,3.71,4.92,50,13,61,1460,84.4,7.17,78,40,29,24,168,17,206,148,11,12,0,7,4,0,51,108,92,60,2232,27,15,1,2026-06-06T13:00:00+00:00,2026-06-07T16:02:52Z
3015,Nicolas Raskin,477,Belgium,G,23,MF,official,13,2,Rangers,Scotland,25,2001-02-23,Belgium,179,,R,10900000,2028-05-31,,available,,,,,,,,,145,Rangers,13,Scottish Premiership,345,47,3881,6,9,7.62,2.75,66,18,63,2488,86.1,7.27,119,71,31,83,209,16,282,248,67,52,0,5,5,0,37,71,49,180,3243,89,14,2,2026-06-06T13:00:00+00:00,2026-06-07T16:02:52Z
508,Amadou Onana,477,Belgium,G,24,MF,official,29,1,Aston Villa,England,24,2001-08-16,Belgium,195,,B,41000000,2029-06-30,6749600,available,79,Almost Reached,Somewhat,,,,,,3,Aston Villa,1,Premier League,337,39,2649,2,0,2.2,1.28,26,10,11,1320,89.2,7.04,73,42,40,70,116,4,179,93,53,32,0,2,0,0,12,20,0,84,1741,29,16,1,2026-06-06T13:00:00+00:00,2026-06-07T16:02:52Z
6344,Nihad Mujakić,931,Bosnia & Herzegovina,B,2,DF,official,12,1,Gaziantep FK,Türkiye,28,1998-04-15,Bosnia & Herzegovina,189,,L,1100000,2026-06-30,,available,,,,,,,,,183,Gaziantep FK,11,Trendyol Super Lig,380,14,854,0,0,0.02,0.05,1,1,2,393,88.3,6.58,8,7,5,36,35,0,28,25,6,10,0,7,0,0,4,6,1,32,514,5,15,1,2026-06-06T19:00:00+00:00,2026-06-07T16:02:52Z
29274,Dennis Hadžikadunić,931,Bosnia & Herzegovina,B,3,DF,official,32,0,Sampdoria,Italy,27,1998-07-09,Bosnia & Herzegovina,190,,R,1300000,2026-06-30,920400,available,74,Can Polish Skills,Not Specifically,,,,,,1271,Sampdoria,31,International Friendly Games,133,2,0,0,0,,,,,,,,,,,,,,,,,,,,,,,,,,,,,6,0,2026-06-06T19:00:00+00:00,2026-06-07T16:02:52Z
2846,Tarik Muharemović,931,Bosnia & Herzegovina,B,4,DF,official,14,1,Sassuolo,Italy,23,2003-02-28,Bosnia & Herzegovina,193,,L,27000000,2031-06-30,,available,,,,,,,,,61,Sassuolo,4,Serie A,358,37,2835,2,2,2.07,0.43,23,7,6,1664,85.8,6.91,45,26,47,216,96,9,132,70,63,33,0,6,4,0,6,10,1,228,2141,24,14,0,2026-06-06T19:00:00+00:00,2026-06-07T16:02:52Z
1312,Sead Kolašinac,931,Bosnia & Herzegovina,B,5,DF,official,65,0,Atalanta,Italy,32,1993-06-20,Bosnia & Herzegovina,183,,L,4200000,2026-06-30,2638480,available,80,Unlikely to Improve,Not Specifically,,,,,,71,Atalanta,4,Serie A,358,40,1812,0,0,0.39,0.38,5,0,2,1164,89.8,6.66,43,26,24,48,100,2,80,74,17,21,0,8,4,0,7,11,3,69,1396,29,10,0,2026-06-06T19:00:00+00:00,2026-06-07T16:02:52Z
2052,Amar Dedić,931,Bosnia & Herzegovina,B,7,DF,official,28,1,Benfica,Portugal,23,2002-08-18,Bosnia & Herzegovina,180,,B,15500000,2030-06-30,,available,,,,,,,,,37,Benfica,2,Liga Portugal Betclic,305,40,3075,1,4,1.31,3.97,23,5,32,1483,84.4,6.81,64,44,28,64,143,9,171,146,18,21,0,6,2,1,57,103,48,93,2298,34,15,0,2026-06-06T19:00:00+00:00,2026-06-07T16:02:52Z
27586,Nikola Katić,931,Bosnia & Herzegovina,B,18,DF,official,17,2,FC Schalke 04,Germany,29,1996-10-10,Bosnia & Herzegovina,194,,R,1900000,2028-06-30,,available,,,,,,,,,1290,FC Schalke 04,31,International Friendly Games,133,2,183,0,1,0.05,,2,0,2,99,82.8,7.05,4,2,1,28,10,1,21,12,13,10,0,0,1,0,0,0,0,9,148,2,15,1,2026-06-06T19:00:00+00:00,2026-06-07T16:02:52Z
12458,Stjepan Radeljić,931,Bosnia & Herzegovina,B,21,DF,official,5,0,HNK Rijeka,Croatia,28,1997-09-05,Bosnia & Herzegovina,201,,L,2900000,2026-06-30,,available,,,,,,,,,385,HNK Rijeka,8,Europa League,280,6,0,0,0,,,0,0,0,0,,,0,0,0,0,0,0,0,0,0,0,0,0,0,0,0,0,0,0,0,0,10,0,2026-06-06T19:00:00+00:00,2026-06-07T16:02:52Z
8423,Nidal Čelik,931,Bosnia & Herzegovina,B,24,DF,official,2,0,RC Lens,France,19,2006-07-17,Bosnia & Herzegovina,192,,R,3700000,2029-06-30,,available,,,,,,,,,99,RC Lens,6,Ligue 1,317,15,708,0,0,0.12,0.07,1,1,0,350,89.1,6.52,21,12,11,17,22,0,31,31,8,7,0,0,3,0,1,5,1,34,448,15,6,0,2026-06-06T19:00:00+00:00,2026-06-07T16:02:52Z
13780,Samed Baždar,931,Bosnia & Herzegovina,B,9,FW,official,13,1,Jagiellonia Białystok,Poland,22,2004-01-31,Bosnia & Herzegovina,188,,R,1600000,2026-06-30,306800,available,73,Can Polish Skills,Unlikely,,,,,,420,Jagiellonia Białystok,25,Ekstraklasa,271,17,404,3,0,2.31,0.35,14,9,7,124,66.1,6.69,6,4,0,4,6,1,25,35,8,16,0,4,0,0,5,12,6,1,209,7,14,1,2026-06-06T19:00:00+00:00,2026-06-07T16:02:52Z
4516,Ermedin Demirović,931,Bosnia & Herzegovina,B,10,FW,official,40,4,VfB Stuttgart,Germany,28,1998-03-25,Bosnia & Herzegovina,184,,R,20000000,2028-06-30,3558880,available,81,Almost Reached,Unlikely,,,,,,84,VfB Stuttgart,8,Europa League,280,37,2356,15,4,13.43,2.52,67,28,26,419,74.5,6.74,21,14,2,16,59,12,110,201,48,92,0,11,5,0,9,22,1,4,769,54,14,3,2026-06-06T19:00:00+00:00,2026-06-07T16:02:52Z
1343,Edin Džeko,931,Bosnia & Herzegovina,B,11,FW,official,148,73,FC Schalke 04,Germany,40,1986-03-17,Bosnia & Herzegovina,193,,B,1400000,2026-06-30,,injured,,,,,,,,,1290,FC Schalke 04,4,Serie A,358,17,250,0,0,,,,,,,,6.62,,,,,,,,,,,,,,,,,,,,,18,8,2026-06-06T19:00:00+00:00,2026-06-07T16:02:52Z
3046,Kerim Alajbegović,931,Bosnia & Herzegovina,B,19,FW,official,10,1,Red Bull Salzburg,Austria,18,2007-09-21,Bosnia & Herzegovina,185,,B,13600000,2029-06-30,,available,,,,,,,,,147,Red Bull Salzburg,8,Europa League,280,11,444,2,1,0.71,0.96,19,5,10,190,83.7,7.05,5,3,0,4,22,5,37,32,1,2,0,0,0,0,17,22,25,10,315,9,9,1,2026-06-06T19:00:00+00:00,2026-06-07T16:02:52Z
3515,Esmir Bajraktarević,931,Bosnia & Herzegovina,B,20,FW,official,16,1,PSV Eindhoven,Netherlands,21,2005-03-10,Bosnia & Herzegovina,175,,L,8199999,2029-06-30,797680,available,73,Can Polish Skills,Very Unlikely,,,,,,115,PSV Eindhoven,10,Eredivisie,279,41,1012,2,4,2.17,2.57,29,11,19,456,87.1,6.88,25,16,3,7,54,11,56,66,2,13,0,3,0,0,14,38,40,16,695,10,15,1,2026-06-06T19:00:00+00:00,2026-06-07T16:02:52Z
2877,Haris Tabaković,931,Bosnia & Herzegovina,B,23,FW,official,10,4,Borussia M'gladbach,Germany,31,1994-06-20,Bosnia & Herzegovina,196,,R,3600000,2026-06-30,,injured,,,,48,70,29,53,47,95,Borussia M'gladbach,5,Bundesliga,228,35,2659,15,3,16.09,0.94,80,33,19,545,69.2,6.77,10,6,0,62,50,16,147,214,111,115,0,0,5,0,6,16,3,5,931,56,9,3,2026-03-31T18:45:00+00:00,2026-06-07T16:02:52Z
10686,Jovo Lukić,931,Bosnia & Herzegovina,B,25,FW,official,3,0,FC Universitatea Cluj,Romania,27,1998-11-28,Bosnia & Herzegovina,190,,L,1400000,2029-06-30,,available,,,,,,,,,355,FC Universitatea Cluj,23,Superliga,374,33,2508,18,2,11.73,,62,29,27,713,69.1,7.18,19,11,8,41,76,13,199,211,118,65,0,6,3,0,27,67,17,25,1201,41,2,0,2026-06-06T19:00:00+00:00,2026-06-07T16:02:52Z
2476,Nikola Vasilj,931,Bosnia & Herzegovina,B,1,GK,official,26,0,FC St. Pauli,Germany,30,1995-12-02,Bosnia & Herzegovina,194,,R,4099999,,,available,,,,,,,,,91,FC St. Pauli,5,Bundesliga,228,38,3270,0,0,,0.07,0,0,0,1197,70.3,7.09,1,1,1,30,301,0,13,0,11,0,133,65,0,0,0,0,0,480,1549,0,18,0,2026-06-06T19:00:00+00:00,2026-06-07T16:02:52Z
59651,Mladen Jurkas,931,Bosnia & Herzegovina,B,12,GK,official,0,0,FK Borac Banja Luka,,18,2007-10-06,Bosnia & Herzegovina,193,,R,,,,available,,,,,,,,,2313,FK Borac Banja Luka,31,International Friendly Games,133,1,0,0,0,,,,,,,,,,,,,,,,,,,,,,,,,,,,,1,0,2026-06-06T19:00:00+00:00,2026-06-07T16:02:52Z
12455,Martin Zlomislić,931,Bosnia & Herzegovina,B,22,GK,official,3,0,HNK Rijeka,Croatia,27,1998-08-16,Bosnia & Herzegovina,190,,R,1900000,2027-06-30,,available,,,,,,,,,385,HNK Rijeka,8,Europa League,280,6,0,0,0,,,0,0,0,0,,,0,0,0,0,0,0,0,0,0,0,0,9,0,0,0,0,0,0,0,0,15,0,2026-06-06T19:00:00+00:00,2026-06-07T16:02:52Z
53959,Osman Hadžikić,931,Bosnia & Herzegovina,B,,GK,official,0,0,Slaven Belupo,,30,1996-03-12,Bosnia & Herzegovina,186,,,370000,,,available,,,,,,,,,,Slaven Belupo,31,International Friendly Games,133,,,,,,,,,,,,,,,,,,,,,,,,,,,,,,,,,17,0,2026-05-29T18:30:00+00:00,2026-06-07T16:02:52Z
26812,Benjamin Tahirović,931,Bosnia & Herzegovina,B,6,MF,official,28,2,Brøndby IF,Denmark,23,2003-03-03,Bosnia & Herzegovina,191,,R,4400000,2028-06-30,368160,available,71,Can Still Improve,Unlikely,,,,,,1375,Brøndby IF,31,International Friendly Games,133,2,0,0,0,,,,,,,,,,,,,,,,,,,,,,,,,,,,,18,1,2026-06-06T19:00:00+00:00,2026-06-07T16:02:52Z
4150,Armin Gigović,931,Bosnia & Herzegovina,B,8,MF,official,20,1,BSC Young Boys,Switzerland,24,2002-04-06,Bosnia & Herzegovina,187,,R,2600000,2029-06-30,674960,available,72,Can Polish Skills,Unlikely,,,,,,148,BSC Young Boys,15,Super League,371,40,2446,2,5,2.88,2.3,53,14,36,1098,83.4,6.68,54,37,25,29,135,14,127,123,22,23,0,9,2,0,9,27,43,90,1543,44,18,1,2026-06-06T19:00:00+00:00,2026-06-07T16:02:52Z
53960,Ivan Bašić,931,Bosnia & Herzegovina,B,13,MF,official,17,0,Astana,,24,2002-04-30,Bosnia & Herzegovina,178,,L,1200000,2026-12-31,6136,available,61,Much Room to Grow,Not Specifically,,,,,,2311,Astana,31,International Friendly Games,133,2,0,0,0,,,,,,,,,,,,,,,,,,,,,,,,,,,,,18,0,2026-06-06T19:00:00+00:00,2026-06-07T16:02:52Z
3604,Ivan Šunjić,931,Bosnia & Herzegovina,B,14,MF,official,11,0,Pafos FC,Cyprus,29,1996-10-09,Bosnia & Herzegovina,185,,R,1700000,2027-05-31,,injured,,,,,,,,,119,Pafos FC,7,Champions League,268,13,810,0,0,0.55,0.04,6,0,3,265,75.8,6.6,13,9,8,28,28,2,24,25,5,4,0,0,2,0,3,3,2,27,383,12,12,0,2026-06-06T19:00:00+00:00,2026-06-07T16:02:52Z
3222,Amar Memić,931,Bosnia & Herzegovina,B,15,MF,official,13,1,FC Viktoria Plzeň,Czechia,25,2001-01-20,Bosnia & Herzegovina,176,,R,4400000,2029-06-30,184080,available,73,Almost Reached,Unlikely,,,,,,144,FC Viktoria Plzeň,8,Europa League,280,14,1064,0,2,0.7,1.22,16,5,17,320,72.5,6.75,13,8,12,29,53,2,42,74,15,23,0,0,1,0,4,24,41,50,607,11,12,0,2026-06-06T19:00:00+00:00,2026-06-07T16:02:52Z
6193,Amir Hadžiahmetović,931,Bosnia & Herzegovina,B,16,MF,official,36,0,Hull City,England,29,1997-03-08,Bosnia & Herzegovina,179,,R,3600000,2026-06-30,,available,,,,,,,,,204,Hull City,12,Championship,243,42,2230,0,2,0.54,2.54,14,0,25,985,75.8,6.79,54,27,25,47,129,8,116,102,26,37,0,0,1,0,10,17,62,143,1362,20,6,0,2026-06-06T19:00:00+00:00,2026-06-07T16:02:52Z
41783,Dženis Burnić,931,Bosnia & Herzegovina,B,17,MF,official,20,0,Karlsruher SC,Germany,28,1998-05-22,Bosnia & Herzegovina,185,,L,1200000,2026-06-30,245440,available,70,Can Polish Skills,Not Specifically,,,,,,1835,Karlsruher SC,31,International Friendly Games,133,1,30,0,0,,,0,0,0,14,85.7,6.8,1,1,0,1,1,0,2,0,1,0,0,0,0,0,0,0,2,1,23,0,17,0,2026-06-06T19:00:00+00:00,2026-06-07T16:02:52Z
53958,Ermin Mahmic,931,Bosnia & Herzegovina,B,26,MF,official,2,0,FC Slovan Liberec,,21,2005-03-14,Bosnia & Herzegovina,182,,R,5200000,2029-06-30,,available,,,,,,,,,2312,FC Slovan Liberec,31,International Friendly Games,133,2,0,0,0,,,,,,,,,,,,,,,,,,,,,,,,,,,,,2,0,2026-06-06T19:00:00+00:00,2026-06-07T16:02:52Z
1065,Wesley,463,Brazil,C,2,DF,official,7,0,AS Roma,Italy,22,2003-09-06,Brazil,178,,R,43000000,2030-06-30,3742960,available,78,Almost Reached,Unlikely,,,,,,65,AS Roma,4,Serie A,358,41,3088,5,1,2.05,4.5,31,14,42,1289,79.5,7.02,75,54,36,72,153,6,201,213,28,39,0,2,5,2,18,71,122,96,2315,47,8,0,2026-06-06T22:00:00+00:00,2026-06-07T16:02:52Z
4072,Gabriel Magalhães,463,Brazil,C,3,DF,official,17,1,Arsenal,England,28,1997-12-19,Brazil,190,,L,70000000,2029-06-30,,available,,,,,,,,,18,Arsenal,1,Premier League,337,53,4210,4,5,4.68,1.99,39,8,12,2585,87.9,7.21,57,30,27,268,99,14,231,127,122,75,0,3,3,0,2,3,8,279,3222,37,20,1,2026-06-06T22:00:00+00:00,2026-06-07T16:02:52Z
2244,Marquinhos,463,Brazil,C,4,DF,official,104,7,Paris Saint-Germain,France,32,1994-05-14,Brazil,183,,R,29000000,2028-06-30,,available,,,,,,,,,114,Paris Saint-Germain,6,Ligue 1,317,46,2369,2,0,1.49,1.3,10,2,7,1906,93.5,7.19,32,22,16,76,94,3,103,66,58,37,0,10,2,0,6,6,3,181,2149,18,24,1,2026-06-06T22:00:00+00:00,2026-06-07T16:02:52Z
51,Alex Sandro,463,Brazil,C,6,DF,official,44,2,Flamengo,Brazil,35,1991-01-26,Brazil,181,,L,1500000,2026-12-31,,available,,,,,,,,,160,Flamengo,32,Copa Libertadores,96,44,2796,0,0,0.3,2.85,10,2,24,1673,87.5,6.91,40,22,29,100,115,4,133,140,42,29,0,9,3,0,20,35,58,145,2325,65,6,0,2026-06-06T22:00:00+00:00,2026-06-07T16:02:52Z
49,Danilo,463,Brazil,C,13,DF,official,69,1,Flamengo,Brazil,34,1991-07-15,Brazil,184,,R,2600000,2026-12-31,,available,,,,,,,,,160,Flamengo,32,Copa Libertadores,96,49,2063,1,1,1.08,1.59,8,3,11,1812,92.9,6.93,16,11,19,91,87,0,58,57,32,25,0,6,3,1,3,5,16,141,2019,20,19,0,2026-06-06T22:00:00+00:00,2026-06-07T16:02:52Z
49,Danilo,463,Brazil,C,13,DF,official,69,1,Flamengo,Brazil,34,1991-07-15,Brazil,184,,R,2600000,2026-12-31,,available,,,,,,,,,160,Flamengo,32,Copa Libertadores,96,49,2063,1,1,1.08,1.59,8,3,11,1812,92.9,6.93,16,11,19,91,87,0,58,57,32,25,0,6,3,1,3,5,16,141,2019,20,19,0,2026-06-06T22:00:00+00:00,2026-06-07T16:02:52Z
4634,Bremer,463,Brazil,C,14,DF,official,7,1,Juventus,Italy,29,1997-03-18,Brazil,188,,R,33000000,2029-06-30,,available,,,,,,,,,73,Juventus,4,Serie A,358,34,2569,4,3,2.84,1.19,26,9,9,1531,89.5,6.98,34,16,36,112,132,3,126,104,79,56,0,3,5,0,2,8,1,138,1876,32,12,1,2026-06-06T22:00:00+00:00,2026-06-07T16:02:52Z
50,Léo Pereira,463,Brazil,C,15,DF,official,3,0,Flamengo,Brazil,30,1996-01-31,Brazil,189,,L,9400000,2027-12-31,,available,,,,,,,,,160,Flamengo,32,Copa Libertadores,96,56,4547,5,0,4.25,2.3,41,11,21,3966,93.3,7.22,35,21,45,186,197,6,140,128,81,66,0,8,6,0,4,6,20,272,4480,37,4,0,2026-06-06T22:00:00+00:00,2026-06-07T16:02:52Z
16392,Douglas Santos,463,Brazil,C,16,DF,official,6,0,Zenit St. Petersburg,Russia,32,1994-03-22,Brazil,174,,L,7000000,2027-06-30,,available,,,,,,,,,1331,Zenit St. Petersburg,31,International Friendly Games,133,4,282,0,1,,,,,,,,6.77,,,,,,,,,,,,,,,,,,,,,6,0,2026-06-06T22:00:00+00:00,2026-06-07T16:02:52Z
8113,Roger Ibañez,463,Brazil,C,24,DF,official,6,0,Al-Ahli,Saudi Arabia,27,1998-11-23,Brazil,185,,R,16500000,2027-06-30,,available,,,,,,,,,258,Al-Ahli,17,Saudi Pro League,339,28,2426,2,2,2.92,0.7,31,11,11,1308,85.8,7.31,31,17,26,103,109,6,126,72,52,26,0,4,3,2,23,33,4,176,1666,27,6,0,2026-06-06T22:00:00+00:00,2026-06-07T16:02:52Z
2244,Marquinhos,463,Brazil,C,,DF,official,104,7,Paris Saint-Germain,France,32,1994-05-14,Brazil,183,,R,29000000,2028-06-30,,available,,,,,,,,,114,Paris Saint-Germain,6,Ligue 1,317,46,2369,2,0,1.49,1.3,10,2,7,1906,93.5,7.19,32,22,16,76,94,3,103,66,58,37,0,10,2,0,6,6,3,181,2149,18,24,1,2026-06-06T22:00:00+00:00,2026-06-07T16:02:52Z
595,Vinícius Júnior,463,Brazil,C,7,FW,official,48,9,Real Madrid,Spain,25,2000-07-12,Brazil,176,,R,156000000,2027-06-30,,injured,,,,,,,,,57,Real Madrid,3,La Liga,294,52,4085,21,10,21.57,8.93,159,67,96,1599,82.1,7.43,34,16,3,1,128,37,264,287,2,11,0,2,7,0,117,259,83,85,2613,48,18,5,2026-06-06T22:00:00+00:00,2026-06-07T16:02:52Z
4119,Matheus Cunha,463,Brazil,C,9,FW,official,22,1,Manchester United,England,27,1999-05-27,Brazil,184,,R,73000000,2030-06-30,,available,,,,,,,,,17,Manchester United,1,Premier League,337,36,2683,10,2,8.24,3.13,99,36,40,939,80.2,7.06,40,23,21,22,134,37,176,202,29,47,0,4,4,0,48,99,58,48,1624,30,12,1,2026-06-06T22:00:00+00:00,2026-06-07T16:02:52Z
215,Neymar,463,Brazil,C,10,FW,official,128,79,Santos,Brazil,34,1992-02-05,Brazil,175,,R,8500000,2026-12-31,,injured,,,,56,89,24,76,93,165,Santos,33,Copa Sudamericana,114,33,2669,14,4,14.35,6.24,95,36,82,1328,77.6,7.43,12,8,3,3,94,21,203,211,15,20,0,5,7,0,47,129,126,77,2124,39,4,2,2023-10-18T00:00:00+00:00,2026-06-07T16:02:52Z
747,Raphinha,463,Brazil,C,11,FW,official,38,11,FC Barcelona,Spain,29,1996-12-14,Brazil,176,,L,72000000,2028-06-30,,injured,,,,,,,,,44,FC Barcelona,3,La Liga,294,34,2045,17,6,13.98,7.65,90,35,68,894,80.0,7.42,26,13,8,14,73,20,78,81,7,7,0,2,3,0,32,58,112,59,1372,12,20,6,2026-06-06T22:00:00+00:00,2026-06-07T16:02:52Z
606,Endrick,463,Brazil,C,19,FW,official,16,3,Olympique Lyonnais,France,19,2006-07-21,Brazil,173,,L,42000000,2026-06-30,,available,,,,,,,,,100,Olympique Lyonnais,6,Ligue 1,317,21,1631,8,8,8.58,3.88,71,35,38,398,76.1,7.22,18,9,3,4,53,15,97,127,6,19,0,10,5,1,44,96,62,51,829,28,16,1,2026-06-06T22:00:00+00:00,2026-06-07T16:02:52Z
16393,Luiz Henrique,463,Brazil,C,21,FW,official,14,2,Zenit St. Petersburg,Russia,25,2001-01-02,Brazil,182,,L,25000000,2028-12-31,,available,,,,,,,,,1331,Zenit St. Petersburg,31,International Friendly Games,133,4,211,0,1,,,,,,,,7.07,,,,,,,,,,,,,,,,,,,,,12,2,2026-06-06T22:00:00+00:00,2026-06-07T16:02:52Z
452,Gabriel Martinelli,463,Brazil,C,22,FW,official,22,4,Arsenal,England,24,2001-06-18,Brazil,180,,R,42000000,2027-06-30,,available,,,,,,,,,18,Arsenal,1,Premier League,337,59,2396,11,7,11.05,3.49,66,27,40,608,79.4,6.84,19,12,11,14,102,16,104,159,19,30,0,3,5,0,40,90,92,33,1152,19,19,2,2026-06-06T22:00:00+00:00,2026-06-07T16:02:52Z
473,Igor Thiago,463,Brazil,C,25,FW,official,3,2,Brentford,England,24,2001-06-26,Brazil,191,,R,52000000,2031-06-30,,available,,,,,,,,,16,Brentford,1,Premier League,337,41,3434,25,1,22.13,1.8,87,46,24,645,69.3,6.95,43,24,13,68,96,17,206,331,109,181,0,8,5,0,29,54,20,27,1268,76,4,2,2026-06-06T22:00:00+00:00,2026-06-07T16:02:52Z
663,Rayan,463,Brazil,C,26,FW,official,2,1,Bournemouth,England,19,2006-08-03,Brazil,185,,L,39000000,2031-06-30,,available,,,,,,,,,2,Bournemouth,1,Premier League,337,15,1119,5,2,2.96,1.7,28,8,14,312,78.2,7.05,11,6,8,20,43,11,55,78,24,31,0,2,1,0,14,35,24,16,533,9,4,1,2026-06-06T22:00:00+00:00,2026-06-07T16:02:52Z
322,Alisson,463,Brazil,C,1,GK,official,77,0,Liverpool FC,England,33,1992-10-02,Brazil,193,,R,18700000,2027-06-30,,available,,,,,,,,,1,Liverpool FC,1,Premier League,337,35,3026,0,0,,0.05,0,0,0,1029,78.5,6.89,0,0,0,43,295,0,14,3,8,1,75,36,1,0,1,1,0,361,1347,1,19,0,2026-06-06T22:00:00+00:00,2026-06-07T16:02:52Z
4488,Weverton,463,Brazil,C,12,GK,official,10,0,Grêmio,Brazil,38,1987-12-13,Brazil,189,,R,750000,2028-12-31,,available,,,,,,,,,154,Grêmio,33,Copa Sudamericana,114,25,2250,0,1,,0.05,0,0,3,641,67.1,7.12,1,0,0,22,202,0,11,3,5,1,64,23,1,0,0,0,0,310,905,1,7,0,2026-06-06T22:00:00+00:00,2026-06-07T16:02:52Z
3406,Ederson,463,Brazil,C,23,GK,official,32,0,Fenerbahçe,Türkiye,32,1993-08-17,Brazil,188,,L,9200000,2028-06-30,14051440,available,86,Unlikely to Improve,Not Specifically,,,,,,134,Fenerbahçe,11,Trendyol Super Lig,380,33,2852,0,0,,0.09,0,0,1,918,73.6,7.0,0,0,0,26,199,0,16,3,12,1,79,36,6,1,0,0,0,420,1186,0,14,0,2026-06-06T22:00:00+00:00,2026-06-07T16:02:52Z
1793,Casemiro,463,Brazil,C,5,MF,official,85,9,Manchester United,England,34,1992-02-23,Brazil,185,,R,7300000,2026-06-30,,available,,,,,,,,,17,Manchester United,1,Premier League,337,36,2604,9,2,5.57,3.08,52,18,37,1591,81.3,7.22,90,45,32,74,140,16,189,168,57,55,0,5,5,0,7,16,17,160,2123,46,11,1,2026-06-06T22:00:00+00:00,2026-06-07T16:02:52Z
709,Bruno Guimarães,463,Brazil,C,8,MF,official,42,2,Newcastle United,England,28,1997-11-16,Brazil,182,,R,77000000,2028-06-30,,available,,,,,,,,,4,Newcastle United,1,Premier League,337,43,3315,9,7,7.51,5.4,57,28,63,1956,85.6,7.3,76,49,28,38,192,8,215,218,17,33,0,6,6,0,28,65,101,182,2703,60,23,2,2026-06-06T22:00:00+00:00,2026-06-07T16:02:52Z
8156,Fabinho,463,Brazil,C,17,MF,official,32,0,Al-Ittihad,Saudi Arabia,32,1993-10-23,Brazil,187,,R,11900000,2026-06-30,,available,,,,,,,,,271,Al-Ittihad,17,Saudi Pro League,339,30,2642,1,3,1.58,1.38,15,6,26,1686,92.6,7.13,57,40,36,61,130,3,131,109,32,28,0,5,7,1,12,17,5,130,2026,46,4,0,2026-06-06T22:00:00+00:00,2026-06-07T16:02:52Z
5034,Danilo Barbosa,463,Brazil,C,18,MF,official,3,2,Botafogo,Brazil,25,2001-04-29,Brazil,182,,,2300000,,,available,,,,,,,,,163,Botafogo,9,Brasileirão Serie A,29,10,38,0,0,0.02,0.0,1,1,0,12,100.0,6.55,1,1,1,2,1,0,2,5,1,3,0,0,0,0,0,1,0,1,23,1,0,0,,2026-06-07T16:02:52Z
1642,Lucas Paquetá,463,Brazil,C,20,MF,official,62,13,Flamengo,Brazil,28,1997-08-26,Brazil,180,,L,36000000,,,available,,,,,,,,,160,Flamengo,32,Copa Libertadores,96,16,1031,5,0,2.6,1.5,34,13,16,625,84.0,7.28,26,21,2,16,57,8,81,52,14,9,0,4,2,0,10,20,5,39,841,19,13,3,2026-06-06T22:00:00+00:00,2026-06-07T16:02:52Z
1793,Casemiro,463,Brazil,C,,MF,official,84,8,Manchester United,England,34,1992-02-23,Brazil,185,,R,7300000,2026-06-30,,available,,,,,,,,,17,Manchester United,1,Premier League,337,36,2604,9,2,5.57,3.08,52,18,37,1591,81.3,7.22,90,45,32,74,140,16,189,168,57,55,0,5,5,0,7,16,17,160,2123,46,11,1,2026-06-06T22:00:00+00:00,2026-06-07T16:02:52Z
22091,Stopira,476,Cabo Verde,H,2,DF,official,61,4,Torreense,Portugal,38,1988-05-20,Cape Verde,180,,L,47000,2026-06-30,37429,available,69,Unlikely to Improve,Unlikely,,,,,,2213,Torreense,2,Liga Portugal Betclic,305,2,180,0,0,0.32,,3,0,0,81,86.4,6.85,3,2,2,12,3,1,18,10,12,6,0,2,0,0,1,1,0,9,111,3,10,1,2026-06-06T20:00:00+00:00,2026-06-07T16:02:52Z
22092,Diney Borges,476,Cabo Verde,H,3,DF,official,30,2,Al Bataeh,,31,1995-01-17,Cape Verde,185,,R,930000,,53260,available,66,Can Polish Skills,Very Unlikely,,,,,,2325,Al Bataeh,31,International Friendly Games,133,2,0,0,0,,,,,,,,,,,,,,,,,,,,,,,,,,,,,16,2,2026-06-06T20:00:00+00:00,2026-06-07T16:02:52Z
22089,Pico,476,Cabo Verde,H,4,DF,official,45,0,Shamrock Rovers,,33,1992-06-17,Cape Verde,186,,R,260000,,,available,,,,,,,,,2349,Shamrock Rovers,31,International Friendly Games,133,2,0,0,0,,,,,,,,,,,,,,,,,,,,,,,,,,,,,16,0,2026-06-06T20:00:00+00:00,2026-06-07T16:02:52Z
22088,Logan Costa,476,Cabo Verde,H,5,DF,official,27,0,Villarreal,Spain,25,2001-04-01,Cape Verde,188,,R,17500000,2030-06-30,2945280,available,79,Almost Reached,Unlikely,,,,,,41,Villarreal,3,La Liga,294,6,28,0,0,,0.02,0,0,1,25,96.0,6.8,1,0,0,1,2,0,1,1,0,0,0,9,0,0,0,0,0,2,27,1,13,0,2026-06-06T20:00:00+00:00,2026-06-07T16:02:52Z
1235,Sidny Lopes Cabral,476,Cabo Verde,H,13,DF,official,9,3,Benfica,Portugal,23,2002-09-18,Cape Verde,176,,B,4099999,2030-06-30,1043120,available,72,Almost Reached,Unlikely,,,,,,37,Benfica,2,Liga Portugal Betclic,305,13,375,1,2,0.86,1.62,17,3,11,151,86.1,7.02,7,5,1,4,16,7,21,32,2,4,0,0,1,0,2,12,57,6,306,7,6,1,2026-06-06T20:00:00+00:00,2026-06-07T16:02:52Z
9199,Steven Moreira,476,Cabo Verde,H,22,DF,official,19,0,Columbus Crew,USA,31,1994-08-13,Cape Verde,180,,R,1500000,2026-12-31,797680,available,72,Unlikely to Improve,Not Specifically,,,,,,295,Columbus Crew,18,MLS,159,49,3861,1,2,1.69,3.86,29,9,33,2775,89.9,6.81,48,38,26,63,158,15,106,142,19,35,0,10,1,0,23,46,53,158,3473,34,13,0,2026-06-06T20:00:00+00:00,2026-06-07T16:02:52Z
6789,Wagner Pina,476,Cabo Verde,H,24,DF,official,13,0,Trabzonspor,Türkiye,23,2002-11-03,Cape Verde,180,,R,11400000,2029-06-30,1288560,available,76,Can Polish Skills,Unlikely,,,,,,197,Trabzonspor,11,Trendyol Super Lig,380,31,2366,0,7,0.38,4.52,11,4,31,999,86.1,6.95,63,39,26,53,120,4,129,116,25,22,0,6,3,0,12,46,73,61,1707,27,8,0,2026-06-06T20:00:00+00:00,2026-06-07T16:02:52Z
22093,Kelvin Pires,476,Cabo Verde,H,25,DF,official,5,1,SJK,Finland,26,2000-06-05,Cape Verde,193,,R,270000,2026-12-31,,available,,,,,,,,,2100,SJK,31,International Friendly Games,133,8,450,1,0,1.27,0.0,6,2,0,289,84.1,7.52,1,1,14,13,70,2,30,29,19,10,0,11,4,0,3,4,1,57,380,2,5,0,2026-06-06T20:00:00+00:00,2026-06-07T16:02:52Z
22070,Gilson Tavares,476,Cabo Verde,H,9,FW,official,22,6,Akron Togliatti,,24,2001-12-28,Cape Verde,175,,B,1200000,2028-06-30,,available,,,,,,,,,2344,Akron Togliatti,31,International Friendly Games,133,2,0,0,0,,,,,,,,,,,,,,,,,,,,,,,,,,,,,7,1,2026-06-06T20:00:00+00:00,2026-06-07T16:02:52Z
2276,Dailon Rocha Livramento,476,Cabo Verde,H,19,FW,official,21,7,Casa Pia,Portugal,25,2001-05-04,Cape Verde,185,,R,775000,2026-06-30,,available,,,,,,,,,21,Casa Pia,2,Liga Portugal Betclic,305,30,1060,0,1,2.63,0.98,27,10,10,155,58.7,6.45,5,2,3,11,33,4,68,103,42,56,0,4,1,0,12,22,12,4,330,21,10,4,2026-06-06T20:00:00+00:00,2026-06-07T16:02:52Z
7073,Ryan Mendes,476,Cabo Verde,H,20,FW,official,97,22,Iğdır FK,,36,1990-01-08,Cape Verde,175,,R,220000,2026-06-30,1104480,available,70,Almost Reached,Somewhat,,,,,,2347,Iğdır FK,11,Trendyol Super Lig,380,4,273,0,0,,,,,,,,6.62,,,,,,,,,,,,,,,,,,,,,16,3,2026-06-06T20:00:00+00:00,2026-06-07T16:02:52Z
22095,Vozinha,476,Cabo Verde,H,1,GK,official,86,0,Chaves,,40,1986-06-03,Cape Verde,194,,R,48000,2026-06-30,,available,,,,,,,,,2350,Chaves,31,International Friendly Games,133,2,0,0,0,,,,,,,,,,,,,,,,,,,,,,,,,,,,,17,0,2026-06-06T20:00:00+00:00,2026-06-07T16:02:52Z
11394,Márcio Rosa,476,Cabo Verde,H,12,GK,official,10,0,PFK Montana 1921,Bulgaria,29,1997-02-23,Cape Verde,186,,R,340000,2027-06-30,,available,,,,,,,,,349,PFK Montana 1921,22,Parva Liga,321,31,720,0,0,0.0,0.0,0,0,0,158,81.6,7.24,0,0,8,8,29,0,7,3,5,1,36,44,2,0,0,0,0,54,202,0,14,0,2026-06-06T20:00:00+00:00,2026-06-07T16:02:52Z
9347,CJ Dos Santos,476,Cabo Verde,H,23,GK,official,1,0,San Diego FC,USA,25,2000-08-24,Cape Verde,191,,R,1100000,2027-12-31,184080,available,68,Can Polish Skills,Not Specifically,,,,,,296,San Diego FC,18,MLS,159,45,2998,0,0,,0.01,0,0,0,961,88.2,6.98,2,2,0,36,279,0,9,9,4,2,100,64,0,0,0,0,0,181,1299,3,2,0,2026-06-06T20:00:00+00:00,2026-06-07T16:02:52Z
22076,Kevin Lenini,476,Cabo Verde,H,6,MF,official,31,3,FC Krasnodar,,29,1997-01-27,Cape Verde,181,,B,4900000,2027-06-30,1104480,available,74,Almost Reached,Unlikely,,,,,,2348,FC Krasnodar,31,International Friendly Games,133,2,0,0,0,,,,,,,,,,,,,,,,,,,,,,,,,,,,,14,1,2026-06-06T20:00:00+00:00,2026-06-07T16:02:52Z
1241,Jovane Cabral,476,Cabo Verde,H,7,MF,official,26,2,CF Estrela Amadora,Portugal,27,1998-06-14,Cape Verde,176,,R,910000,2026-06-30,184080,available,71,Can Polish Skills,Somewhat,,,,,,34,CF Estrela Amadora,2,Liga Portugal Betclic,305,27,1679,7,1,4.08,1.51,55,23,21,635,79.8,7.03,35,28,8,10,106,13,136,114,14,17,0,7,3,0,30,50,27,64,1059,43,13,1,2026-06-06T20:00:00+00:00,2026-06-07T16:02:52Z
11206,João Paulo,476,Cabo Verde,H,8,MF,official,41,1,FCSB,Romania,28,1998-05-24,Cape Verde,176,,L,730000,2028-06-30,32520,available,69,Can Polish Skills,Unlikely,,,,,,140,FCSB,23,Superliga,374,16,1174,2,0,1.1,,15,5,10,599,85.8,6.94,12,8,15,38,82,3,78,62,27,28,0,6,1,0,18,25,43,46,916,8,15,0,2026-06-06T20:00:00+00:00,2026-06-07T16:02:52Z
5331,Jamiro Monteiro,476,Cabo Verde,H,10,MF,official,54,5,PEC Zwolle,Netherlands,32,1993-11-28,Cape Verde,175,,B,590000,2026-06-30,1227200,available,73,Almost Reached,Unlikely,,,,,,177,PEC Zwolle,10,Eredivisie,279,21,1070,2,3,2.08,1.6,16,3,13,483,83.6,6.94,36,23,7,8,90,3,74,66,1,6,0,5,0,0,2,16,23,50,700,15,17,3,2026-06-06T20:00:00+00:00,2026-06-07T16:02:52Z
22074,Garry Rodrigues,476,Cabo Verde,H,11,MF,official,59,9,Apollon Limassol,,35,1990-11-27,Cape Verde,173,,R,315000,2027-05-31,,available,,,,,,,,,2345,Apollon Limassol,31,International Friendly Games,133,2,0,0,0,,,,,,,,,,,,,,,,,,,,,,,,,,,,,15,1,2026-06-06T20:00:00+00:00,2026-06-07T16:02:52Z
3314,Deroy Duarte,476,Cabo Verde,H,14,MF,official,30,0,Ludogorets,Bulgaria,26,1999-07-04,Cape Verde,177,,R,1700000,2028-06-30,61360,available,68,Can Polish Skills,Not Specifically,,,,,,136,Ludogorets,22,Parva Liga,321,53,2356,1,1,1.76,2.32,26,3,33,1180,89.3,6.95,26,19,30,33,184,13,136,150,44,38,0,5,3,0,21,27,18,67,1491,30,16,0,2026-06-06T20:00:00+00:00,2026-06-07T16:02:52Z
22077,Laros Duarte,476,Cabo Verde,H,15,MF,official,13,1,Puskás Akadémia,Hungary,29,1997-02-28,Cape Verde,180,,R,1000000,2027-06-30,245440,available,65,Can Polish Skills,Unlikely,,,,,,1590,Puskás Akadémia,31,International Friendly Games,133,2,0,0,0,,,,,,,,,,,,,,,,,,,,,,,,,,,,,12,0,2026-06-06T20:00:00+00:00,2026-06-07T16:02:52Z
22079,Yannick Semedo,476,Cabo Verde,H,16,MF,official,10,1,SC Farense,Portugal,30,1995-12-29,Cape Verde,171,,R,290000,2026-06-30,,available,,,,,,,,,1316,SC Farense,31,International Friendly Games,133,2,0,0,0,,,,,,,,,,,,,,,,,,,,,,,,,,,,,8,1,2026-06-06T20:00:00+00:00,2026-06-07T16:02:52Z
22075,Willy Semedo,476,Cabo Verde,H,17,MF,official,37,2,Omonia Nicosia,,32,1994-04-27,Cape Verde,185,,R,1000000,2026-05-31,,available,,,,,,,,,2346,Omonia Nicosia,31,International Friendly Games,133,2,0,0,0,,,,,,,,,,,,,,,,,,,,,,,,,,,,,15,2,2026-06-06T20:00:00+00:00,2026-06-07T16:02:52Z
2701,Telmo Arcanjo,476,Cabo Verde,H,18,MF,official,15,1,Vitória SC,Portugal,24,2001-06-21,Cape Verde,180,,L,2900000,2027-06-30,122720,available,75,Almost Reached,Not Specifically,,,,,,36,Vitória SC,2,Liga Portugal Betclic,305,32,1252,1,0,1.06,3.1,27,9,29,391,81.1,6.79,19,15,9,4,53,8,83,59,11,14,0,8,1,0,19,34,89,32,707,16,8,1,2026-06-06T20:00:00+00:00,2026-06-07T16:02:52Z
6645,Nuno Da Costa,476,Cabo Verde,H,21,MF,official,8,1,Başakşehir FK,Türkiye,35,1991-02-10,Cape Verde,184,,R,380000,2027-06-30,552240,available,75,Unlikely to Improve,Not Specifically,,,,,,194,Başakşehir FK,11,Trendyol Super Lig,380,33,921,3,0,3.42,1.02,27,6,13,172,70.3,6.69,16,11,9,11,28,5,91,93,37,31,0,4,1,0,19,32,10,9,394,19,4,0,2026-06-06T20:00:00+00:00,2026-06-07T16:02:52Z
3176,Hélio Varela,476,Cabo Verde,H,26,MF,official,20,0,Maccabi Tel Aviv,Israel,24,2002-05-03,Cape Verde,176,,R,1200000,2028-06-30,,available,,,,,,,,,130,Maccabi Tel Aviv,8,Europa League,280,8,368,0,0,0.11,0.58,3,2,3,94,75.5,6.68,6,4,1,3,15,1,30,19,6,7,0,0,0,0,5,12,12,3,172,2,11,0,2026-06-06T20:00:00+00:00,2026-06-07T16:02:52Z
4406,Alistair Johnston,455,Canada,B,2,DF,official,58,1,Celtic,Scotland,27,1998-10-08,Canada,180,,R,7600000,2029-06-30,1043120,available,78,Almost Reached,Not Specifically,,,,,,132,Celtic,13,Scottish Premiership,345,9,562,0,1,0.18,0.96,4,0,9,384,84.4,6.94,15,10,5,22,25,1,35,19,11,6,0,6,2,0,4,6,13,42,528,8,15,0,2026-06-05T23:30:00+00:00,2026-06-07T16:02:52Z
6324,Alfie Jones,455,Canada,B,3,DF,official,2,0,Middlesbrough,England,28,1997-10-07,Canada,191,,R,5800000,2029-06-30,920400,injured,73,Almost Reached,Not Specifically,,,,,,207,Middlesbrough,12,Championship,243,23,1886,1,1,0.55,0.39,7,2,2,1151,90.0,6.86,34,25,20,91,91,1,81,70,40,35,0,0,0,0,1,3,2,104,1416,18,2,0,2026-06-05T23:30:00+00:00,2026-06-07T16:02:52Z
7612,Luc De Fougerolles,455,Canada,B,4,DF,official,13,0,FCV Dender,Belgium,20,2005-10-12,Canada,183,,R,1000000,2026-06-30,,available,,,,,,,,,234,FCV Dender,14,Pro League,338,29,1717,0,1,0.48,0.47,5,0,8,936,81.8,6.74,34,20,22,89,70,2,134,82,48,32,0,6,5,1,7,11,9,126,1280,28,14,0,2026-06-05T23:30:00+00:00,2026-06-07T16:02:52Z
9350,Joel Waterman,455,Canada,B,5,DF,official,17,0,Chicago Fire,USA,30,1996-01-24,Canada,188,,R,2400000,2027-12-31,,available,,,,,,,,,289,Chicago Fire,18,MLS,159,22,1444,1,0,0.19,0.51,2,1,5,1141,89.3,6.85,17,11,16,86,79,0,59,37,21,15,0,8,2,0,1,3,2,123,1332,14,19,0,2026-06-05T23:30:00+00:00,2026-06-07T16:02:52Z
4155,Derek Cornelius,455,Canada,B,13,DF,official,44,1,Olympique de Marseille,France,28,1997-11-25,Canada,188,,L,2300000,2028-06-30,736320,available,73,Almost Reached,Unlikely,,,,,,98,Olympique de Marseille,6,Ligue 1,317,3,57,0,0,,0.0,0,0,0,14,85.7,6.8,0,0,1,4,0,0,2,1,0,1,0,0,0,0,0,0,0,0,24,0,14,0,2026-06-05T23:30:00+00:00,2026-06-07T16:02:52Z
4514,Moise Bombito,455,Canada,B,15,DF,official,20,0,Nice,France,26,2000-03-30,Canada,190,,R,7800000,2028-06-30,736320,injured,76,Almost Reached,Not Specifically,,,,,,103,Nice,6,Ligue 1,317,5,146,0,0,,0.0,0,0,0,64,84.4,6.6,2,2,2,6,4,0,9,6,6,3,0,0,0,0,0,0,0,5,81,3,12,0,2026-06-05T23:30:00+00:00,2026-06-07T16:02:52Z
5170,Alphonso Davies,455,Canada,B,19,DF,official,58,15,FC Bayern München,Germany,25,2000-11-02,Canada,185,,L,39000000,2030-06-30,,injured,,,,50,57,56,76,71,79,FC Bayern München,7,Champions League,268,23,852,1,5,0.44,1.88,5,1,16,553,93.9,6.81,16,10,9,18,77,1,50,46,7,10,0,12,1,0,18,35,10,19,753,9,8,0,2025-03-23T22:00:00+00:00,2026-06-07T16:02:52Z
9548,Richie Laryea,455,Canada,B,22,DF,official,75,1,Toronto FC,Canada,31,1995-01-07,Canada,175,,R,950000,2026-12-31,,available,,,,,,,,,287,Toronto FC,18,MLS,159,26,2059,3,2,0.87,1.33,11,4,7,770,84.3,6.88,45,25,21,34,96,4,161,102,7,11,0,0,2,0,19,35,13,58,1275,39,17,0,2026-06-05T23:30:00+00:00,2026-06-07T16:02:52Z
16947,Niko Sigur,455,Canada,B,23,DF,official,19,2,HNK Hajduk Split,,22,2003-09-09,Canada,180,,R,3800000,2028-05-31,184080,available,71,Can Polish Skills,Unlikely,,,,,,2343,HNK Hajduk Split,31,International Friendly Games,133,4,283,0,0,,,,,,,,6.82,,,,,,,,,,,,,,,,,,,,,12,1,2026-06-05T23:30:00+00:00,2026-06-07T16:02:52Z
7161,Jamie Knight-Lebel,455,Canada,B,,DF,preliminary,3,0,Bristol City,England,21,2004-12-24,Canada,188,,R,315000,2026-05-31,,available,,,,46,32,69,39,31,220,Bristol City,12,Championship,243,1,0,0,0,,,0,0,0,0,,,0,0,0,0,0,0,0,0,0,0,0,0,0,0,0,0,0,0,0,0,8,0,2025-06-29T20:00:00+00:00,2026-06-07T16:02:52Z
9098,Ralph Priso,455,Canada,B,,DF,preliminary,2,0,Vancouver Whitecaps,Canada,23,2002-08-02,Canada,176,,L,775000,2026-12-31,,injured,,,,,,,,,278,Vancouver Whitecaps,18,MLS,159,43,2326,2,2,2.43,2.2,8,3,13,1524,92.5,6.92,34,18,21,63,141,3,87,88,15,13,0,2,0,0,16,21,7,125,1821,46,5,0,2026-06-05T23:30:00+00:00,2026-06-07T16:02:52Z
9460,Zorhan Bassong,455,Canada,B,,DF,preliminary,7,0,Sporting Kansas City,USA,27,1999-05-07,Canada,179,,L,1100000,2029-06-30,,available,,,,,,,,,299,Sporting Kansas City,18,MLS,159,32,1905,1,0,1.04,2.27,16,5,23,1103,86.3,6.81,48,29,27,30,108,7,94,95,21,16,0,11,2,0,10,15,27,78,1424,48,9,0,2026-06-05T23:30:00+00:00,2026-06-07T16:02:52Z
4164,Cyle Larin,455,Canada,B,9,FW,official,90,30,Southampton,England,31,1995-04-17,Canada,187,,R,3600000,,1104480,available,76,Unlikely to Improve,Unlikely,,,,,,205,Southampton,12,Championship,243,22,1153,9,1,7.83,0.55,28,16,10,182,77.5,6.69,7,5,1,14,25,5,53,104,26,41,0,6,4,0,6,15,4,10,385,24,18,0,2026-06-05T23:30:00+00:00,2026-06-07T16:02:52Z
2186,Jonathan David,455,Canada,B,10,FW,official,77,39,Juventus,Italy,26,2000-01-14,Canada,180,,B,29000000,2030-06-30,,available,,,,,,,,,73,Juventus,4,Serie A,358,49,2350,8,5,12.7,2.08,52,20,41,679,80.4,6.45,22,11,6,9,74,12,85,162,23,56,0,5,0,0,9,34,8,15,1042,38,18,8,2026-06-05T23:30:00+00:00,2026-06-07T16:02:52Z
1779,Tani Oluwaseyi,455,Canada,B,12,FW,official,24,2,Villarreal,Spain,26,2000-05-15,Canada,188,,L,8600000,2030-06-30,2699840,available,76,Almost Reached,Not Specifically,,,,,,41,Villarreal,3,La Liga,294,47,1565,7,2,7.01,0.6,41,21,11,195,66.2,6.63,11,7,2,14,25,7,72,123,35,46,0,9,1,0,12,32,4,5,451,17,18,2,2026-06-05T23:30:00+00:00,2026-06-07T16:02:52Z
1769,Tajon Buchanan,455,Canada,B,17,FW,official,60,8,Villarreal,Spain,27,1999-02-08,Canada,183,,R,13000000,2030-06-30,2515760,available,77,Almost Reached,Unlikely,,,,,,41,Villarreal,3,La Liga,294,47,2345,7,1,2.95,2.14,36,12,21,589,81.7,6.74,37,25,23,20,135,8,122,152,5,16,0,8,5,0,30,88,52,31,1138,24,14,3,2026-06-05T23:30:00+00:00,2026-06-07T16:02:52Z
8580,Ali Ahmed,455,Canada,B,20,FW,official,24,1,Norwich City,England,25,2000-10-10,Canada,180,,R,5400000,2029-06-30,,available,,,,44,51,46,62,55,209,Norwich City,12,Championship,243,21,1463,4,3,2.9,2.49,25,8,26,538,78.4,6.92,32,17,15,8,84,6,88,105,9,23,0,3,2,0,15,45,37,27,889,14,15,0,2026-06-02T01:00:00+00:00,2026-06-07T16:02:52Z
3754,Promise David,455,Canada,B,24,FW,official,10,3,Royale Union Saint-Gilloise,Belgium,24,2001-07-03,Canada,196,,B,18100000,2029-06-30,184080,injured,74,Almost Reached,Unlikely,,,,,,116,Royale Union Saint-Gilloise,14,Pro League,338,31,1862,11,1,14.96,1.44,87,34,15,338,55.9,6.67,5,5,4,25,56,15,104,151,72,73,0,0,2,0,8,26,7,23,663,36,8,1,2026-06-05T23:30:00+00:00,2026-06-07T16:02:52Z
6736,Daniel Jebbison,455,Canada,B,,FW,preliminary,7,0,Preston North End,England,22,2003-07-11,Canada,190,,R,5800000,2026-06-30,490880,available,70,Can Polish Skills,Not Specifically,38,61,24,41,41,214,Preston North End,12,Championship,243,40,2081,6,2,6.82,2.05,42,13,27,337,72.4,6.54,20,9,9,42,59,10,115,228,52,112,0,5,0,0,13,38,5,13,762,34,8,0,2026-04-01T01:00:00+00:00,2026-06-07T16:02:52Z
9013,Jacen Russell Rowe,455,Canada,B,,FW,preliminary,8,0,Toulouse,France,23,2002-09-13,Canada,184,,B,3400000,2029-06-30,306800,available,69,Can Polish Skills,Unlikely,46,63,30,45,48,104,Toulouse,6,Ligue 1,317,16,511,1,0,1.22,0.2,11,4,6,110,70.0,6.44,7,4,1,4,11,1,17,37,7,19,0,4,0,0,2,5,3,5,181,10,9,1,2026-04-01T01:00:00+00:00,2026-06-07T16:02:52Z
9096,Dayne St. Clair,455,Canada,B,1,GK,official,20,0,Inter Miami CF,USA,29,1997-05-09,Canada,190,,L,3400000,2026-12-31,797680,available,74,Almost Reached,Not Specifically,,,,,,293,Inter Miami CF,18,MLS,158,15,1260,0,0,,0.04,0,0,1,465,82.6,6.71,1,0,0,12,127,0,3,4,2,0,41,28,3,0,0,0,0,143,600,1,18,0,2026-06-05T23:30:00+00:00,2026-06-07T16:02:52Z
9267,Maxime Crépeau,455,Canada,B,16,GK,official,32,0,Orlando City SC,USA,31,1994-11-05,Canada,185,,R,2200000,2028-06-30,,available,,,,,,,,,280,Orlando City SC,18,MLS,158,14,1186,0,0,,0.0,0,0,0,281,71.2,6.72,1,1,0,11,98,0,4,3,0,0,62,43,2,1,0,0,0,123,433,1,18,0,2026-06-05T23:30:00+00:00,2026-06-07T16:02:52Z
16948,Owen Goodman,455,Canada,B,18,GK,official,0,0,Barnsley,England,22,2003-11-27,Canada,193,,R,510000,2026-06-30,245440,available,68,Can Still Improve,Unlikely,,,,,,1414,Barnsley,31,International Friendly Games,133,4,0,0,0,,,,,,,,,,,,,,,,,,,,,,,,,,,,,4,0,2026-06-05T23:30:00+00:00,2026-06-07T16:02:52Z
9202,Mathieu Choinière,455,Canada,B,6,MF,official,23,0,Los Angeles FC,USA,27,1999-02-07,Canada,175,,R,845000,2028-12-31,,available,,,,,,,,,292,Los Angeles FC,18,MLS,159,28,1493,3,1,0.99,1.07,18,5,14,990,91.0,6.96,50,25,21,20,71,5,82,61,11,8,0,11,0,0,5,11,6,45,1210,19,19,0,2026-06-05T23:30:00+00:00,2026-06-07T16:02:52Z
1011,Stephen Eustaquio,455,Canada,B,7,MF,official,56,4,Los Angeles FC,USA,29,1996-12-21,Canada,178,,R,7600000,2026-06-30,1227200,available,77,Almost Reached,Unlikely,,,,,,292,Los Angeles FC,18,MLS,158,10,602,1,1,0.15,0.42,6,2,5,507,89.2,6.95,17,12,8,10,39,2,31,34,5,2,0,11,0,0,3,5,4,44,613,9,12,0,2026-06-05T23:30:00+00:00,2026-06-07T16:02:52Z
2848,Ismael Koné,455,Canada,B,8,MF,official,40,4,Sassuolo,Italy,24,2002-06-06,Canada,188,,R,26000000,2030-06-30,1043120,available,74,Can Polish Skills,Unlikely,,,,,,61,Sassuolo,4,Serie A,358,38,2840,6,0,4.68,1.81,23,10,24,1186,91.7,7.01,32,19,15,33,103,3,118,98,7,16,0,6,2,0,26,44,5,92,1574,27,17,1,2026-06-05T23:30:00+00:00,2026-06-07T16:02:52Z
6190,Liam Millar,455,Canada,B,11,MF,official,41,1,Hull City,England,26,1999-09-27,Canada,181,,R,2900000,2027-06-30,981760,available,76,Almost Reached,Unlikely,,,,,,204,Hull City,12,Championship,243,39,2215,3,5,3.92,3.5,56,12,36,587,74.6,6.82,43,21,15,27,118,22,114,155,14,32,0,3,2,0,28,84,78,44,1105,12,10,0,2026-06-05T23:30:00+00:00,2026-06-07T16:02:52Z
9296,Jacob Shaffelburg,455,Canada,B,14,MF,official,31,6,Los Angeles FC,USA,26,1999-11-26,Canada,178,,L,3100000,2026-12-31,,doubtful,,,,36,56,43,51,51,292,Los Angeles FC,18,MLS,158,7,223,0,2,0.25,0.88,5,1,8,74,77.0,6.6,2,2,0,0,5,1,9,18,1,3,0,6,0,0,2,7,22,1,143,2,14,3,2025-06-29T20:00:00+00:00,2026-06-07T16:02:52Z
9550,Jonathan Osorio,455,Canada,B,21,MF,official,90,10,Toronto FC,Canada,33,1992-06-12,Canada,175,,B,1200000,2026-12-31,1349920,available,74,Unlikely to Improve,Unlikely,,,,,,287,Toronto FC,18,MLS,159,38,3181,4,4,2.89,3.27,22,10,31,1671,89.2,7.01,57,30,31,38,199,2,142,106,15,16,0,12,5,0,14,25,26,61,2127,33,16,1,2026-06-05T23:30:00+00:00,2026-06-07T16:02:52Z
7351,Nathan-Dylan Saliba,455,Canada,B,25,MF,official,15,2,RSC Anderlecht,Belgium,22,2004-02-07,Canada,173,,B,5500000,2029-06-30,429520,available,69,Can Polish Skills,Unlikely,,,,,,240,RSC Anderlecht,14,Pro League,338,36,2258,3,1,3.22,2.41,58,15,26,1024,77.9,6.88,73,37,28,36,126,24,142,150,31,44,0,11,6,0,20,34,19,88,1472,45,8,2,2026-06-05T23:30:00+00:00,2026-06-07T16:02:52Z
10209,Marcelo Flores,455,Canada,B,26,MF,official,2,0,Tigres UANL,Mexico,22,2003-10-01,Canada,168,,R,3900000,2027-06-30,306800,available,71,Can Polish Skills,Not Specifically,34,54,38,48,55,321,Tigres UANL,20,Liga MX Clausura,297,34,956,4,0,2.92,1.18,21,11,11,341,83.9,6.83,10,2,9,16,39,5,42,57,4,4,0,4,0,0,21,46,19,19,566,8,2,0,2026-04-01T01:00:00+00:00,2026-06-07T16:02:52Z
9128,Jayden Nelson,455,Canada,B,,MF,preliminary,12,2,Austin FC,USA,23,2002-09-26,Canada,170,,R,1900000,2028-12-31,,available,,,,,,,,,290,Austin FC,18,MLS,158,10,455,2,0,0.73,1.03,7,2,5,144,79.2,6.86,5,4,2,4,11,2,31,43,4,7,0,5,2,0,10,22,17,8,261,11,7,1,2026-06-05T23:30:00+00:00,2026-06-07T16:02:52Z
426,Daniel Muñoz,498,Colombia,K,2,DF,official,45,3,Crystal Palace,England,30,1996-05-26,Colombia,183,,R,28000000,2028-06-30,4295200,available,81,Unlikely to Improve,Unlikely,64,47,73,51,55,14,Crystal Palace,1,Premier League,337,31,2567,4,3,2.6,3.97,29,15,29,878,79.4,6.95,78,52,28,103,101,7,153,135,51,56,0,15,3,0,3,16,66,72,1510,38,21,2,2026-06-01T23:00:00+00:00,2026-06-07T16:02:52Z
949,Jhon Lucumí,498,Colombia,K,3,DF,official,36,1,Bologna,Italy,27,1998-06-26,Colombia,185,,L,23000000,2027-06-30,981760,available,81,Almost Reached,Unlikely,67,38,74,50,49,66,Bologna,4,Serie A,358,46,3400,1,1,1.24,0.7,14,6,12,2321,88.5,7.03,68,38,50,154,215,1,182,103,74,46,0,7,5,0,9,11,3,292,2783,32,22,0,2026-06-01T23:00:00+00:00,2026-06-07T16:02:52Z
94,Santiago Arias,498,Colombia,K,4,DF,official,67,0,CA Independiente,,34,1992-01-13,Colombia,177,,R,1300000,2027-12-31,490880,available,79,Unlikely to Improve,Somewhat,49,46,58,51,52,2390,CA Independiente,31,International Friendly Games,133,3,108,0,0,,,,,,,,6.8,,,,,,,,,,,,,,,,,,,,,20,0,2026-06-01T23:00:00+00:00,2026-06-07T16:02:52Z
3921,Yerry Mina,498,Colombia,K,13,DF,official,53,8,Cagliari,Italy,31,1994-09-23,Colombia,195,,R,2300000,2028-06-30,1963520,available,78,Unlikely to Improve,Somewhat,69,44,81,46,39,67,Cagliari,4,Serie A,358,30,2243,2,0,3.07,0.81,11,3,8,1297,92.0,6.94,33,18,26,128,90,2,134,72,60,28,0,6,4,1,2,5,1,94,1645,26,21,1,2026-06-01T23:00:00+00:00,2026-06-07T16:02:52Z
16386,Gustavo Puerta,498,Colombia,K,14,DF,official,5,1,Real Racing Club,Spain,22,2003-07-23,Colombia,171,,R,5300000,2029-06-30,1288560,available,75,Can Polish Skills,Unlikely,33,50,38,51,55,1400,Real Racing Club,31,International Friendly Games,133,34,2714,3,1,3.43,,33,10,22,1913,89.9,7.03,56,30,35,31,192,8,167,172,29,26,0,4,14,1,19,42,27,87,2456,73,5,0,2026-06-01T23:00:00+00:00,2026-06-07T16:02:52Z
2641,Johan Mojica,498,Colombia,K,17,DF,official,44,1,Mallorca,Spain,33,1992-08-21,Colombia,185,,L,1700000,2027-06-30,2086240,available,76,Unlikely to Improve,Not Specifically,35,45,53,44,58,43,Mallorca,3,La Liga,294,36,2648,0,4,0.57,3.41,17,2,36,1188,79.4,6.7,50,28,21,83,170,3,115,104,23,16,0,8,4,1,14,38,131,178,2001,28,21,0,2026-06-01T23:00:00+00:00,2026-06-07T16:02:52Z
10042,Willer Ditta,498,Colombia,K,18,DF,official,4,0,Cruz Azul,Mexico,29,1997-01-23,Colombia,180,,R,6000000,2028-06-30,1043120,available,77,Almost Reached,Unlikely,64,36,76,48,41,314,Cruz Azul,20,Liga MX Clausura,297,43,3713,0,2,2.0,1.04,26,6,18,2193,88.8,6.99,58,44,50,190,184,4,193,107,85,35,0,7,4,0,14,17,13,255,2825,51,6,0,2026-06-01T23:00:00+00:00,2026-06-07T16:02:52Z
1420,Deiver Machado,498,Colombia,K,22,DF,official,15,0,Nantes,France,32,1993-09-02,Colombia,179,,L,1900000,2028-06-30,981760,available,76,Unlikely to Improve,Somewhat,49,54,55,52,55,113,Nantes,6,Ligue 1,317,17,1034,0,1,0.36,0.86,7,1,7,315,82.9,6.63,25,17,9,30,50,3,63,67,8,16,0,2,3,0,7,20,22,26,604,23,16,0,2026-06-01T23:00:00+00:00,2026-06-07T16:02:52Z
3726,Davinson Sánchez,498,Colombia,K,23,DF,official,78,4,Galatasaray,Türkiye,29,1996-06-12,Colombia,187,,R,16500000,2029-06-30,6381440,available,82,Unlikely to Improve,Unlikely,64,38,83,44,39,125,Galatasaray,11,Trendyol Super Lig,380,43,3444,2,0,2.58,1.38,23,7,16,2478,89.6,7.03,68,49,36,194,152,5,198,148,88,50,0,7,4,0,9,19,6,251,3060,52,23,3,2026-06-01T23:00:00+00:00,2026-06-07T16:02:52Z
10066,Álvaro Angulo,498,Colombia,K,,DF,preliminary,4,0,Pumas UNAM,Mexico,29,1997-06-03,Colombia,180,,L,3000000,2028-06-30,490880,available,72,Can Polish Skills,Somewhat,59,40,71,46,42,313,Pumas UNAM,20,Liga MX Clausura,297,37,3188,6,2,5.95,2.62,47,11,28,1034,81.5,6.74,56,34,29,96,81,14,125,108,33,31,0,9,4,0,18,38,100,95,1787,32,2,0,2025-09-09T23:30:00+00:00,2026-06-07T16:02:52Z
19417,Andrés Román,498,Colombia,K,,DF,preliminary,3,0,Atlético Nacional,Colombia,30,1995-10-05,Colombia,183,,R,1100000,2029-06-30,306800,available,72,Unlikely to Improve,Not Specifically,53,43,65,45,48,766,Atlético Nacional,33,Copa Sudamericana,114,1,70,0,0,0.03,0.01,1,0,0,18,72.2,6.1,2,2,0,0,4,0,5,4,2,1,0,0,1,0,1,3,1,1,33,1,5,0,2025-09-04T23:30:00+00:00,2026-06-07T16:02:52Z
655,Carlos Cuesta,498,Colombia,K,,DF,preliminary,24,0,Vasco da Gama,Brazil,27,1999-03-09,Colombia,179,,R,8400000,2026-12-31,1656720,available,72,Almost Reached,Not Specifically,59,35,73,47,38,164,Vasco da Gama,33,Copa Sudamericana,114,32,2165,2,1,1.25,0.53,12,4,5,1141,90.4,6.76,26,16,28,111,72,3,83,69,44,28,0,11,1,2,6,6,16,79,1408,32,14,0,2025-03-26T00:00:00+00:00,2026-06-07T16:02:52Z
10105,Cristián Borja,498,Colombia,K,,DF,preliminary,8,0,Club América,Mexico,33,1993-02-18,Colombia,182,,L,1600000,2026-06-30,674960,available,74,Unlikely to Improve,Very Unlikely,44,42,62,52,50,307,Club América,20,Liga MX Clausura,297,35,2783,0,3,0.59,2.2,21,4,36,1478,89.1,6.91,57,37,27,61,136,6,124,80,22,17,0,4,1,0,15,21,75,145,2143,32,12,0,2025-06-11T00:00:00+00:00,2026-06-07T16:02:52Z
9092,Édier Ocampo,498,Colombia,K,,DF,preliminary,0,0,Vancouver Whitecaps,Canada,22,2003-10-03,Colombia,171,,R,3200000,2027-12-31,3374,available,65,Much Room to Grow,Unlikely,44,48,55,49,51,278,Vancouver Whitecaps,18,MLS,159,51,3756,3,0,3.85,6.6,50,12,44,1651,84.3,6.97,82,54,35,97,171,13,199,187,26,33,0,8,5,0,34,62,162,96,2670,59,0,0,,2026-06-07T16:02:52Z
22995,Jhohan Romaña,498,Colombia,K,,DF,preliminary,0,0,San Lorenzo,Argentina,27,1998-09-13,Colombia,185,,R,5500000,2026-12-31,368160,available,77,Almost Reached,Not Specifically,50,35,65,48,40,742,San Lorenzo,33,Copa Sudamericana,114,6,450,1,0,0.34,0.75,3,1,5,261,87.4,7.36,4,3,7,15,22,0,23,16,14,5,0,4,1,0,0,2,2,29,321,7,0,0,,2026-06-07T16:02:52Z
2189,Juan Cabal,498,Colombia,K,,DF,preliminary,3,0,Juventus,Italy,25,2001-01-08,Colombia,185,,L,9300000,2029-06-30,2270320,available,80,Almost Reached,Unlikely,54,35,69,46,40,73,Juventus,4,Serie A,358,32,527,2,0,0.86,0.22,6,2,4,217,77.4,6.58,14,10,6,12,30,2,34,44,8,12,0,4,2,1,5,11,8,27,341,11,4,0,2026-03-29T19:00:00+00:00,2026-06-07T16:02:52Z
18510,Junior Hernández,498,Colombia,K,,DF,preliminary,0,0,Deportes Tolima,Colombia,27,1999-04-05,Colombia,172,,L,630000,2026-12-30,429520,available,73,Can Polish Skills,Unlikely,49,43,64,50,46,781,Deportes Tolima,32,Copa Libertadores,96,10,470,1,0,0.18,0.49,10,5,4,180,78.3,6.7,5,2,4,16,15,0,15,27,4,4,0,3,0,0,5,13,19,28,333,4,0,0,,2026-06-07T16:02:52Z
523,Yerson Mosquera,498,Colombia,K,,DF,preliminary,4,1,Wolverhampton,England,25,2001-05-02,Colombia,188,,R,13000000,2030-06-30,2454400,available,75,Can Polish Skills,Not Specifically,50,40,69,45,39,11,Wolverhampton,1,Premier League,337,38,2484,0,0,2.62,0.69,32,6,12,934,80.8,6.63,65,39,28,126,111,8,172,129,50,55,0,6,10,0,8,21,27,101,1618,40,8,1,2026-03-29T19:00:00+00:00,2026-06-07T16:02:52Z
2465,Luis Díaz,498,Colombia,K,7,FW,official,73,22,FC Bayern München,Germany,29,1997-01-13,Colombia,178,,R,76000000,2029-06-30,14235520,available,90,Almost Reached,Unlikely,52,75,29,73,66,79,FC Bayern München,7,Champions League,268,50,3975,25,19,22.72,12.03,140,67,100,2071,86.7,7.29,36,24,23,5,197,35,208,291,21,41,0,13,6,1,96,189,57,105,2957,55,26,10,2026-06-01T23:00:00+00:00,2026-06-07T16:02:52Z
16388,Jhon Córdoba,498,Colombia,K,9,FW,official,21,6,FC Krasnodar,,33,1993-05-11,Colombia,188,,R,9500000,2027-06-30,4049760,injured,79,Unlikely to Improve,Unlikely,43,76,21,52,54,2348,FC Krasnodar,31,International Friendly Games,133,3,64,0,0,,,,,,,,6.8,,,,,,,,,,,,,,,,,,,,,21,4,2026-06-01T23:00:00+00:00,2026-06-07T16:02:52Z
1578,Cucho Hernández,498,Colombia,K,19,FW,official,8,2,Real Betis,Spain,27,1999-04-20,Colombia,175,,R,16500000,2030-06-30,2761200,available,79,Almost Reached,Unlikely,55,75,28,63,60,56,Real Betis,3,La Liga,294,44,3127,15,3,14.97,2.63,115,38,40,801,72.8,6.89,32,20,10,28,97,30,167,191,50,63,0,4,4,0,40,65,30,51,1417,26,5,0,2026-06-01T23:00:00+00:00,2026-06-07T16:02:52Z
16391,Jaminton Campaz,498,Colombia,K,21,FW,official,9,1,Rosario Central,Argentina,26,2000-05-24,Colombia,168,,L,5800000,2026-12-31,490880,available,73,Almost Reached,Unlikely,34,58,37,59,55,792,Rosario Central,32,Copa Libertadores,96,6,405,0,1,0.31,1.0,12,7,10,156,80.8,7.02,5,2,0,2,29,0,24,29,2,5,0,1,1,0,11,22,36,15,286,4,10,1,2026-06-01T23:00:00+00:00,2026-06-07T16:02:52Z
1221,Luis Javier Suárez,498,Colombia,K,25,FW,official,11,5,Sporting CP,Portugal,28,1997-12-02,Colombia,185,,R,27000000,2030-06-30,2515760,available,83,Almost Reached,Unlikely,44,70,18,50,57,22,Sporting CP,2,Liga Portugal Betclic,305,44,3653,33,8,27.3,6.6,167,75,60,795,75.3,7.32,23,12,2,17,80,33,195,219,52,56,0,5,7,0,44,96,6,35,1456,58,7,5,2026-06-01T23:00:00+00:00,2026-06-07T16:02:52Z
662,Andrés Gómez,498,Colombia,K,26,FW,official,7,2,Vasco da Gama,Brazil,23,2002-09-12,Colombia,172,,R,7800000,2031-01-31,,available,,,,36,55,40,44,54,164,Vasco da Gama,33,Copa Sudamericana,114,38,2576,4,7,5.47,6.08,93,28,52,597,79.1,6.83,33,22,16,14,140,31,163,261,11,33,0,12,7,0,68,168,111,18,1381,42,5,1,2026-06-01T23:00:00+00:00,2026-06-07T16:02:52Z
22381,Edwuin Cetré,498,Colombia,K,,FW,preliminary,0,0,Estudiantes de La Plata,Argentina,28,1998-01-01,Colombia,170,,R,3200000,2028-12-31,368160,available,71,Can Polish Skills,Unlikely,42,58,36,50,53,787,Estudiantes de La Plata,32,Copa Libertadores,96,6,246,0,0,0.44,0.18,12,4,3,55,76.4,6.68,3,1,0,3,8,2,11,4,2,0,0,3,0,0,2,4,16,4,117,1,0,0,,2026-06-07T16:02:52Z
3419,Jhon Durán,498,Colombia,K,,FW,preliminary,17,3,Zenit St. Petersburg,Russia,22,2003-12-13,Colombia,185,,L,27000000,2026-06-30,18408000,available,75,Can Polish Skills,Not Specifically,54,67,33,50,43,1331,Zenit St. Petersburg,11,Trendyol Super Lig,380,12,516,2,2,,,,,,,,6.92,,,,,,,,,,,,,,,,,,,,,17,2,2025-06-06T20:30:00+00:00,2026-06-07T16:02:52Z
2686,Johan Carbonero,498,Colombia,K,,FW,preliminary,2,2,Internacional,Brazil,26,1999-07-20,Colombia,170,,R,4300000,2029-12-31,674960,available,70,Can Polish Skills,Unlikely,36,58,38,60,53,161,Internacional,35,Copa do Brasil,78,42,2605,9,5,7.45,3.98,79,29,42,783,83.3,7.0,22,12,3,7,102,24,172,199,16,28,0,10,3,0,44,90,44,27,1382,51,2,0,2026-03-29T19:00:00+00:00,2026-06-07T16:02:52Z
12246,Kevin Viveros,498,Colombia,K,,FW,preliminary,0,0,Athletico,Brazil,26,2000-04-26,Colombia,180,,R,4099999,2028-06-30,24175,available,71,Almost Reached,Not Specifically,53,66,33,45,45,371,Athletico,35,Copa do Brasil,78,19,1700,11,1,10.7,0.29,51,30,12,180,79.4,7.16,4,3,1,13,25,10,90,125,9,35,0,3,3,0,10,37,10,8,515,37,0,0,,2026-06-07T16:02:52Z
12203,Néiser Villarreal,498,Colombia,K,,FW,preliminary,0,0,Cruzeiro,Brazil,21,2005-04-23,Colombia,186,,R,2100000,2030-12-31,,available,,,,51,65,42,53,55,150,Cruzeiro,32,Copa Libertadores,96,22,685,4,1,5.4,0.52,25,10,11,69,69.6,6.61,9,6,2,2,11,2,28,40,4,15,0,7,2,0,1,6,2,3,177,11,0,0,,2026-06-07T16:02:52Z
172,Rafael Borré,498,Colombia,K,,FW,preliminary,44,6,Internacional,Brazil,30,1995-09-15,Colombia,174,,R,3300000,2028-12-31,2086240,available,76,Unlikely to Improve,Very Unlikely,39,65,24,51,55,161,Internacional,35,Copa do Brasil,78,50,2991,8,3,13.69,2.65,79,28,28,617,77.8,6.74,51,35,11,26,96,18,164,257,58,111,0,12,2,0,20,51,23,22,1100,66,20,2,2026-03-29T19:00:00+00:00,2026-06-07T16:02:52Z
22761,Sebastián Villa,498,Colombia,K,,FW,preliminary,4,0,Independiente Rivadavia,Argentina,30,1996-05-19,Colombia,178,,R,6200000,2026-06-30,306800,available,70,Can Polish Skills,Unlikely,58,73,40,75,67,774,Independiente Rivadavia,32,Copa Libertadores,96,6,482,3,3,2.15,2.4,13,7,21,136,83.1,7.95,2,1,4,0,30,1,23,30,1,6,0,5,0,0,11,26,46,22,281,5,0,0,,2026-06-07T16:02:52Z
12244,Stiven Mendoza,498,Colombia,K,,FW,preliminary,2,0,Athletico,Brazil,33,1992-06-26,Colombia,171,,L,625000,2027-12-31,552240,available,74,Unlikely to Improve,Not Specifically,41,60,34,52,54,371,Athletico,35,Copa do Brasil,78,19,1556,5,0,1.56,1.43,26,11,18,557,86.7,7.02,20,10,9,11,78,4,47,54,2,6,0,4,0,0,11,25,34,22,789,15,0,0,,2026-06-07T16:02:52Z
16390,David Ospina,498,Colombia,K,1,GK,official,130,0,Atlético Nacional,Colombia,37,1988-08-31,Colombia,183,,R,220000,2026-06-30,,available,,,,69,,,,,766,Atlético Nacional,33,Copa Sudamericana,114,1,90,0,0,,0.0,0,0,0,22,86.4,6.4,0,0,0,1,5,0,2,0,0,0,1,3,1,0,1,1,0,5,28,0,17,0,2026-06-01T23:00:00+00:00,2026-06-07T16:02:52Z
10304,Camilo Vargas,498,Colombia,K,12,GK,official,41,0,Atlas FC,Mexico,37,1989-03-09,Colombia,185,,L,465000,2027-12-31,736320,available,76,Unlikely to Improve,Unlikely,54,,,,,305,Atlas FC,20,Liga MX Clausura,297,33,2970,0,1,,0.07,0,0,2,968,69.4,6.91,1,0,1,29,206,0,7,1,2,1,109,52,0,0,1,1,0,447,1221,0,26,0,2026-06-01T23:00:00+00:00,2026-06-07T16:02:52Z
16389,Álvaro Montero,498,Colombia,K,24,GK,official,11,0,Vélez Sarsfield,,31,1995-03-29,Colombia,200,,R,2700000,2026-12-31,,available,,,,65,,,,,2397,Vélez Sarsfield,31,International Friendly Games,133,3,90,0,0,,,,,,,,6.3,,,,,,,,,,,,,,,,,,,,,23,0,2026-06-01T23:00:00+00:00,2026-06-07T16:02:52Z
19036,Aldair Quintana,498,Colombia,K,,GK,preliminary,0,0,Independiente del Valle,Ecuador,31,1994-07-11,Colombia,194,,L,825000,2028-12-31,,available,,Almost Reached,Very Unlikely,39,,,,,793,Independiente del Valle,32,Copa Libertadores,96,6,540,0,0,,0.0,0,0,0,155,77.4,7.02,0,0,0,8,45,0,2,0,2,0,21,6,1,0,0,0,0,55,215,0,0,0,,2026-06-07T16:02:52Z
23844,Andrés Mosquera,498,Colombia,K,,GK,preliminary,1,0,Independiente Santa Fe,Colombia,34,1991-09-10,Colombia,186,,R,440000,2026-12-31,429520,available,74,Unlikely to Improve,Unlikely,60,,,,,797,Independiente Santa Fe,32,Copa Libertadores,96,6,495,0,0,,0.01,0,0,0,123,59.3,6.95,0,0,0,5,64,0,1,0,1,0,23,7,1,0,0,0,0,74,181,0,0,0,,2026-06-07T16:02:52Z
10041,Kevin Mier,498,Colombia,K,,GK,preliminary,3,0,Cruz Azul,Mexico,26,2000-05-19,Colombia,190,,R,6100000,2029-06-30,,available,,,,60,,,,,314,Cruz Azul,20,Liga MX Clausura,297,30,2204,0,0,,0.11,0,0,1,873,78.9,6.83,1,1,1,17,188,0,8,0,3,0,56,35,0,0,1,1,0,306,1037,0,12,0,2025-09-09T23:30:00+00:00,2026-06-07T16:02:52Z
16385,Kevin Castaño,498,Colombia,K,5,MF,official,25,0,River Plate,Argentina,25,2000-09-29,Colombia,177,,R,6700000,2028-12-31,674960,available,74,Almost Reached,Unlikely,51,48,53,52,53,755,River Plate,33,Copa Sudamericana,114,5,128,0,0,0.05,0.04,1,0,0,94,85.1,7.1,7,5,2,1,8,1,12,9,1,0,0,2,1,0,0,1,0,7,117,4,24,0,2026-06-01T23:00:00+00:00,2026-06-07T16:02:52Z
3788,Richard Ríos,498,Colombia,K,6,MF,official,31,2,Benfica,Portugal,26,2000-06-02,Colombia,185,,R,27000000,2030-06-30,,available,,,,36,50,41,55,48,37,Benfica,2,Liga Portugal Betclic,305,39,3261,6,5,8.24,2.1,79,23,31,1651,85.6,7.04,70,42,32,39,173,22,245,215,52,46,0,4,5,0,35,56,29,128,2307,65,26,1,2026-06-01T23:00:00+00:00,2026-06-07T16:02:52Z
54,Jorge Carrascal,498,Colombia,K,8,MF,official,23,2,Flamengo,Brazil,28,1998-05-25,Colombia,179,,R,10200000,2029-06-30,797680,available,77,Almost Reached,Not Specifically,50,70,32,72,61,160,Flamengo,32,Copa Libertadores,96,37,1820,4,6,5.92,4.07,44,13,48,729,83.7,6.86,46,28,5,5,89,14,147,145,22,20,0,7,2,2,38,78,93,33,1204,33,21,0,2026-06-01T23:00:00+00:00,2026-06-07T16:02:52Z
10128,James Rodríguez,498,Colombia,K,10,MF,official,125,31,Minnesota United,USA,34,1991-07-12,Colombia,180,,L,1900000,2026-06-30,1349920,available,84,Unlikely to Improve,Somewhat,50,61,40,62,61,291,Minnesota United,18,MLS,158,8,194,0,2,0.22,1.7,9,3,14,167,86.2,7.18,3,3,0,1,10,1,10,13,0,1,0,4,0,0,4,6,24,11,233,2,27,4,2026-06-01T23:00:00+00:00,2026-06-07T16:02:52Z
530,Jhon Arias,498,Colombia,K,11,MF,official,37,4,Palmeiras,Brazil,28,1997-09-21,Colombia,170,,R,16100000,2029-12-31,1043120,available,79,Almost Reached,Unlikely,38,65,35,74,69,162,Palmeiras,32,Copa Libertadores,96,21,1556,6,1,4.36,1.82,42,20,32,649,88.9,7.16,27,19,15,7,101,11,95,104,9,10,0,7,4,0,29,60,33,30,1040,23,26,1,2026-06-01T23:00:00+00:00,2026-06-07T16:02:52Z
12242,Juan Portilla,498,Colombia,K,15,MF,official,9,0,Athletico,Brazil,27,1998-09-12,Colombia,183,,R,4600000,2028-12-31,122720,available,72,Almost Reached,Unlikely,53,48,58,49,49,371,Athletico,35,Copa do Brasil,78,17,918,0,0,0.41,0.23,7,1,3,428,85.5,6.62,15,11,10,9,35,3,41,44,9,5,0,2,3,0,8,13,3,36,539,21,10,0,2026-06-01T23:00:00+00:00,2026-06-07T16:02:52Z
428,Jefferson Lerma,498,Colombia,K,16,MF,official,64,5,Crystal Palace,England,31,1994-10-25,Colombia,179,,R,7400000,2026-06-30,4295200,available,75,Unlikely to Improve,Somewhat,55,53,55,52,52,14,Crystal Palace,1,Premier League,337,38,1855,0,4,2.6,1.42,21,7,17,911,79.5,6.81,33,20,26,74,115,6,143,109,74,50,0,15,4,0,4,8,12,106,1275,29,22,2,2026-06-01T23:00:00+00:00,2026-06-07T16:02:52Z
16387,Juan Fernando Quintero,498,Colombia,K,20,MF,official,48,6,River Plate,Argentina,33,1993-01-18,Colombia,168,,L,1900000,2027-12-31,1718080,available,78,Unlikely to Improve,Somewhat,48,63,35,63,72,755,River Plate,33,Copa Sudamericana,114,4,220,0,1,1.68,0.59,11,6,4,153,85.6,7.27,2,2,0,0,9,2,12,6,0,1,0,2,0,0,8,10,12,29,204,1,21,2,2026-06-01T23:00:00+00:00,2026-06-07T16:02:52Z
3853,Jhon Solís,498,Colombia,K,,MF,preliminary,0,0,Birmingham City,England,21,2004-10-03,Colombia,186,,R,2700000,2026-06-30,,available,,,,40,49,47,48,53,199,Birmingham City,12,Championship,243,19,1197,1,0,1.24,0.27,17,7,6,622,85.4,6.7,29,14,9,26,84,6,75,71,20,21,0,2,6,1,10,19,2,47,835,20,0,0,,2026-06-07T16:02:52Z
10276,Johan Rojas,498,Colombia,K,,MF,preliminary,0,0,Vasco da Gama,Brazil,23,2002-09-20,Colombia,180,,R,3700000,2026-12-31,306800,available,72,Can Polish Skills,Not Specifically,58,66,49,70,66,164,Vasco da Gama,33,Copa Sudamericana,114,22,1095,2,3,2.87,2.72,47,15,38,605,86.8,7.01,11,6,3,6,40,16,49,55,5,15,0,9,2,0,27,39,54,38,823,14,0,0,,2026-06-07T16:02:52Z
1160,Jordan Barrera,498,Colombia,K,,MF,preliminary,0,0,Botafogo,Brazil,20,2006-04-11,Colombia,175,,R,1900000,2029-12-31,245440,available,71,Can Still Improve,Unlikely,36,58,36,67,54,163,Botafogo,33,Copa Sudamericana,114,35,1091,3,1,3.45,0.95,30,11,18,351,84.0,6.65,15,9,6,8,43,5,60,67,13,10,0,13,3,0,15,27,20,19,548,20,0,0,,2026-06-07T16:02:52Z
4132,Juan Cuadrado,498,Colombia,K,,MF,preliminary,116,11,Pisa,Italy,38,1988-05-26,Colombia,179,,R,760000,2026-06-30,4663360,available,80,Unlikely to Improve,Not Specifically,59,64,52,68,76,72,Pisa,4,Serie A,358,25,581,1,0,1.72,1.17,10,2,15,261,82.8,6.81,20,12,4,9,29,5,55,53,2,4,0,11,1,1,14,33,50,31,491,12,2,0,2023-09-13T00:30:00+00:00,2026-06-07T16:02:52Z
19422,Juan Manuel Rengifo,498,Colombia,K,,MF,preliminary,0,0,Atlético Nacional,Colombia,21,2005-04-02,Colombia,175,,B,2400000,2028-12-31,3374,available,55,Much Room to Grow,Not Specifically,44,63,39,62,61,766,Atlético Nacional,33,Copa Sudamericana,114,1,90,0,0,0.13,0.31,3,1,1,85,88.2,7.1,1,1,1,0,6,1,2,5,0,0,0,0,0,0,1,1,12,8,114,1,0,0,,2026-06-07T16:02:52Z
1574,Nelson Deossa,498,Colombia,K,,MF,preliminary,0,0,Real Betis,Spain,26,2000-02-06,Colombia,185,,L,9800000,2030-06-30,2270320,available,75,Almost Reached,Not Specifically,42,53,46,60,49,56,Real Betis,3,La Liga,294,45,1491,0,1,0.88,0.63,35,3,13,724,84.5,6.82,38,20,9,22,89,9,174,116,40,21,0,7,4,0,37,52,8,52,1100,31,0,0,,2026-06-07T16:02:52Z
12319,Sebastian Gomez,498,Colombia,K,,MF,preliminary,2,0,Coritiba,Brazil,30,1996-06-03,Colombia,172,,L,1400000,2028-12-31,490880,available,72,Unlikely to Improve,Unlikely,58,50,59,50,54,370,Coritiba,35,Copa do Brasil,78,17,1365,0,0,0.66,0.24,15,4,7,414,88.4,6.67,34,20,18,24,60,4,60,68,7,12,0,13,3,0,2,9,1,23,620,25,1,0,2024-11-16T00:00:00+00:00,2026-06-07T16:02:52Z
30097,Wílmar Barrios,498,Colombia,K,,MF,preliminary,55,1,Zenit St. Petersburg,Russia,32,1993-10-17,Colombia,178,,R,5400000,2027-06-30,4602000,available,81,Unlikely to Improve,Unlikely,69,48,75,55,52,1331,Zenit St. Petersburg,,,,,,,,,,,,,,,,,,,,,,,,,,,,,,,,,,,,4,0,2023-10-17T23:30:00+00:00,2026-06-07T16:02:52Z
1048,Yáser Asprilla,498,Colombia,K,,MF,preliminary,11,2,Galatasaray,Türkiye,22,2003-11-19,Colombia,176,,L,15000000,2026-06-30,1043120,available,78,Can Still Improve,Unlikely,37,54,35,53,55,125,Galatasaray,11,Trendyol Super Lig,380,12,164,0,0,0.68,0.32,8,1,4,83,92.8,6.65,0,0,2,0,8,2,7,7,1,1,0,0,0,0,4,6,6,3,120,2,13,0,2024-10-10T20:00:00+00:00,2026-06-07T16:02:52Z
2468,Josip Stanišić,494,Croatia,L,2,DF,official,30,0,FC Bayern München,Germany,26,2000-04-02,Croatia,186,,R,34000000,2029-06-30,6074640,available,82,Almost Reached,Somewhat,46,41,65,57,48,79,FC Bayern München,7,Champions League,268,43,3061,3,5,2.61,5.84,18,11,47,1867,88.7,6.86,54,40,27,85,146,1,122,90,36,26,0,13,2,0,16,27,54,102,2528,12,13,0,2026-06-02T16:00:00+00:00,2026-06-07T16:02:52Z
1322,Marin Pongračić,494,Croatia,L,3,DF,official,19,0,Fiorentina,Italy,28,1997-09-11,Croatia,193,,R,5900000,2029-06-30,2761200,available,79,Almost Reached,Not Specifically,62,37,77,55,45,68,Fiorentina,4,Serie A,358,37,2928,0,0,0.67,0.52,8,1,8,1909,91.7,6.75,30,17,36,131,158,3,116,125,49,39,0,5,7,0,16,22,4,137,2292,70,20,0,2026-06-02T16:00:00+00:00,2026-06-07T16:02:52Z
846,Joško Gvardiol,494,Croatia,L,4,DF,official,47,4,Manchester City,England,24,2002-01-23,Croatia,186,,L,64000000,2028-06-30,,available,,,,67,43,72,59,53,12,Manchester City,1,Premier League,337,28,1866,2,4,3.07,1.28,25,9,9,1445,90.5,7.07,26,17,24,84,69,6,83,69,40,33,0,3,1,0,5,11,4,95,1738,24,18,2,2026-06-02T16:00:00+00:00,2026-06-07T16:02:52Z
1758,Duje Ćaleta-Car,494,Croatia,L,5,DF,official,38,1,Real Sociedad,Spain,29,1996-09-17,Croatia,192,,R,3100000,2026-06-30,,injured,,,,68,39,72,50,42,48,Real Sociedad,3,La Liga,294,43,2631,1,0,1.44,0.61,15,5,3,1690,90.4,6.82,26,15,31,168,97,4,140,99,104,60,0,8,5,1,0,0,1,124,2035,36,18,0,2026-06-02T16:00:00+00:00,2026-06-07T16:02:52Z
3767,Josip Šutalo,494,Croatia,L,6,DF,official,32,0,AFC Ajax,Netherlands,26,2000-02-28,Croatia,190,,R,13100000,2028-06-30,,injured,,,,71,37,81,49,40,122,AFC Ajax,10,Eredivisie,279,34,1977,0,0,0.22,0.52,4,0,3,1631,91.4,6.78,12,7,41,103,101,1,83,49,45,30,0,4,0,0,16,18,2,133,1898,8,21,0,2026-06-02T16:00:00+00:00,2026-06-07T16:02:52Z
2407,Kristijan Jakić,494,Croatia,L,18,DF,official,17,2,FC Augsburg,Germany,29,1997-05-14,Croatia,181,,R,5600000,2028-06-30,,available,,,,36,46,49,48,47,90,FC Augsburg,5,Bundesliga,228,30,1833,2,1,1.53,1.49,19,7,13,822,80.0,6.77,42,30,18,61,103,5,87,76,22,22,0,3,5,0,6,15,6,101,1118,19,19,2,2026-06-02T16:00:00+00:00,2026-06-07T16:02:52Z
1591,Luka Vušković,494,Croatia,L,22,DF,official,5,1,Hamburger SV,Germany,19,2007-02-24,Croatia,193,,R,64000000,2026-06-30,1534000,available,80,Can Polish Skills,Unlikely,47,39,58,48,40,96,Hamburger SV,5,Bundesliga,228,31,2651,6,0,4.31,1.29,36,11,13,1668,83.8,7.32,26,19,44,261,136,6,225,105,160,54,0,4,4,0,9,10,3,227,2244,32,7,1,2026-06-02T16:00:00+00:00,2026-06-07T16:02:52Z
3243,Martin Erlić,494,Croatia,L,25,DF,official,12,1,FC Midtjylland,Denmark,28,1998-01-24,Croatia,192,,R,3800000,2030-06-30,797680,available,74,Almost Reached,Not Specifically,78,36,79,47,45,127,FC Midtjylland,8,Europa League,280,13,734,4,1,2.61,0.08,7,5,2,342,84.2,7.01,13,4,17,57,27,0,48,35,32,21,0,0,2,0,0,0,0,38,468,11,12,1,2026-06-02T16:00:00+00:00,2026-06-07T16:02:52Z
2669,Ante Budimir,494,Croatia,L,11,FW,official,37,6,Osasuna,Spain,34,1991-07-22,Croatia,190,,L,2800000,2027-06-30,,available,,,,54,68,31,41,43,58,Osasuna,3,La Liga,294,41,3012,19,0,18.6,1.64,106,43,16,400,60.0,6.85,24,16,6,47,46,15,183,214,120,114,0,11,4,0,2,17,5,12,889,53,19,3,2026-06-02T16:00:00+00:00,2026-06-07T16:02:52Z
3510,Ivan Perišić,494,Croatia,L,14,FW,official,153,38,PSV Eindhoven,Netherlands,37,1989-02-02,Croatia,187,,B,1200000,2027-06-30,1718080,available,84,Unlikely to Improve,Unlikely,54,69,53,65,79,115,PSV Eindhoven,10,Eredivisie,279,39,2576,8,12,6.36,7.31,60,21,54,1054,76.6,7.08,30,19,34,57,90,16,106,119,52,34,0,2,4,0,15,36,195,77,1691,25,22,5,2026-06-02T16:00:00+00:00,2026-06-07T16:02:52Z
1183,Igor Matanović,494,Croatia,L,20,FW,official,8,2,SC Freiburg,Germany,23,2003-03-31,Croatia,197,,R,21000000,,1534000,available,76,Can Polish Skills,Not Specifically,42,60,29,40,40,89,SC Freiburg,8,Europa League,280,51,2648,15,4,13.81,2.91,83,31,41,528,62.9,6.75,53,28,16,51,89,17,245,306,129,131,0,16,4,0,24,51,1,28,1125,82,11,2,2026-06-02T16:00:00+00:00,2026-06-07T16:02:52Z
9568,Marco Pašalić,494,Croatia,L,24,FW,official,14,1,Orlando City SC,USA,25,2000-09-14,Croatia,177,,L,7100000,2027-12-31,1411280,available,75,Almost Reached,Unlikely,44,59,46,61,54,280,Orlando City SC,18,MLS,159,44,3305,14,5,9.18,5.82,115,47,53,1051,81.2,7.07,27,16,20,28,109,41,126,184,5,25,0,10,3,0,67,124,56,103,1731,28,18,0,2026-06-02T16:00:00+00:00,2026-06-07T16:02:52Z
9331,Petar Musa,494,Croatia,L,26,FW,official,11,1,FC Dallas,USA,28,1998-03-04,Croatia,190,,R,8600000,2027-12-31,,available,,,,57,74,35,58,53,286,FC Dallas,18,MLS,159,45,3520,31,8,24.83,5.2,131,58,49,1067,66.4,7.35,29,15,14,48,118,28,191,245,100,84,0,6,1,0,31,73,20,101,1694,64,5,1,2026-06-02T16:00:00+00:00,2026-06-07T16:02:52Z
1053,Dominik Livaković,494,Croatia,L,1,GK,official,74,0,GNK Dinamo Zagreb,Croatia,31,1995-01-09,Croatia,186,,R,4099999,2026-06-30,,available,,,,60,,,,,133,GNK Dinamo Zagreb,8,Europa League,280,2,210,0,0,,0.0,0,0,0,87,83.9,7.1,0,0,0,2,23,0,0,0,0,0,8,4,0,0,0,0,0,28,117,0,21,0,2026-06-02T16:00:00+00:00,2026-06-07T16:02:52Z
6182,Ivor Pandur,494,Croatia,L,12,GK,official,0,0,Hull City,England,26,2000-03-25,Croatia,187,,R,4800000,2027-06-30,,available,,,,69,,,,,204,Hull City,12,Championship,243,52,4230,0,0,,0.13,0,0,1,1644,53.9,6.95,1,1,0,62,417,0,21,3,15,1,144,73,4,0,0,0,0,1105,2089,1,5,0,2026-06-02T16:00:00+00:00,2026-06-07T16:02:52Z
3557,Dominik Kotarski,494,Croatia,L,23,GK,official,4,0,FC København,Denmark,26,2000-02-10,Croatia,188,,R,4800000,2030-06-30,,available,,,,47,,,,,124,FC København,7,Champions League,268,14,1260,0,0,,0.01,0,0,0,420,68.1,6.98,0,0,0,15,101,0,3,2,1,0,43,22,0,0,0,0,0,226,539,0,13,0,2026-06-02T16:00:00+00:00,2026-06-07T16:02:52Z
952,Nikola Moro,494,Croatia,L,7,MF,official,10,0,Bologna,Italy,28,1998-03-12,Croatia,182,,R,7200000,2027-06-30,,available,,,,60,55,53,60,65,66,Bologna,4,Serie A,358,54,2592,1,1,1.17,3.52,34,4,52,1856,85.6,7.12,41,13,27,49,125,10,109,88,25,28,0,7,1,0,19,30,92,319,2279,24,18,0,2026-06-02T16:00:00+00:00,2026-06-07T16:02:52Z
4350,Mateo Kovačić,494,Croatia,L,8,MF,official,112,5,Manchester City,England,32,1994-05-06,Croatia,178,,R,11600000,2027-06-30,,available,,,,,,,,,12,Manchester City,1,Premier League,337,19,250,0,1,0.29,0.5,4,0,7,269,91.8,6.9,3,1,2,5,18,1,13,9,1,2,0,7,0,0,4,5,0,12,311,0,12,0,2026-06-02T16:00:00+00:00,2026-06-07T16:02:52Z
1993,Luka Modrić,494,Croatia,L,10,MF,official,197,28,AC Milan,Italy,40,1985-09-09,Croatia,173,,B,3800000,2026-06-30,,available,,,,58,64,44,69,75,63,AC Milan,4,Serie A,358,39,2854,2,3,1.63,4.84,21,9,55,2264,90.5,7.52,53,28,38,33,189,6,115,90,11,11,0,3,2,0,18,36,119,241,2737,24,22,3,2026-06-02T16:00:00+00:00,2026-06-07T16:02:52Z
1844,Nikola Vlašić,494,Croatia,L,13,MF,official,62,10,Torino,Italy,28,1997-10-04,Croatia,178,,R,10300000,2027-06-30,,available,,,,38,64,30,54,63,78,Torino,4,Serie A,358,41,3348,9,5,7.86,3.57,55,18,64,1287,84.2,6.92,74,44,26,30,207,16,182,196,26,39,0,9,5,0,33,65,54,81,1891,47,10,2,2026-06-02T16:00:00+00:00,2026-06-07T16:02:52Z
1309,Mario Pašalić,494,Croatia,L,15,MF,official,84,11,Atalanta,Italy,31,1995-02-09,Croatia,189,,R,6200000,2028-06-30,,available,,,,54,64,39,46,53,71,Atalanta,4,Serie A,358,53,2775,10,5,8.17,4.5,47,17,49,1853,89.0,6.94,41,25,19,37,146,7,97,130,37,55,0,8,3,0,9,22,14,157,2194,30,22,1,2026-06-02T16:00:00+00:00,2026-06-07T16:02:52Z
2833,Martin Baturina,494,Croatia,L,16,MF,official,18,1,Como,Italy,23,2003-02-16,Croatia,172,,R,28000000,2030-06-30,,available,,,,43,59,39,60,63,69,Como,4,Serie A,358,43,1857,8,4,4.32,4.51,34,14,73,969,88.0,7.16,23,15,5,3,97,9,110,115,7,14,0,1,1,0,26,52,88,28,1375,18,20,1,2026-06-02T16:00:00+00:00,2026-06-07T16:02:52Z
1685,Petar Sučić,494,Croatia,L,17,MF,official,16,1,Inter,Italy,22,2003-10-25,Croatia,184,,R,44000000,2030-06-30,2822560,available,81,Can Polish Skills,Unlikely,48,53,57,52,54,77,Inter,4,Serie A,358,52,2555,4,4,2.71,4.47,31,10,48,1654,89.2,6.95,63,33,17,25,115,10,143,146,17,15,0,6,3,0,28,56,52,123,2097,40,18,1,2026-06-02T16:00:00+00:00,2026-06-07T16:02:52Z
12465,Toni Fruk,494,Croatia,L,19,MF,official,7,1,HNK Rijeka,Croatia,25,2001-03-09,Croatia,178,,L,9600000,2027-06-15,,available,,,,41,56,39,45,51,385,HNK Rijeka,8,Europa League,280,5,0,0,0,,,0,0,0,0,,,0,0,0,0,0,0,0,0,0,0,0,0,0,0,0,0,0,0,0,0,12,1,2026-06-02T16:00:00+00:00,2026-06-07T16:02:52Z
1762,Luka Sučić,494,Croatia,L,21,MF,official,20,1,Real Sociedad,Spain,23,2002-09-08,Croatia,185,,L,10900000,2029-06-30,,available,,,,44,58,41,57,62,48,Real Sociedad,3,La Liga,294,41,1351,4,3,3.35,0.53,36,11,14,622,80.9,6.86,28,14,8,19,65,11,76,86,22,27,0,12,1,0,18,33,10,71,867,13,14,1,2026-06-02T16:00:00+00:00,2026-06-07T16:02:52Z
5279,Shurandy Sambo,468,Curaçao,E,2,DF,official,7,0,Sparta Rotterdam,Netherlands,24,2001-08-19,Curacao,174,,R,1400000,2026-06-30,797680,available,71,Can Polish Skills,Not Specifically,54,38,66,37,41,176,Sparta Rotterdam,10,Eredivisie,279,30,1373,0,1,0.15,0.63,3,0,7,580,82.6,6.67,30,23,18,67,64,2,75,70,33,25,0,9,2,0,6,15,21,53,929,14,7,0,2026-05-30T12:00:00+00:00,2026-06-07T16:02:52Z
22239,Jurien Gaari,468,Curaçao,E,3,DF,official,59,1,Abha,,32,1993-12-23,Curacao,181,,R,410000,,,available,,,,48,36,60,42,42,2415,Abha,31,International Friendly Games,133,1,90,0,0,,,,,,,,5.4,,,,,,,,,,,,,,,,,,,,,19,0,2026-05-30T12:00:00+00:00,2026-06-07T16:02:52Z
22240,Roshon van Eijma,468,Curaçao,E,4,DF,official,27,1,RKC Waalwijk,Netherlands,27,1998-06-09,Curacao,186,,R,345000,2026-06-30,,available,,,,52,35,66,43,37,1323,RKC Waalwijk,10,Eredivisie,279,3,218,0,0,0.76,,0,0,1,137,88.3,7.27,4,4,5,12,16,0,17,12,8,4,0,3,0,0,1,3,0,13,172,5,18,1,2026-05-30T12:00:00+00:00,2026-06-07T16:02:52Z
5328,Sherel Constancio Floranus,468,Curaçao,E,5,DF,official,27,0,PEC Zwolle,Netherlands,27,1998-08-23,Curacao,181,,R,855000,2027-06-30,184080,available,69,Can Polish Skills,Unlikely,39,37,58,44,43,177,PEC Zwolle,10,Eredivisie,279,32,2357,1,3,0.72,1.43,6,2,11,967,81.2,6.38,51,33,42,90,127,1,101,110,26,32,0,2,2,0,15,27,31,87,1572,23,18,0,2026-05-30T12:00:00+00:00,2026-06-07T16:02:52Z
3518,Armando Obispo,468,Curaçao,E,18,DF,official,5,0,PSV Eindhoven,Netherlands,27,1999-03-05,Curacao,184,,L,3700000,2027-06-30,429520,available,72,Almost Reached,Somewhat,54,40,67,51,46,115,PSV Eindhoven,10,Eredivisie,279,41,1116,2,0,2.05,0.32,13,6,0,775,89.5,6.8,13,4,10,69,39,1,70,54,47,37,0,4,2,0,3,3,0,72,943,10,5,0,2026-05-30T12:00:00+00:00,2026-06-07T16:02:52Z
5931,Joshua Brenet,468,Curaçao,E,20,DF,official,17,1,Kayserispor,Türkiye,32,1994-03-20,Curacao,181,,R,905000,2027-06-30,368160,available,73,Unlikely to Improve,Unlikely,47,46,62,54,55,195,Kayserispor,11,Trendyol Super Lig,380,14,797,0,2,0.54,1.48,3,0,12,261,77.8,6.51,6,1,10,18,34,1,19,37,6,9,0,5,0,0,3,9,16,26,442,7,18,1,2026-05-30T12:00:00+00:00,2026-06-07T16:02:52Z
6904,Riechedly Bazoer,468,Curaçao,E,23,DF,official,4,0,Konyaspor,Türkiye,29,1996-10-12,Curacao,184,,R,1600000,2026-06-30,797680,available,72,Almost Reached,Not Specifically,58,45,53,56,52,192,Konyaspor,11,Trendyol Super Lig,380,24,846,0,0,0.13,0.18,3,1,4,406,88.2,6.48,11,8,11,39,31,0,24,32,8,11,0,8,4,1,1,1,4,65,509,19,5,0,2026-05-30T12:00:00+00:00,2026-06-07T16:02:52Z
5451,Deveron Fonville,468,Curaçao,E,24,DF,official,1,0,NEC Nijmegen,Netherlands,23,2003-05-16,Curacao,178,,L,1500000,2029-06-30,,available,,,,57,40,74,46,48,171,NEC Nijmegen,10,Eredivisie,279,29,1477,0,2,0.29,1.68,5,0,9,790,81.1,6.85,49,28,20,64,76,5,100,75,26,30,0,5,3,0,12,23,23,84,1249,13,2,0,2026-05-30T12:00:00+00:00,2026-06-07T16:02:52Z
22227,Jürgen Locadia,468,Curaçao,E,9,FW,official,13,1,Miami FC,USA,32,1993-11-07,Curacao,193,,R,215000,2026-11-30,122720,available,72,Unlikely to Improve,Somewhat,48,71,23,55,56,2244,Miami FC,52,Chinese Super League,1043,10,752,4,0,3.39,,24,13,9,141,78.7,6.94,5,1,0,9,20,6,37,62,10,16,0,15,1,0,6,11,1,7,279,29,12,0,2026-05-30T12:00:00+00:00,2026-06-07T16:02:52Z
11253,Jeremy Antonisse,468,Curaçao,E,11,FW,official,26,3,AE Kifisia,Greece,24,2002-03-29,Curacao,177,,R,670000,2026-06-30,61360,available,69,Can Polish Skills,Somewhat,38,55,37,52,48,324,AE Kifisia,24,Stoiximan Super League,364,28,2006,1,2,2.93,2.77,53,23,37,571,84.6,6.77,42,27,7,19,80,15,119,99,14,21,0,0,3,0,32,60,56,30,985,31,16,1,2026-05-30T12:00:00+00:00,2026-06-07T16:02:52Z
5631,Sontje Hansen,468,Curaçao,E,12,FW,official,5,1,Middlesbrough,England,24,2002-05-18,Curacao,172,,R,3400000,2029-06-30,920400,available,70,Can Polish Skills,Unlikely,34,58,30,56,51,207,Middlesbrough,12,Championship,243,43,485,1,0,0.85,0.67,13,5,8,157,80.9,6.5,5,4,0,3,16,3,22,27,2,4,0,5,1,0,5,16,4,3,259,6,5,1,2026-05-30T12:00:00+00:00,2026-06-07T16:02:52Z
5431,Tyrese Noslin,468,Curaçao,E,13,FW,official,6,1,SC Telstar,Netherlands,23,2002-09-11,Curacao,182,,L,775000,2027-06-30,,available,,,,38,51,51,44,50,179,SC Telstar,10,Eredivisie,279,34,1877,2,3,2.47,2.04,33,12,18,523,70.0,6.78,49,32,30,68,92,10,124,115,17,15,0,2,2,0,17,54,57,86,1172,28,7,1,2026-05-30T12:00:00+00:00,2026-06-07T16:02:52Z
22232,Kenji Gorré,468,Curaçao,E,14,FW,official,37,6,Maccabi Haifa,Israel,31,1994-09-29,Curacao,177,,R,600000,2027-06-30,184080,available,72,Unlikely to Improve,Unlikely,39,66,29,56,55,1339,Maccabi Haifa,31,International Friendly Games,133,1,0,0,0,,,,,,,,,,,,,,,,,,,,,,,,,,,,,16,2,2026-05-30T12:00:00+00:00,2026-06-07T16:02:52Z
22233,Jearl Margaritha,468,Curaçao,E,16,FW,official,21,5,SK Beveren,,26,2000-04-10,Curacao,181,,B,965000,2028-06-30,,available,,,,34,61,32,60,55,2414,SK Beveren,31,International Friendly Games,133,1,0,0,0,,,,,,,,,,,,,,,,,,,,,,,,,,,,,20,4,2026-05-30T12:00:00+00:00,2026-06-07T16:02:52Z
5413,Brandley Kuwas,468,Curaçao,E,17,FW,official,34,2,FC Volendam,Netherlands,33,1992-09-19,Curacao,181,,L,270000,2026-06-30,674960,available,68,Can Polish Skills,Unlikely,28,58,26,56,57,175,FC Volendam,10,Eredivisie,279,34,1986,4,4,4.7,2.86,40,12,44,536,80.6,6.76,15,10,5,11,78,11,94,163,14,39,0,8,2,0,20,50,51,37,987,17,12,0,2026-05-30T12:00:00+00:00,2026-06-07T16:02:52Z
22229,Gervane Kastaneer,468,Curaçao,E,19,FW,official,28,9,Terengganu,,29,1996-06-09,Curacao,189,,R,170000,2027-06-30,122720,available,67,Can Polish Skills,Somewhat,47,60,36,50,47,2413,Terengganu,31,International Friendly Games,133,1,45,0,0,,,,,,,,6.5,,,,,,,,,,,,,,,,,,,,,18,3,2026-05-30T12:00:00+00:00,2026-06-07T16:02:52Z
22241,Eloy Room,468,Curaçao,E,1,GK,official,71,0,Miami FC,USA,37,1989-02-06,Curacao,188,,R,155000,2026-11-30,,available,,,,39,,,,,2244,Miami FC,31,International Friendly Games,133,9,810,0,0,,,0,0,0,224,61.2,6.77,0,0,0,13,82,0,3,1,2,0,25,14,3,0,0,0,0,125,313,0,20,0,2026-05-30T12:00:00+00:00,2026-06-07T16:02:52Z
5442,Tyrick Bodak,468,Curaçao,E,25,GK,official,4,0,SC Telstar,Netherlands,24,2002-02-15,Curacao,190,,R,27000,2026-06-30,,available,,,,,,,,,179,SC Telstar,10,Eredivisie,279,31,0,0,0,,,0,0,0,0,,,0,0,0,0,0,0,0,0,0,0,0,50,0,0,0,0,0,0,0,0,8,0,2026-05-30T12:00:00+00:00,2026-06-07T16:02:52Z
22242,Trevor Iriving Doornbusch,468,Curaçao,E,26,GK,official,7,0,VVV-Venlo,Netherlands,26,1999-07-06,Curacao,188,,R,49000,2027-06-30,25341,available,54,Can Still Improve,Unlikely,,,,,,1318,VVV-Venlo,31,International Friendly Games,133,1,0,0,0,,,,,,,,,,,,,,,,,,,,,,,,,,,,,18,0,2026-05-30T12:00:00+00:00,2026-06-07T16:02:52Z
22234,Godfried Roemeratoe,468,Curaçao,E,6,MF,official,27,1,RKC Waalwijk,Netherlands,26,1999-08-19,Curacao,178,,R,325000,2026-06-30,122720,available,66,Can Still Improve,Not Specifically,53,47,57,49,50,1323,RKC Waalwijk,10,Eredivisie,279,4,131,0,0,0.71,,0,0,1,77,90.9,6.77,1,1,2,4,6,0,4,2,1,0,0,4,1,0,2,2,0,11,95,1,18,0,2026-05-30T12:00:00+00:00,2026-06-07T16:02:52Z
6672,Juninho Bacuna,468,Curaçao,E,7,MF,official,48,14,FC Volendam,Netherlands,28,1997-08-07,Curacao,178,,R,1800000,2026-06-30,368160,available,72,Can Polish Skills,Very Unlikely,47,57,42,49,56,175,FC Volendam,10,Eredivisie,279,15,868,0,2,1.99,0.73,21,2,11,412,73.3,6.9,21,16,15,15,61,9,82,62,39,24,0,8,2,0,10,20,32,67,653,20,19,6,2026-05-30T12:00:00+00:00,2026-06-07T16:02:52Z
7715,Livano Comenencia,468,Curaçao,E,8,MF,official,19,1,FC Zürich,Switzerland,22,2004-02-03,Curacao,191,,R,670000,2029-06-30,184080,available,66,Can Still Improve,Unlikely,46,35,65,43,39,246,FC Zürich,15,Super League,371,24,1522,0,0,0.47,0.26,9,1,9,557,76.8,6.65,44,26,33,47,69,3,89,105,20,26,0,5,1,0,14,37,22,86,1023,27,16,1,2026-05-30T12:00:00+00:00,2026-06-07T16:02:52Z
22231,Leandro Bacuna,468,Curaçao,E,10,MF,official,71,16,Iğdır FK,,34,1991-08-21,Curacao,187,,R,270000,2027-06-30,1656720,available,68,Almost Reached,Unlikely,44,45,43,42,42,2347,Iğdır FK,31,International Friendly Games,133,1,55,0,0,,,,,,,,6.4,,,,,,,,,,,,,,,,,,,,,18,2,2026-05-30T12:00:00+00:00,2026-06-07T16:02:52Z
22237,Ar'Jany Martha,468,Curaçao,E,15,MF,official,8,2,Rotherham United,England,22,2003-09-04,Curacao,180,,L,730000,,245440,available,66,Can Polish Skills,Unlikely,37,55,37,46,47,1425,Rotherham United,31,International Friendly Games,133,3,179,1,0,0.22,,2,2,3,43,88.4,7.3,10,3,2,6,7,0,16,18,1,1,0,0,1,0,3,8,3,3,97,4,17,1,2026-05-30T12:00:00+00:00,2026-06-07T16:02:52Z
6073,Tahith Chong,468,Curaçao,E,21,MF,official,5,3,Sheffield United,England,26,1999-12-04,Curacao,185,,L,3400000,2029-06-30,920400,available,69,Can Polish Skills,Not Specifically,38,56,37,47,53,219,Sheffield United,12,Championship,243,29,754,0,1,0.68,1.84,10,3,13,241,83.8,6.64,9,9,5,8,35,5,42,63,4,10,0,4,2,0,11,29,19,17,410,7,3,3,2026-05-30T12:00:00+00:00,2026-06-07T16:02:52Z
22235,Kevin Felida,468,Curaçao,E,22,MF,official,19,1,FC Den Bosch,Netherlands,26,1999-11-11,Curacao,172,,R,415000,2027-06-30,,available,,,,51,46,56,51,43,2052,FC Den Bosch,10,Eredivisie,279,2,154,0,0,0.14,,3,1,0,77,80.5,7.4,4,2,1,4,5,1,13,5,3,1,0,6,0,0,2,2,1,8,105,3,20,0,2026-05-30T12:00:00+00:00,2026-06-07T16:02:52Z
3700,David Zima,930,Czechia,A,2,DF,official,25,1,SK Slavia Praha,Czechia,25,2000-11-08,Czechia,190,,R,6400000,2028-06-30,,available,,,,,,,,,120,SK Slavia Praha,7,Champions League,268,8,690,0,0,0.2,0.09,2,1,1,263,87.5,6.46,12,4,10,45,29,1,40,28,19,14,0,0,2,0,2,3,1,27,389,12,11,0,2026-06-05T00:00:00+00:00,2026-06-07T16:02:52Z
3710,Tomáš Holeš,930,Czechia,A,3,DF,official,41,2,SK Slavia Praha,Czechia,33,1993-03-31,Czechia,180,,R,1000000,2028-06-30,,available,,,,,,,,,120,SK Slavia Praha,7,Champions League,268,4,188,0,1,0.04,0.56,1,0,3,80,80.0,6.82,4,4,2,14,7,0,7,3,2,0,0,0,0,0,0,1,1,13,125,1,14,0,2026-06-05T00:00:00+00:00,2026-06-07T16:02:52Z
2378,Robin Hranáč,930,Czechia,A,4,DF,official,14,1,TSG Hoffenheim,Germany,26,2000-01-29,Czechia,189,,R,10900000,2028-06-30,1534000,available,77,Almost Reached,Very Unlikely,,,,,,86,TSG Hoffenheim,5,Bundesliga,228,34,2423,1,0,2.4,0.51,9,3,3,1395,86.8,6.72,28,16,23,163,83,2,132,94,90,53,0,5,4,0,2,4,6,141,1745,29,14,1,2026-06-05T00:00:00+00:00,2026-06-07T16:02:52Z
2377,Vladimír Coufal,930,Czechia,A,5,DF,official,62,2,TSG Hoffenheim,Germany,33,1992-08-22,Czechia,179,,R,2400000,2028-06-30,,available,,,,,,,,,86,TSG Hoffenheim,5,Bundesliga,228,35,3107,1,8,0.88,9.08,26,6,59,1360,78.4,7.11,62,36,41,110,180,8,178,138,42,25,0,8,3,0,31,64,212,148,2479,35,19,1,2026-06-05T00:00:00+00:00,2026-06-07T16:02:52Z
3701,Štěpán Chaloupek,930,Czechia,A,6,DF,official,5,0,SK Slavia Praha,Czechia,23,2003-03-08,Czechia,190,,R,7800000,2030-06-30,,available,,,,,,,,,120,SK Slavia Praha,7,Champions League,268,8,559,1,0,0.71,0.11,3,1,1,227,81.1,6.84,24,8,4,49,34,0,38,24,7,7,0,0,1,0,1,4,1,44,360,8,5,0,2026-06-05T00:00:00+00:00,2026-06-07T16:02:52Z
3904,Ladislav Krejčí,930,Czechia,A,7,DF,official,27,5,Wolverhampton,England,27,1999-04-20,Czechia,191,,L,21000000,2026-06-30,,available,,,,,,,,,11,Wolverhampton,1,Premier League,337,35,2676,2,1,2.3,1.49,24,10,11,1499,82.7,6.78,38,24,35,132,92,7,124,112,74,57,0,5,5,1,5,7,18,234,1908,33,17,2,2026-06-05T00:00:00+00:00,2026-06-07T16:02:52Z
5843,David Jurásek,930,Czechia,A,14,DF,official,18,1,SK Slavia Praha,Czechia,25,2000-08-07,Czechia,183,,L,4800000,2029-06-30,1656720,available,71,Can Polish Skills,Not Specifically,,,,,,120,SK Slavia Praha,11,Trendyol Super Lig,380,16,546,0,0,,,,,,,,6.74,,,,,,,,,,,,,,,,,,,,,13,0,2026-06-05T00:00:00+00:00,2026-06-07T16:02:52Z
26388,Jaroslav Zelený,930,Czechia,A,20,DF,official,23,0,AC Sparta Praha,Czechia,33,1992-08-20,Czechia,189,,L,640000,2027-06-30,,available,,,,,,,,,1340,AC Sparta Praha,31,International Friendly Games,133,2,0,0,0,,,,,,,,,,,,,,,,,,,,,,,,,,,,,13,0,2026-06-05T00:00:00+00:00,2026-06-07T16:02:52Z
3705,David Douděra,930,Czechia,A,21,DF,official,17,2,SK Slavia Praha,Czechia,28,1998-05-31,Czechia,183,,R,3600000,2028-06-30,,available,,,,,,,,,120,SK Slavia Praha,7,Champions League,268,7,439,0,1,0.31,1.21,4,2,12,162,77.2,6.91,9,4,2,9,29,0,21,17,3,3,0,0,0,0,3,5,33,19,295,6,11,1,2026-06-05T00:00:00+00:00,2026-06-07T16:02:52Z
5156,Adam Hložek,930,Czechia,A,9,FW,official,43,5,TSG Hoffenheim,Germany,23,2002-07-25,Czechia,186,,R,12400000,2029-06-30,2515760,available,73,Can Polish Skills,Somewhat,,,,,,86,TSG Hoffenheim,5,Bundesliga,228,6,37,0,0,0.46,0.01,3,1,0,11,81.8,6.33,0,0,0,0,1,1,3,4,2,1,0,7,0,0,0,1,0,0,27,0,12,2,2026-06-05T00:00:00+00:00,2026-06-07T16:02:52Z
2145,Patrik Schick,930,Czechia,A,10,FW,official,53,26,Bayer 04 Leverkusen,Germany,30,1996-01-24,Czechia,191,,L,16600000,2030-06-30,,available,,,,,,,,,85,Bayer 04 Leverkusen,7,Champions League,268,43,2863,22,4,21.68,2.93,94,48,19,562,78.8,6.96,12,5,6,31,35,14,147,150,85,67,0,6,2,0,18,46,0,11,968,27,14,6,2026-06-05T00:00:00+00:00,2026-06-07T16:02:52Z
26373,Jan Kuchta,930,Czechia,A,11,FW,official,31,3,AC Sparta Praha,Czechia,29,1997-01-08,Czechia,184,,R,2800000,,,available,,,,,,,,,1340,AC Sparta Praha,31,International Friendly Games,133,2,0,0,0,,,,,,,,,,,,,,,,,,,,,,,,,,,,,12,0,2026-06-05T00:00:00+00:00,2026-06-07T16:02:52Z
3712,Mojmír Chytil,930,Czechia,A,13,FW,official,22,6,SK Slavia Praha,Czechia,27,1999-04-29,Czechia,187,,R,4099999,2029-06-30,184080,available,78,Almost Reached,Unlikely,,,,,,120,SK Slavia Praha,7,Champions League,268,8,147,0,0,0.28,0.05,4,2,0,32,62.5,6.32,1,1,1,0,2,2,10,23,6,13,0,0,0,0,0,3,1,0,72,3,9,0,2026-06-05T00:00:00+00:00,2026-06-07T16:02:52Z
1112,Pavel Šulc,930,Czechia,A,15,FW,official,21,5,Olympique Lyonnais,France,25,2000-12-29,Czechia,177,,R,21000000,2029-06-30,,available,,,,,,,,,100,Olympique Lyonnais,6,Ligue 1,317,39,2260,14,7,11.73,3.23,57,24,34,571,75.8,6.88,32,15,10,20,67,17,104,164,29,55,0,10,2,0,20,53,25,15,959,35,19,5,2026-06-05T00:00:00+00:00,2026-06-07T16:02:52Z
3708,Tomáš Chorý,930,Czechia,A,19,FW,official,22,7,SK Slavia Praha,Czechia,31,1995-01-26,Czechia,199,,R,2800000,2027-06-30,,available,,,,,,,,,120,SK Slavia Praha,7,Champions League,268,8,451,0,0,0.83,0.1,14,4,3,108,59.3,6.39,1,0,0,6,12,3,30,42,24,21,0,0,0,0,2,2,3,1,170,12,18,3,2026-06-05T00:00:00+00:00,2026-06-07T16:02:52Z
3231,Denis Višinský,930,Czechia,A,26,FW,official,2,1,FC Viktoria Plzeň,Czechia,23,2003-03-21,Czechia,178,,R,2900000,2028-06-30,61360,available,72,Can Polish Skills,Not Specifically,,,,,,144,FC Viktoria Plzeň,8,Europa League,280,14,459,1,0,0.82,0.48,9,2,4,122,80.3,6.58,5,2,1,6,12,3,20,41,3,11,0,0,0,0,5,20,6,1,216,7,4,0,2026-06-05T00:00:00+00:00,2026-06-07T16:02:52Z
3236,Christophe Kabongo,930,Czechia,A,,FW,preliminary,0,0,FC Viktoria Plzeň,Czechia,22,2003-08-27,Czechia,188,,,610000,,,available,,,,,,,,,144,FC Viktoria Plzeň,8,Europa League,280,12,77,0,1,0.84,0.0,8,3,1,28,82.1,6.68,1,1,0,0,6,1,13,14,8,7,0,0,0,0,2,3,1,1,52,1,1,0,2026-05-31T14:00:00+00:00,2026-06-07T16:02:52Z
3502,Matěj Kovář,930,Czechia,A,1,GK,official,20,0,PSV Eindhoven,Netherlands,26,2000-05-17,Czechia,196,,R,7200000,2030-06-30,797680,available,78,Almost Reached,Very Unlikely,,,,,,115,PSV Eindhoven,10,Eredivisie,279,40,3150,0,0,,0.12,0,0,2,1357,74.1,7.03,0,0,1,43,334,0,18,5,11,1,106,58,0,0,2,2,0,578,1720,1,21,0,2026-06-05T00:00:00+00:00,2026-06-07T16:02:52Z
3698,Jindřich Staněk,930,Czechia,A,16,GK,official,14,0,SK Slavia Praha,Czechia,30,1996-04-27,Czechia,192,,R,1800000,2029-06-30,,available,,,,,,,,,120,SK Slavia Praha,7,Champions League,268,8,540,0,0,,0.01,0,0,0,203,62.6,7.08,0,0,0,3,59,0,0,2,0,0,35,19,0,0,0,0,0,126,283,0,10,0,2026-06-05T00:00:00+00:00,2026-06-07T16:02:52Z
883,Lukáš Horníček,930,Czechia,A,23,GK,official,1,0,Sporting Braga,Portugal,23,2002-07-13,Czechia,194,,R,14100000,2028-06-30,429520,available,80,Can Polish Skills,Very Unlikely,,,,,,31,Sporting Braga,2,Liga Portugal Betclic,305,52,4220,0,0,,0.07,0,0,0,1628,72.1,6.99,0,0,0,73,338,0,24,2,16,1,115,49,2,0,2,2,0,629,2035,0,6,0,2026-06-05T00:00:00+00:00,2026-06-07T16:02:52Z
53970,Vladimír Darida,930,Czechia,A,8,MF,official,79,8,FC Hradec Králové,,35,1990-08-08,Czechia,171,,R,345000,2028-06-30,,available,,,,,,,,,2319,FC Hradec Králové,31,International Friendly Games,133,1,0,0,0,,,,,,,,,,,,,,,,,,,,,,,,,,,,,3,0,2026-06-05T00:00:00+00:00,2026-06-07T16:02:52Z
3224,Lukáš Červ,930,Czechia,A,12,MF,official,17,2,FC Viktoria Plzeň,Czechia,25,2001-04-10,Czechia,182,,R,5500000,2029-06-30,184080,available,72,Almost Reached,Not Specifically,,,,,,144,FC Viktoria Plzeň,8,Europa League,280,14,1145,1,1,0.82,0.34,17,4,13,443,78.1,7.06,18,10,30,22,72,6,81,65,23,14,0,0,0,0,4,9,16,39,651,15,21,2,2026-06-05T00:00:00+00:00,2026-06-07T16:02:52Z
3706,Lukáš Provod,930,Czechia,A,17,MF,official,38,3,SK Slavia Praha,Czechia,29,1996-10-23,Czechia,189,,L,7500000,2031-06-30,,available,,,,,,,,,120,SK Slavia Praha,7,Champions League,268,8,701,0,2,1.13,2.01,20,5,13,332,76.2,7.17,12,10,3,9,38,7,37,50,10,13,0,0,0,0,5,17,29,25,515,10,19,1,2026-06-05T00:00:00+00:00,2026-06-07T16:02:52Z
3703,Michal Sadílek,930,Czechia,A,18,MF,official,35,1,SK Slavia Praha,Czechia,27,1999-05-31,Czechia,168,,L,8500000,2028-06-30,306800,available,76,Almost Reached,Not Specifically,,,,,,120,SK Slavia Praha,7,Champions League,268,8,599,0,0,0.89,0.59,8,2,14,215,80.5,6.67,10,6,9,12,27,1,25,24,6,9,0,0,0,0,0,2,22,17,314,8,12,0,2026-06-05T00:00:00+00:00,2026-06-07T16:02:52Z
1647,Tomáš Souček,930,Czechia,A,22,MF,official,90,17,West Ham United,England,31,1995-02-27,Czechia,192,,R,11600000,2027-06-30,,available,,,,,,,,,8,West Ham United,1,Premier League,337,39,2531,6,0,8.19,0.47,33,17,13,1057,77.7,6.82,46,24,18,91,78,9,157,139,80,60,0,8,4,0,4,10,18,80,1439,41,19,4,2026-06-05T00:00:00+00:00,2026-06-07T16:02:52Z
12264,Alexandr Sojka,930,Czechia,A,24,MF,official,2,0,FC Viktoria Plzeň,Czechia,23,2003-04-02,Czechia,178,,L,950000,2029-06-30,,available,,,,,,,,,144,FC Viktoria Plzeň,8,Europa League,280,2,52,0,0,,0.02,0,0,0,54,90.7,7.05,0,0,0,6,4,0,7,2,4,1,0,0,0,0,2,2,1,2,72,0,2,0,2026-06-05T00:00:00+00:00,2026-06-07T16:02:52Z
26383,Hugo Sochurek,930,Czechia,A,25,MF,official,1,0,AC Sparta Praha,Czechia,18,2008-06-07,Czechia,183,,R,940000,,14787,available,56,Much Room to Grow,Not Specifically,,,,,,1340,AC Sparta Praha,31,International Friendly Games,133,2,0,0,0,,,,,,,,,,,,,,,,,,,,,,,,,,,,,2,0,2026-06-05T00:00:00+00:00,2026-06-07T16:02:52Z
12264,Alexandr Sojka,930,Czechia,A,,MF,preliminary,0,0,FC Viktoria Plzeň,Czechia,23,2003-04-02,Czechia,178,,L,950000,2029-06-30,,available,,,,,,,,,144,FC Viktoria Plzeň,8,Europa League,280,2,52,0,0,,0.02,0,0,0,54,90.7,7.05,0,0,0,6,4,0,7,2,4,1,0,0,0,0,2,2,1,2,72,0,2,0,2026-06-05T00:00:00+00:00,2026-06-07T16:02:52Z
9159,Pavel Bucha,930,Czechia,A,,MF,preliminary,0,0,FC Cincinnati,USA,28,1998-03-11,Czechia,173,,R,4300000,2026-12-31,,available,,,,43,51,42,51,53,276,FC Cincinnati,18,MLS,159,52,4425,5,7,3.86,5.54,39,12,76,2241,86.9,6.96,74,49,36,54,311,15,164,186,22,22,0,14,1,0,37,73,25,77,2879,42,1,0,2026-05-31T14:00:00+00:00,2026-06-07T16:02:52Z
3229,Tomáš Ladra,930,Czechia,A,,MF,preliminary,1,0,FC Viktoria Plzeň,Czechia,29,1997-04-24,Czechia,178,,R,1200000,2028-06-30,,available,,,,43,63,36,53,52,144,FC Viktoria Plzeň,8,Europa League,280,14,726,1,0,0.94,0.55,18,3,11,295,73.6,6.77,10,4,2,5,36,5,36,41,9,13,0,0,0,0,6,11,34,46,447,5,2,0,2026-05-31T14:00:00+00:00,2026-06-07T16:02:52Z
1228,Ousmane Diomande,471,Côte d'Ivoire,E,2,DF,official,15,1,Sporting CP,Portugal,22,2003-12-04,Côte d'Ivoire,190,,R,48000000,2030-06-30,1902160,available,80,Can Polish Skills,Unlikely,,,,,,22,Sporting CP,2,Liga Portugal Betclic,305,33,1910,1,1,1.05,0.79,13,3,4,1524,93.2,6.99,19,15,19,90,87,3,77,67,50,31,0,5,4,0,0,0,3,107,1722,30,17,0,2026-06-04T19:10:00+00:00,2026-06-07T16:02:52Z
1886,Ghislain Konan,471,Côte d'Ivoire,E,3,DF,official,54,0,Gil Vicente,Portugal,30,1995-12-27,Côte d'Ivoire,176,,L,2800000,2026-06-30,1288560,available,74,Almost Reached,Unlikely,,,,,,24,Gil Vicente,2,Liga Portugal Betclic,305,30,2661,0,0,0.61,2.1,17,6,20,1225,80.3,6.75,39,27,26,78,168,3,142,127,28,23,0,6,3,0,49,105,69,138,1963,22,23,0,2026-06-04T19:10:00+00:00,2026-06-07T16:02:52Z
4214,Wilfried Singo,471,Côte d'Ivoire,E,5,DF,official,34,1,Galatasaray,Türkiye,25,2000-12-25,Côte d'Ivoire,190,,R,21000000,2030-06-30,,available,,,,,,,,,125,Galatasaray,11,Trendyol Super Lig,380,31,1435,2,2,1.18,1.37,16,3,6,911,87.5,6.88,30,20,26,69,85,2,109,60,39,22,0,7,2,0,11,15,17,87,1225,23,17,1,2026-06-04T19:10:00+00:00,2026-06-07T16:02:52Z
1298,Odilon Kossounou,471,Côte d'Ivoire,E,7,DF,official,35,0,Atalanta,Italy,25,2001-01-04,Côte d'Ivoire,191,,R,15500000,2029-06-30,1902160,injured,78,Almost Reached,Not Specifically,,,,,,71,Atalanta,4,Serie A,358,45,1805,1,0,0.53,0.28,7,1,5,1176,92.0,6.65,31,20,19,54,91,2,62,69,19,26,0,6,2,0,8,16,5,57,1416,24,18,0,2026-06-04T19:10:00+00:00,2026-06-07T16:02:52Z
6639,Christopher Operi,471,Côte d'Ivoire,E,13,DF,official,12,0,Başakşehir FK,Türkiye,29,1997-04-29,Côte d'Ivoire,182,,L,3700000,2027-06-30,859040,available,73,Almost Reached,Not Specifically,,,,,,194,Başakşehir FK,11,Trendyol Super Lig,380,25,1824,0,4,0.54,1.62,13,2,15,906,84.9,6.95,28,17,23,46,95,6,98,72,29,15,0,1,2,0,15,24,66,77,1398,21,12,0,2026-06-04T19:10:00+00:00,2026-06-07T16:02:52Z
1702,Guéla Doué,471,Côte d'Ivoire,E,17,DF,official,20,3,RC Strasbourg,France,23,2002-10-17,Côte d'Ivoire,187,,R,21000000,2029-06-30,920400,available,79,Can Polish Skills,Unlikely,,,,,,112,RC Strasbourg,6,Ligue 1,317,26,2243,2,6,2.49,2.53,17,6,21,1348,87.2,6.89,55,42,31,104,107,6,164,141,64,38,0,6,1,0,19,33,58,52,1960,43,14,2,2026-06-04T19:10:00+00:00,2026-06-07T16:02:52Z
524,Emmanuel Agbadou,471,Côte d'Ivoire,E,20,DF,official,20,2,Beşiktaş JK,Türkiye,28,1997-06-17,Côte d'Ivoire,192,,R,16500000,2030-06-30,,available,,,,,,,,,196,Beşiktaş JK,11,Trendyol Super Lig,380,14,1090,1,1,0.44,0.85,9,4,8,719,88.7,7.12,23,15,17,44,80,2,64,44,31,12,0,4,4,0,5,8,3,74,900,18,16,1,2026-06-04T19:10:00+00:00,2026-06-07T16:02:52Z
1060,Evan Ndicka,471,Côte d'Ivoire,E,21,DF,official,28,0,AS Roma,Italy,26,1999-08-20,Côte d'Ivoire,190,,L,34000000,2028-06-30,5215600,injured,83,Almost Reached,Unlikely,60,38,70,45,39,65,AS Roma,4,Serie A,358,42,3480,5,0,2.62,0.6,28,9,7,2130,90.2,6.91,35,23,69,182,189,2,187,124,104,57,0,2,3,0,4,9,3,203,2639,46,23,0,2026-03-31T18:30:00+00:00,2026-06-07T16:02:52Z
2094,Clement Akpa,471,Côte d'Ivoire,E,,DF,official,5,0,Auxerre,France,24,2001-11-24,Côte d'Ivoire,183,,L,8700000,2028-06-30,674960,available,77,Can Polish Skills,Unlikely,59,36,74,47,47,109,Auxerre,6,Ligue 1,317,30,1949,0,0,0.21,0.78,6,0,9,1073,80.4,6.71,31,19,21,93,75,3,108,56,37,31,0,5,3,1,11,13,30,206,1385,12,6,0,2026-03-31T18:30:00+00:00,2026-06-07T16:02:52Z
3468,Ange-Yoan Bonny,471,Côte d'Ivoire,E,9,FW,official,1,0,Inter,Italy,22,2003-10-25,Côte d'Ivoire,189,,R,34000000,2030-06-30,3742960,available,80,Can Polish Skills,Very Unlikely,,,,,,77,Inter,4,Serie A,358,49,1618,7,7,4.96,2.69,29,13,31,409,78.0,6.74,26,16,3,6,40,5,113,133,19,25,0,6,1,0,35,63,12,7,759,22,1,0,2026-06-04T19:10:00+00:00,2026-06-07T16:02:52Z
358,Simon Adingra,471,Côte d'Ivoire,E,10,FW,official,29,5,AS Monaco,Monaco,24,2002-01-01,Côte d'Ivoire,175,,R,23000000,2026-06-30,3374800,available,79,Can Polish Skills,Not Specifically,,,,,,101,AS Monaco,6,Ligue 1,317,17,1000,3,2,2.74,2.23,31,9,14,382,76.4,6.64,11,10,7,5,64,10,52,94,7,9,0,9,0,0,25,72,32,11,648,8,18,4,2026-06-04T19:10:00+00:00,2026-06-07T16:02:52Z
2895,Yan Diomande,471,Côte d'Ivoire,E,11,FW,official,10,3,RB Leipzig,Germany,19,2006-11-14,Côte d'Ivoire,180,,R,82000000,2030-06-30,2515760,available,79,Can Polish Skills,Unlikely,,,,,,80,RB Leipzig,5,Bundesliga,228,37,2717,13,9,7.35,9.59,58,28,57,1175,84.3,7.68,34,22,21,11,160,13,210,225,5,29,0,9,0,0,130,218,49,37,1943,19,8,3,2026-06-04T19:10:00+00:00,2026-06-07T16:02:52Z
3527,Elye Wahi,471,Côte d'Ivoire,E,12,FW,official,2,0,Nice,France,23,2003-01-02,Côte d'Ivoire,180,,R,19400000,2026-06-30,2515760,available,75,Can Polish Skills,Not Specifically,,,,,,103,Nice,6,Ligue 1,317,19,1328,9,2,7.02,0.64,42,25,12,200,71.0,6.89,6,5,3,2,24,9,37,88,8,33,0,7,6,0,8,26,11,8,376,29,3,0,2026-06-04T19:10:00+00:00,2026-06-07T16:02:52Z
7705,Oumar Diakité,471,Côte d'Ivoire,E,14,FW,official,29,6,Cercle Brugge,Belgium,22,2003-12-20,Côte d'Ivoire,181,,R,4900000,2026-06-30,,available,,,,,,,,,235,Cercle Brugge,14,Pro League,338,26,1429,7,0,7.51,1.37,39,18,22,291,76.3,6.63,14,8,3,4,41,6,100,145,41,62,0,7,2,1,24,43,11,7,582,29,20,2,2026-06-04T19:10:00+00:00,2026-06-07T16:02:52Z
1792,Amad Diallo,471,Côte d'Ivoire,E,15,FW,official,19,6,Manchester United,England,23,2002-07-11,Côte d'Ivoire,173,,L,49000000,2030-06-30,6136000,available,82,Can Polish Skills,Unlikely,,,,,,17,Manchester United,1,Premier League,337,33,2426,2,3,5.88,4.91,56,25,43,947,88.5,6.89,38,24,16,28,114,14,128,126,13,20,0,5,1,0,38,78,48,33,1472,24,12,5,2026-06-04T19:10:00+00:00,2026-06-07T16:02:52Z
1786,Nicolas Pépé,471,Côte d'Ivoire,E,19,FW,official,55,12,Villarreal,Spain,31,1995-05-29,Côte d'Ivoire,183,,L,6600000,2028-06-30,3068000,available,83,Unlikely to Improve,Not Specifically,,,,,,41,Villarreal,3,La Liga,294,48,3182,8,9,10.03,8.12,90,32,85,1166,81.6,7.16,44,29,22,27,153,28,196,236,20,31,0,9,4,0,75,163,105,37,1983,31,18,1,2026-06-04T19:10:00+00:00,2026-06-07T16:02:52Z
509,Evann Guessand,471,Côte d'Ivoire,E,22,FW,official,21,4,Crystal Palace,England,24,2001-07-01,Côte d'Ivoire,185,,R,27000000,2026-06-30,3190720,available,78,Almost Reached,Unlikely,,,,,,14,Crystal Palace,1,Premier League,337,8,336,1,1,0.37,0.43,3,1,1,93,83.9,6.74,6,2,4,4,16,0,24,28,4,4,0,4,0,0,6,14,1,0,179,4,15,4,2026-06-04T19:10:00+00:00,2026-06-07T16:02:52Z
2385,Bazoumana Touré,471,Côte d'Ivoire,E,24,FW,official,6,2,TSG Hoffenheim,Germany,20,2006-03-02,Côte d'Ivoire,175,,L,39000000,2029-06-30,,available,,,,,,,,,86,TSG Hoffenheim,5,Bundesliga,228,35,2524,5,9,4.97,5.82,49,13,47,721,76.0,6.87,37,26,8,22,137,15,161,222,43,51,0,8,1,0,51,120,129,37,1389,47,12,2,2026-06-04T19:10:00+00:00,2026-06-07T16:02:52Z
6738,Yahia Fofana,471,Côte d'Ivoire,E,1,GK,official,35,0,Çaykur Rizespor,Türkiye,25,2000-08-21,Côte d'Ivoire,194,,R,5200000,2028-06-30,2331680,available,78,Can Polish Skills,Unlikely,,,,,,189,Çaykur Rizespor,11,Trendyol Super Lig,380,28,2340,0,1,,0.03,0,0,1,806,66.1,6.77,1,0,1,21,227,0,19,5,8,1,80,44,1,0,2,2,0,420,1063,0,25,0,2026-06-04T19:10:00+00:00,2026-06-07T16:02:52Z
7669,Mohamed Koné,471,Côte d'Ivoire,E,16,GK,official,0,0,RC Sporting Charleroi,Belgium,24,2002-03-07,Côte d'Ivoire,186,,R,860000,2027-06-30,,available,,,,,,,,,243,RC Sporting Charleroi,14,Pro League,338,38,1710,0,0,,0.03,0,0,0,571,66.7,7.22,1,1,0,21,193,0,16,3,13,3,51,47,2,0,0,0,0,305,792,0,15,0,2026-06-04T19:10:00+00:00,2026-06-07T16:02:52Z
4199,Alban Lafont,471,Côte d'Ivoire,E,23,GK,official,4,0,Panathinaikos FC,Greece,27,1999-01-23,Côte d'Ivoire,195,,R,2700000,2026-06-30,1534000,available,73,Can Polish Skills,Unlikely,,,,,,149,Panathinaikos FC,24,Stoiximan Super League,364,46,2865,0,0,,0.04,0,0,0,890,60.6,6.95,1,0,0,24,247,0,21,1,5,0,75,47,2,0,1,1,0,520,1177,1,12,0,2026-06-04T19:10:00+00:00,2026-06-07T16:02:52Z
15393,Jean Michaël Seri,471,Côte d'Ivoire,E,4,MF,official,65,4,NK Maribor,Slovenia,34,1991-07-19,Côte d'Ivoire,168,,R,105000,2027-05-31,,available,,,,,,,,,1335,NK Maribor,30,Africa Cup of Nations 2023,211,5,158,0,0,,,,,,,,6.75,,,,,,,,,,,,,,,,,,,,,19,0,2026-06-04T19:10:00+00:00,2026-06-07T16:02:52Z
4130,Seko Fofana,471,Côte d'Ivoire,E,6,MF,official,32,7,FC Porto,Portugal,31,1995-05-07,Côte d'Ivoire,184,,B,8800000,2026-06-30,8529040,available,76,Unlikely to Improve,Unlikely,,,,,,35,FC Porto,2,Liga Portugal Betclic,305,18,612,3,0,1.12,0.54,14,4,10,249,87.6,6.91,10,6,5,9,36,5,40,29,6,6,0,4,1,0,18,26,7,6,367,2,21,4,2026-06-04T19:10:00+00:00,2026-06-07T16:02:52Z
8117,Franck Kessié,471,Côte d'Ivoire,E,8,MF,official,103,15,Al-Ahli,Saudi Arabia,29,1996-12-19,Côte d'Ivoire,183,,R,10800000,2026-06-30,,available,,,,,,,,,258,Al-Ahli,17,Saudi Pro League,339,26,2173,5,3,5.1,1.47,33,19,18,877,86.3,7.01,22,16,15,20,96,3,59,69,9,15,0,3,4,0,12,16,16,106,1126,34,25,4,2026-06-04T19:10:00+00:00,2026-06-07T16:02:52Z
547,Ibrahim Sangaré,471,Côte d'Ivoire,E,18,MF,official,58,12,Nottingham Forest,England,28,1997-12-02,Côte d'Ivoire,191,,R,23000000,2028-06-30,4908800,available,81,Almost Reached,Unlikely,,,,,,15,Nottingham Forest,1,Premier League,337,47,2841,2,3,1.28,2.82,22,5,19,1541,87.5,6.99,87,46,32,61,184,3,162,155,34,31,0,8,4,0,19,34,12,109,2004,53,23,2,2026-06-04T19:10:00+00:00,2026-06-07T16:02:52Z
7654,Parfait Guiagon,471,Côte d'Ivoire,E,25,MF,official,5,0,RC Sporting Charleroi,Belgium,25,2001-02-22,Côte d'Ivoire,169,,R,4500000,2028-06-30,,available,,,,,,,,,243,RC Sporting Charleroi,14,Pro League,338,33,2555,9,5,7.66,5.32,80,22,51,1063,83.3,7.08,32,15,16,11,158,30,173,181,6,16,0,2,3,0,72,139,103,62,1751,30,5,0,2026-06-04T19:10:00+00:00,2026-06-07T16:02:52Z
6614,Christ Inao Oulaï,471,Côte d'Ivoire,E,26,MF,official,9,0,Trabzonspor,Türkiye,20,2006-04-06,Côte d'Ivoire,173,,R,15900000,2030-06-30,490880,available,76,Can Still Improve,Unlikely,,,,,,197,Trabzonspor,11,Trendyol Super Lig,380,25,2078,2,4,0.96,1.96,23,7,40,1228,91.5,7.07,49,27,20,9,123,6,142,115,8,6,0,7,5,0,37,59,27,91,1614,39,8,0,2026-06-04T19:10:00+00:00,2026-06-07T16:02:52Z
1635,Aaron Wan-Bissaka,648,DR Congo,K,2,DF,official,11,0,West Ham United,England,28,1997-11-26,DR Congo,183,,R,21000000,2031-06-30,7363200,available,79,Can Polish Skills,Unlikely,,,,,,8,West Ham United,1,Premier League,337,33,2204,0,2,,1.08,0,0,18,832,78.6,6.6,35,24,42,98,80,0,86,86,23,25,0,8,4,0,16,35,50,76,1482,25,11,0,2026-06-03T18:00:00+00:00,2026-06-07T16:02:52Z
12599,Steve Kapuadi,648,DR Congo,K,3,DF,official,4,0,Widzew Łódź,Poland,28,1998-04-30,DR Congo,196,,L,2600000,2030-06-30,,available,,,,,,,,,423,Widzew Łódź,25,Ekstraklasa,271,12,916,1,0,1.11,0.1,5,3,2,319,79.9,6.76,9,6,8,39,23,1,30,34,18,17,0,4,0,0,2,3,1,53,439,12,11,0,2026-06-03T18:00:00+00:00,2026-06-07T16:02:52Z
2375,Axel Tuanzebe,648,DR Congo,K,4,DF,official,13,1,Burnley,England,28,1997-11-14,DR Congo,185,,R,4600000,2026-06-30,2147600,available,74,Can Polish Skills,Not Specifically,,,,,,10,Burnley,1,Premier League,337,17,1337,1,0,0.61,0.14,2,1,0,647,84.9,6.54,15,8,11,91,46,0,42,46,25,27,0,4,0,0,0,0,2,72,819,15,10,0,2026-06-03T18:00:00+00:00,2026-06-07T16:02:52Z
11329,Dylan Batubinsika,648,DR Congo,K,5,DF,official,14,1,AEL Novibet,Greece,30,1996-02-15,DR Congo,184,,R,720000,2026-06-30,245440,available,72,Unlikely to Improve,Unlikely,,,,,,336,AEL Novibet,24,Stoiximan Super League,364,16,1413,0,0,0.25,0.1,4,1,1,669,89.8,6.78,12,9,27,110,38,2,73,45,46,29,0,5,2,0,2,2,1,49,891,14,18,0,2026-06-03T18:00:00+00:00,2026-06-07T16:02:52Z
4161,Joris Kayembe,648,DR Congo,K,12,DF,official,25,0,KRC Genk,Belgium,31,1994-08-08,DR Congo,180,,L,2400000,2027-06-30,368160,available,68,Can Polish Skills,Somewhat,,,,,,146,KRC Genk,14,Pro League,338,41,2793,0,1,0.57,2.77,15,2,28,1975,85.1,6.93,64,42,36,99,180,8,155,93,39,24,0,3,4,0,27,34,59,169,2704,31,23,0,2026-06-03T18:00:00+00:00,2026-06-07T16:02:52Z
1456,Chancel Mbemba,648,DR Congo,K,22,DF,official,108,7,Lille,France,31,1994-08-08,DR Congo,182,,R,2300000,2026-06-30,,available,,,,,,,,,106,Lille,6,Ligue 1,317,42,1658,0,1,0.92,0.21,11,6,8,1111,90.7,6.99,27,19,25,114,70,3,83,43,41,19,0,3,1,0,1,3,2,115,1371,12,24,2,2026-06-03T18:00:00+00:00,2026-06-07T16:02:52Z
15422,Gedeon Kalulu,648,DR Congo,K,24,DF,official,28,0,Aris Limassol,,28,1997-08-29,DR Congo,176,,R,1400000,2028-05-31,122720,available,73,Can Polish Skills,Unlikely,,,,,,2399,Aris Limassol,30,Africa Cup of Nations 2023,211,4,90,0,0,,,,,,,,7.1,,,,,,,,,,,,,,,,,,,,,22,0,2026-06-03T18:00:00+00:00,2026-06-07T16:02:52Z
3903,Arthur Masuaku,648,DR Congo,K,26,DF,official,45,4,RC Lens,France,32,1993-11-07,DR Congo,179,,L,2400000,2026-06-30,2761200,available,75,Unlikely to Improve,Not Specifically,,,,,,99,RC Lens,6,Ligue 1,317,13,264,0,0,0.02,0.11,1,1,2,187,86.6,6.6,9,5,1,6,22,0,16,16,2,12,0,3,1,1,3,3,7,19,236,2,18,1,2026-06-03T18:00:00+00:00,2026-06-07T16:02:52Z
15424,Brian Cipenga,648,DR Congo,K,9,FW,official,7,0,CD Castellón,Spain,28,1998-03-11,DR Congo,169,,R,2100000,2026-06-30,797680,injured,72,Almost Reached,Very Unlikely,,,,,,1398,CD Castellón,30,Africa Cup of Nations 2023,211,71,2940,9,10,9.32,,71,29,65,901,71.5,7.06,63,38,11,15,150,17,214,263,34,47,0,7,1,0,79,184,114,31,1774,33,9,0,2026-06-03T18:00:00+00:00,2026-06-07T16:02:52Z
12165,Gaël Kakuta,648,DR Congo,K,11,FW,official,30,5,AEL Novibet,Greece,34,1991-06-21,DR Congo,174,,L,325000,,184080,available,74,Unlikely to Improve,Not Specifically,,,,,,336,AEL Novibet,24,Stoiximan Super League,364,13,453,0,2,0.96,0.95,9,1,8,153,79.7,6.59,9,6,2,1,23,1,31,55,5,12,0,7,0,0,11,21,11,4,278,3,13,2,2026-06-03T18:00:00+00:00,2026-06-07T16:02:52Z
6729,Meschak Elia,648,DR Congo,K,13,FW,official,68,12,Alanyaspor,Türkiye,28,1997-08-06,DR Congo,173,,R,1600000,2028-06-30,,available,,,,,,,,,188,Alanyaspor,11,Trendyol Super Lig,380,25,831,3,0,1.23,1.23,14,9,11,238,83.2,6.67,8,5,5,1,30,4,26,56,2,8,0,6,1,0,8,28,36,7,416,12,23,3,2026-06-03T18:00:00+00:00,2026-06-07T16:02:52Z
1588,Cédric Bakambu,648,DR Congo,K,17,FW,official,69,21,Real Betis,Spain,35,1991-04-11,DR Congo,182,,R,1400000,2026-06-30,1718080,available,78,Unlikely to Improve,Not Specifically,,,,,,56,Real Betis,3,La Liga,294,44,1205,4,3,5.82,1.39,35,13,11,162,74.7,6.57,8,2,2,15,19,4,37,80,16,31,0,7,1,0,2,7,3,6,337,24,21,5,2026-06-03T18:00:00+00:00,2026-06-07T16:02:52Z
14724,Fiston Mayele,648,DR Congo,K,19,FW,official,37,6,Pyramids FC,Egypt,31,1994-06-24,DR Congo,185,,R,1700000,2026-06-30,,available,,,,,,,,,593,Pyramids FC,29,CAF Champions League,229,7,577,1,0,2.12,0.25,17,6,10,69,69.6,6.57,1,1,0,4,11,4,14,35,6,17,0,0,1,0,5,8,2,4,142,5,24,2,2026-06-03T18:00:00+00:00,2026-06-07T16:02:52Z
5140,Yoane Wissa,648,DR Congo,K,20,FW,official,37,9,Newcastle United,England,29,1996-09-03,DR Congo,176,,R,28000000,2029-06-30,6136000,available,81,Almost Reached,Unlikely,,,,,,4,Newcastle United,1,Premier League,337,34,922,3,1,5.34,0.85,24,10,4,140,67.9,6.53,5,5,1,4,14,1,34,65,21,31,0,6,4,0,3,19,2,7,255,9,16,5,2026-06-03T18:00:00+00:00,2026-06-07T16:02:52Z
15423,Simon Banza,648,DR Congo,K,23,FW,official,15,2,Al-Jazira,,29,1996-08-13,DR Congo,189,,R,10400000,2028-06-30,490880,available,78,Almost Reached,Unlikely,,,,,,2398,Al-Jazira,30,Africa Cup of Nations 2023,211,2,0,0,0,,,,,,,,,,,,,,,,,,,,,,,,,,,,,15,0,2026-06-03T18:00:00+00:00,2026-06-07T16:02:52Z
1442,Lionel Mpasi Nzau,648,DR Congo,K,1,GK,official,28,0,Le Havre,France,31,1994-08-01,DR Congo,182,,R,370000,2027-06-30,,available,,Almost Reached,Very Unlikely,,,,,,102,Le Havre,6,Ligue 1,317,32,315,0,0,,0.0,0,0,0,149,67.8,7.83,0,0,0,5,38,0,2,0,2,0,15,42,1,0,0,0,0,78,195,0,22,0,2026-06-03T18:00:00+00:00,2026-06-07T16:02:52Z
15421,Timothy Fayulu,648,DR Congo,K,16,GK,official,3,0,FC Noah,Armenia,26,1999-07-24,DR Congo,192,,R,750000,2026-06-30,368160,available,72,Can Polish Skills,Not Specifically,,,,,,386,FC Noah,30,Africa Cup of Nations 2023,211,4,0,0,0,,,,,,,,,,,,,,,,,,,,,,,,,,,,,15,0,2026-06-03T18:00:00+00:00,2026-06-07T16:02:52Z
7710,Matthieu Epolo,648,DR Congo,K,21,GK,official,1,0,Standard Liège,Belgium,21,2005-01-15,DR Congo,185,,R,4500000,2029-06-30,,available,,,,,,,,,239,Standard Liège,14,Pro League,338,30,2610,0,0,0.06,0.05,1,0,1,857,61.7,7.32,1,0,0,31,271,0,19,1,10,1,102,36,0,0,1,1,0,518,1157,0,7,0,2026-06-03T18:00:00+00:00,2026-06-07T16:02:52Z
1453,Ngal'ayel Mukau,648,DR Congo,K,6,MF,official,13,0,Lille,France,21,2004-11-03,DR Congo,188,,L,11400000,2028-06-30,552240,available,75,Can Still Improve,Unlikely,,,,,,106,Lille,6,Ligue 1,317,44,2310,2,0,3.03,1.32,32,8,18,967,88.2,6.65,43,27,15,12,116,16,118,130,20,39,0,3,2,0,24,43,5,41,1302,38,11,0,2026-06-03T18:00:00+00:00,2026-06-07T16:02:52Z
15420,Nathanaël Mbuku,648,DR Congo,K,7,MF,official,18,2,Montpellier,France,24,2002-03-16,DR Congo,170,,L,1800000,2026-06-30,797680,available,71,Can Polish Skills,Unlikely,,,,,,1301,Montpellier,30,Africa Cup of Nations 2023,211,1,26,0,0,0.32,,2,1,0,9,66.7,6.5,0,0,0,1,1,0,2,2,1,0,0,0,0,0,0,2,1,0,20,0,11,2,2026-06-03T18:00:00+00:00,2026-06-07T16:02:52Z
11283,Samuel Moutoussamy,648,DR Congo,K,8,MF,official,57,0,APS Atromitos Athinon,Greece,29,1996-08-12,DR Congo,178,,L,1600000,2026-06-30,184080,available,71,Almost Reached,Unlikely,,,,,,330,APS Atromitos Athinon,24,Stoiximan Super League,364,29,2337,3,0,1.07,1.36,20,7,22,1358,85.4,6.93,40,23,16,37,114,4,73,85,6,13,0,9,3,0,13,21,13,105,1623,25,24,0,2026-06-03T18:00:00+00:00,2026-06-07T16:02:52Z
15419,Théo Bongonda,648,DR Congo,K,10,MF,official,37,7,FC Spartak Moscow,Russia,30,1995-11-20,DR Congo,177,,L,3100000,2026-06-30,,available,,,,,,,,,1333,FC Spartak Moscow,30,Africa Cup of Nations 2023,211,4,254,1,0,,,,,,,,7.08,,,,,,,,,,,,,,,,,,,,,22,4,2026-06-03T18:00:00+00:00,2026-06-07T16:02:52Z
349,Noah Sadiki,648,DR Congo,K,14,MF,official,19,0,Sunderland,England,21,2004-12-17,DR Congo,173,,R,32000000,2030-06-30,2761200,available,80,Can Polish Skills,Unlikely,,,,,,7,Sunderland,1,Premier League,337,35,3040,0,1,1.84,1.51,19,5,19,1178,85.7,6.76,49,28,34,44,116,10,127,115,10,20,0,3,7,0,29,46,24,82,1637,37,11,0,2026-06-03T18:00:00+00:00,2026-06-07T16:02:52Z
8938,Aaron Tshibola,648,DR Congo,K,15,MF,official,16,1,Kilmarnock,Scotland,31,1994-12-31,DR Congo,190,,R,145000,,920400,available,68,Can Polish Skills,Unlikely,,,,,,223,Kilmarnock,13,Scottish Premiership,345,14,886,0,0,1.05,0.36,14,4,10,584,86.6,6.96,25,15,12,18,68,4,64,47,22,6,0,3,3,0,1,2,5,56,736,22,14,0,2026-06-03T18:00:00+00:00,2026-06-07T16:02:52Z
1295,Charles Pickel,648,DR Congo,K,18,MF,official,34,1,Espanyol,Spain,29,1997-05-15,DR Congo,184,,R,2700000,2026-06-30,797680,available,74,Almost Reached,Unlikely,,,,,,53,Espanyol,3,La Liga,294,33,875,1,0,0.83,0.1,10,4,2,315,82.5,6.55,14,6,7,14,38,4,47,54,23,20,0,6,4,2,6,7,2,15,434,18,24,1,2026-06-03T18:00:00+00:00,2026-06-07T16:02:52Z
6695,Edo Kayembe,648,DR Congo,K,25,MF,official,42,2,Watford,England,28,1998-06-03,DR Congo,183,,L,4200000,2027-06-30,,available,,,,,,,,,202,Watford,12,Championship,243,40,2419,4,1,3.96,2.75,54,12,44,1041,84.7,6.84,28,16,9,31,155,20,105,134,37,48,0,9,3,0,27,48,37,80,1440,23,17,0,2026-06-03T18:00:00+00:00,2026-06-07T16:02:52Z
273,Félix Torres,472,Ecuador,E,2,DF,official,48,5,Internacional,Brazil,29,1997-01-11,Ecuador,187,,R,1100000,2026-12-31,490880,available,72,Almost Reached,Unlikely,63,39,75,42,40,161,Internacional,35,Copa do Brasil,78,16,1128,1,0,2.54,0.33,9,2,4,618,83.5,6.74,17,10,23,57,51,3,57,42,31,26,0,8,3,0,4,4,1,77,781,15,24,2,2026-05-31T00:00:00+00:00,2026-06-07T16:02:52Z
445,Piero Hincapié,472,Ecuador,E,3,DF,official,51,3,Arsenal,England,24,2002-01-09,Ecuador,184,,L,46000000,2026-06-30,5092880,available,83,Can Polish Skills,Unlikely,54,40,75,47,45,18,Arsenal,1,Premier League,337,47,2763,1,2,0.96,2.61,10,5,15,1228,86.6,6.93,77,45,35,115,95,2,161,101,49,43,0,3,2,0,10,20,43,103,1856,23,19,1,2026-03-27T20:15:00+00:00,2026-06-07T16:02:52Z
3536,Joel Ordóñez,472,Ecuador,E,4,DF,official,16,0,Club Brugge KV,Belgium,22,2004-04-21,Ecuador,188,,R,36000000,2029-06-30,981760,available,74,Can Polish Skills,Unlikely,51,32,68,41,38,123,Club Brugge KV,14,Pro League,338,45,3540,4,0,3.12,1.03,20,5,8,2553,91.3,6.83,55,35,33,175,132,7,172,130,97,66,0,3,3,1,3,5,2,175,3025,44,19,0,2026-03-31T18:45:00+00:00,2026-06-07T16:02:52Z
2245,Willian Pacho,472,Ecuador,E,6,DF,official,34,2,Paris Saint-Germain,France,24,2001-10-16,Ecuador,187,,L,66000000,2029-06-30,4602000,available,87,Almost Reached,Unlikely,66,34,83,45,39,114,Paris Saint-Germain,6,Ligue 1,317,49,3539,2,1,1.68,0.62,12,3,6,2776,93.8,6.95,73,41,41,147,188,2,157,87,66,49,0,8,0,0,2,3,1,117,3219,14,24,0,2026-03-31T18:45:00+00:00,2026-06-07T16:02:52Z
2003,Pervis Estupiñán,472,Ecuador,E,7,DF,official,53,4,AC Milan,Italy,28,1998-01-21,Ecuador,175,,L,11100000,2030-06-30,4724720,available,79,Almost Reached,Not Specifically,49,50,63,51,65,63,AC Milan,4,Serie A,358,36,1223,1,1,0.46,1.42,10,1,17,639,87.0,6.76,17,9,11,27,69,0,40,55,11,11,0,7,4,0,4,9,25,20,904,22,16,0,2026-05-31T00:00:00+00:00,2026-06-07T16:02:52Z
12202,Ángelo Preciado,472,Ecuador,E,17,DF,official,54,0,Atlético Mineiro,Brazil,28,1998-02-18,Ecuador,178,,R,3600000,2029-12-31,674960,available,73,Almost Reached,Somewhat,40,45,51,57,56,155,Atlético Mineiro,33,Copa Sudamericana,114,20,619,0,0,0.12,0.11,4,0,5,235,78.7,6.57,13,8,11,21,35,1,41,34,9,8,0,11,4,1,5,13,14,28,418,15,20,0,2026-05-31T00:00:00+00:00,2026-06-07T16:02:52Z
10286,Jackson Porozo,472,Ecuador,E,25,DF,official,9,1,Club Tijuana,Mexico,25,2000-08-04,Ecuador,192,,R,2600000,,,available,,,,61,39,72,45,35,308,Club Tijuana,20,Liga MX Clausura,297,35,3119,2,0,1.92,0.22,16,3,6,1406,91.9,6.95,60,37,38,207,90,2,159,73,67,21,0,0,1,1,2,4,2,113,1875,34,8,1,2026-05-31T00:00:00+00:00,2026-06-07T16:02:52Z
3125,Yaimar Medina,472,Ecuador,E,26,DF,official,5,0,KRC Genk,Belgium,21,2004-11-05,Ecuador,178,,L,4300000,2029-06-30,245440,available,71,Can Still Improve,Not Specifically,44,55,41,46,53,146,KRC Genk,14,Pro League,338,48,2119,1,3,1.68,2.11,35,14,22,1181,82.0,6.72,29,21,27,67,109,5,93,86,22,21,0,1,5,0,2,8,71,107,1719,29,10,0,2026-05-31T00:00:00+00:00,2026-06-07T16:02:52Z
16888,John Yeboah,472,Ecuador,E,9,FW,official,22,3,Venezia,Italy,25,2000-06-23,Ecuador,170,,L,5300000,2028-06-30,1104480,available,71,Almost Reached,Unlikely,39,60,31,60,48,1285,Venezia,31,International Friendly Games,133,2,102,2,1,1.18,,6,3,5,41,92.7,8.55,0,0,0,0,2,1,6,5,0,0,0,0,0,0,5,7,2,2,64,1,19,1,2026-05-31T00:00:00+00:00,2026-06-07T16:02:52Z
3755,Kevin Rodriguez,472,Ecuador,E,11,FW,official,31,2,Royale Union Saint-Gilloise,Belgium,26,2000-03-04,Ecuador,190,,R,4800000,2027-06-30,,available,,,,38,65,26,51,43,116,Royale Union Saint-Gilloise,14,Pro League,338,37,2203,10,3,9.63,2.89,86,35,22,504,67.3,6.67,23,18,5,19,92,21,174,267,76,112,0,9,1,0,27,64,8,12,1072,41,23,2,2026-05-31T00:00:00+00:00,2026-06-07T16:02:52Z
4754,Enner Valencia,472,Ecuador,E,13,FW,official,105,49,CF Pachuca,Mexico,36,1989-11-04,Ecuador,177,,R,905000,2027-12-31,920400,available,78,Unlikely to Improve,Not Specifically,56,82,23,64,55,316,CF Pachuca,20,Liga MX Clausura,297,23,1370,8,1,6.96,0.73,53,20,12,261,75.9,6.75,11,6,1,11,27,15,71,109,21,37,0,1,3,1,17,38,6,5,540,25,20,7,2026-03-31T18:45:00+00:00,2026-06-07T16:02:52Z
16891,Jordy Caicedo,472,Ecuador,E,16,FW,official,19,3,Huracán,,28,1997-11-18,Ecuador,185,,R,2200000,2026-12-31,1718080,available,71,Almost Reached,Unlikely,39,56,28,37,42,2352,Huracán,31,International Friendly Games,133,3,46,0,0,,,,,,,,6.1,,,,,,,,,,,,,,,,,,,,,11,0,2026-05-31T00:00:00+00:00,2026-06-07T16:02:52Z
59,Gonzalo Plata,472,Ecuador,E,19,FW,official,49,8,Flamengo,Brazil,25,2000-11-01,Ecuador,178,,L,8600000,2029-06-30,797680,injured,74,Can Polish Skills,Unlikely,43,61,35,59,60,160,Flamengo,32,Copa Libertadores,96,48,2159,6,3,6.1,3.72,55,24,51,941,81.0,6.9,46,33,7,13,86,15,142,162,21,38,0,6,1,0,44,82,28,17,1429,29,12,2,2026-03-31T18:45:00+00:00,2026-06-07T16:02:52Z
7347,Nilson Angulo,472,Ecuador,E,20,FW,official,13,1,Sunderland,England,22,2003-06-19,Ecuador,182,,R,16500000,2030-06-30,2147600,available,69,Can Polish Skills,Unlikely,41,61,37,60,56,7,Sunderland,1,Premier League,337,10,503,0,0,0.85,0.11,9,5,4,105,74.3,6.52,10,7,5,12,11,1,31,48,7,11,0,2,1,0,10,25,8,3,228,14,5,0,2026-05-31T00:00:00+00:00,2026-06-07T16:02:52Z
8505,Jeremy Arevalo,472,Ecuador,E,24,FW,official,3,0,VfB Stuttgart II U21,,21,2005-03-19,Ecuador,180,,L,7200000,2031-06-30,19819,available,65,Much Room to Grow,Unlikely,47,64,37,59,41,2351,VfB Stuttgart II U21,5,Bundesliga,228,9,59,0,1,,,,,,,,6.56,,,,,,,,,,,,,,,,,,,,,3,0,2026-05-31T00:00:00+00:00,2026-06-07T16:02:52Z
16887,Hernán Galíndez,472,Ecuador,E,1,GK,official,34,0,Huracán,,39,1987-03-30,Ecuador,189,,R,280000,2027-12-31,,available,,,,57,,,,,2352,Huracán,31,International Friendly Games,133,2,90,0,0,,,,,,,,7.0,,,,,,,,,,,,,,,,,,,,,24,0,2026-03-31T18:45:00+00:00,2026-06-07T16:02:52Z
11237,Moisés Ramírez,472,Ecuador,E,12,GK,official,7,0,AE Kifisia,Greece,25,2000-09-09,Ecuador,185,,R,760000,2027-06-30,306800,available,73,Can Polish Skills,Not Specifically,73,,,,,324,AE Kifisia,24,Stoiximan Super League,364,33,2520,0,0,,0.04,0,0,0,945,70.2,7.03,1,1,0,34,255,0,15,0,4,0,73,47,3,0,0,0,0,466,1231,0,22,0,2026-05-31T00:00:00+00:00,2026-06-07T16:02:52Z
16890,Gonzalo Valle,472,Ecuador,E,22,GK,official,3,0,LDU,Ecuador,30,1996-02-28,Ecuador,185,,R,1600000,2028-12-31,,available,,,,54,,,,,778,LDU,32,Copa Libertadores,96,6,540,0,0,,0.01,0,0,1,183,77.0,7.48,0,0,0,10,59,0,1,1,1,0,26,5,1,0,0,0,0,63,265,1,11,0,2026-05-31T00:00:00+00:00,2026-06-07T16:02:52Z
16889,Jordy Alcivar,472,Ecuador,E,5,MF,official,10,1,Independiente del Valle,Ecuador,26,1999-08-05,Ecuador,173,,R,1600000,2029-12-31,245440,available,74,Almost Reached,Unlikely,45,54,40,57,56,793,Independiente del Valle,32,Copa Libertadores,96,6,504,1,1,0.46,0.31,15,7,10,271,86.3,6.98,8,5,6,6,55,3,17,14,5,2,0,5,0,0,3,5,14,26,355,2,7,0,2026-05-31T00:00:00+00:00,2026-06-07T16:02:52Z
7314,Anthony Valencia,472,Ecuador,E,8,MF,official,2,1,Royal Antwerp FC,Belgium,22,2003-07-20,Ecuador,175,,L,970000,2026-06-30,552240,available,65,Much Room to Grow,Unlikely,50,63,38,56,58,233,Royal Antwerp FC,14,Pro League,338,27,1331,4,2,3.58,2.11,29,12,29,584,84.6,6.95,27,17,11,11,99,11,84,131,6,21,0,11,3,0,33,83,32,35,967,16,3,1,2026-05-31T00:00:00+00:00,2026-06-07T16:02:52Z
1709,Kendry Páez,472,Ecuador,E,10,MF,official,25,2,River Plate,Argentina,19,2007-05-04,Ecuador,177,,L,8300000,2027-06-30,613600,available,71,Much Room to Grow,Unlikely,50,66,40,69,65,755,River Plate,33,Copa Sudamericana,114,6,108,0,1,0.3,0.23,3,1,4,62,88.7,6.92,3,2,2,0,10,1,6,4,0,0,0,2,0,0,2,5,5,3,91,1,25,2,2026-05-31T00:00:00+00:00,2026-06-07T16:02:52Z
7284,Alan Minda,472,Ecuador,E,14,MF,official,19,2,Atlético Mineiro,Brazil,23,2003-05-14,Ecuador,171,,R,2900000,2030-12-31,184080,available,67,Can Still Improve,Unlikely,28,61,24,53,55,155,Atlético Mineiro,33,Copa Sudamericana,114,19,674,3,0,1.66,1.3,18,9,13,176,83.5,6.89,2,0,3,2,29,3,32,45,5,7,0,13,0,0,17,40,9,8,329,3,14,2,2026-03-31T18:45:00+00:00,2026-06-07T16:02:52Z
9854,Pedro Vite,472,Ecuador,E,15,MF,official,16,1,Pumas UNAM,Mexico,24,2002-03-09,Ecuador,172,,L,5600000,2029-07-18,490880,available,70,Can Polish Skills,Not Specifically,47,59,39,51,55,313,Pumas UNAM,20,Liga MX Clausura,297,39,2898,3,1,2.4,4.21,25,7,48,1704,88.7,6.91,55,33,30,25,152,8,132,138,14,20,0,9,3,0,22,48,82,139,2214,35,12,0,2026-03-31T18:45:00+00:00,2026-06-07T16:02:52Z
3249,Denil Castillo,472,Ecuador,E,18,MF,official,5,0,FC Midtjylland,Denmark,22,2004-03-24,Ecuador,187,,R,5700000,2031-06-30,552240,available,70,Can Polish Skills,Unlikely,49,48,50,49,43,127,FC Midtjylland,8,Europa League,280,16,649,0,0,1.06,0.25,7,2,2,204,78.9,6.65,11,7,10,12,40,0,54,37,16,6,0,0,0,0,10,21,4,16,349,12,6,0,2026-05-31T00:00:00+00:00,2026-06-07T16:02:52Z
7,Alan Franco,472,Ecuador,E,21,MF,official,57,1,Atlético Mineiro,Brazil,27,1998-08-21,Ecuador,174,,R,4700000,2027-12-31,,available,,,,38,44,46,40,42,155,Atlético Mineiro,33,Copa Sudamericana,114,52,4364,1,1,1.06,1.6,16,3,22,1988,89.5,6.83,83,55,55,61,144,4,156,135,43,32,0,11,4,0,6,11,11,97,2481,73,21,0,2026-03-31T18:45:00+00:00,2026-06-07T16:02:52Z
1345,Moisés Caicedo,472,Ecuador,E,23,MF,official,60,3,Chelsea,England,24,2001-11-02,Ecuador,178,,R,115000000,2033-06-30,8590400,available,86,Can Polish Skills,Unlikely,61,56,60,59,60,13,Chelsea,1,Premier League,337,53,4176,5,1,2.35,2.85,40,13,39,3111,91.9,7.13,126,66,77,44,267,14,250,185,25,35,0,8,12,0,26,41,14,144,3757,79,22,0,2026-03-31T18:45:00+00:00,2026-06-07T16:02:52Z
14678,Yasser Ibrahim,478,Egypt,G,2,DF,official,16,1,Al Ahly FC,Egypt,33,1993-02-10,Egypt,185,,R,270000,2027-06-30,,available,,,,,,,,,589,Al Ahly FC,29,CAF Champions League,229,8,710,0,0,0.49,0.05,5,2,0,445,87.2,6.95,15,8,5,30,26,1,45,27,20,16,0,0,2,0,0,1,1,68,533,7,16,1,2026-06-06T22:00:00+00:00,2026-06-07T16:02:52Z
15834,Mohamed Magdy Afsha,478,Egypt,G,3,DF,official,41,0,Al Ahly FC,Egypt,30,1996-02-02,Egypt,168,,,590000,,,available,,,,,,,,,589,Al Ahly FC,29,CAF Champions League,229,2,0,0,0,,,0,0,0,0,,,0,0,0,0,0,0,0,0,0,0,0,0,0,0,0,0,0,0,0,0,0,0,,2026-06-07T16:02:52Z
15373,Hossam Abdelmaguid,478,Egypt,G,4,DF,official,13,0,Zamalek SC,,25,2001-04-30,Egypt,193,,R,1900000,2027-06-30,245440,available,69,Can Polish Skills,Unlikely,,,,,,2357,Zamalek SC,30,Africa Cup of Nations 2023,211,6,360,0,0,,,,,,,,7.03,,,,,,,,,,,,,,,,,,,,,16,0,2026-06-06T22:00:00+00:00,2026-06-07T16:02:52Z
15355,Rami Rabia,478,Egypt,G,5,DF,official,44,5,Al-Ain,,33,1993-05-20,Egypt,186,,R,580000,2027-06-30,,available,,,,,,,,,2356,Al-Ain,30,Africa Cup of Nations 2023,211,7,471,1,0,,,,,,,,7.44,,,,,,,,,,,,,,,,,,,,,20,1,2026-06-06T22:00:00+00:00,2026-06-07T16:02:52Z
16690,Mohamed Abdelmonem,478,Egypt,G,6,DF,official,35,3,Nice,France,27,1999-02-01,Egypt,183,,R,2700000,2028-06-30,736320,available,76,Can Polish Skills,Unlikely,,,,,,103,Nice,6,Ligue 1,317,1,0,0,0,,,0,0,0,0,,,0,0,0,0,0,0,0,0,0,0,0,0,0,0,0,0,0,0,0,0,14,0,2026-06-06T22:00:00+00:00,2026-06-07T16:02:52Z
15374,Ahmed Fatouh,478,Egypt,G,13,DF,official,38,1,Zamalek SC,,28,1998-03-22,Egypt,178,,L,1000000,2027-06-30,,injured,,,,,,,,,2357,Zamalek SC,30,Africa Cup of Nations 2023,211,6,309,0,0,,,,,,,,6.82,,,,,,,,,,,,,,,,,,,,,16,0,2026-06-06T22:00:00+00:00,2026-06-07T16:02:52Z
14728,Karim Hafez,478,Egypt,G,15,DF,official,8,0,Pyramids FC,Egypt,30,1996-03-12,Egypt,175,,L,635000,2027-06-30,,available,,,,,,,,,593,Pyramids FC,29,CAF Champions League,229,6,374,0,1,0.02,0.45,1,0,2,209,89.0,7.02,5,4,5,14,14,1,18,11,2,2,0,0,1,0,5,5,18,27,313,4,2,0,2026-06-06T22:00:00+00:00,2026-06-07T16:02:52Z
15785,Tarek Alaa,478,Egypt,G,24,DF,official,2,0,ZED FC,,24,2002-01-05,Egypt,178,,R,155000,2026-06-30,,available,,,,,,,,,2355,ZED FC,29,CAF Champions League,229,1,0,0,0,,,,,,,,,,,,,,,,,,,,,,,,,,,,,4,0,2026-06-06T22:00:00+00:00,2026-06-07T16:02:52Z
15374,Ahmed Fatouh,478,Egypt,G,,DF,preliminary,38,1,Zamalek SC,,28,1998-03-22,Egypt,178,,L,1000000,2027-06-30,,injured,,,,,,,,,2357,Zamalek SC,30,Africa Cup of Nations 2023,211,6,309,0,0,,,,,,,,6.82,,,,,,,,,,,,,,,,,,,,,16,0,2026-06-06T22:00:00+00:00,2026-06-07T16:02:52Z
14684,Mahmoud Trézéguet,478,Egypt,G,7,FW,official,95,23,Al Ahly FC,Egypt,31,1994-10-01,Egypt,179,,R,4099999,2030-06-30,,available,,,,,,,,,589,Al Ahly FC,29,CAF Champions League,229,7,580,6,1,2.48,0.87,25,14,7,218,84.4,7.51,5,3,5,2,25,7,27,25,4,5,0,0,0,0,11,17,2,8,323,4,25,7,2026-06-06T22:00:00+00:00,2026-06-07T16:02:52Z
15835,Hamza Abdelkarim,478,Egypt,G,9,FW,official,1,0,Barcelona U19,,18,2008-01-01,Egypt,182,,B,1000000,2026-06-30,,available,,,,,,,,,2353,Barcelona U19,29,CAF Champions League,229,2,1,0,0,,,,,,,,,,,,,,,,,,,,,,,,,,,,,2,0,2026-06-06T22:00:00+00:00,2026-06-07T16:02:52Z
333,Mohamed Salah,478,Egypt,G,10,FW,official,115,67,Liverpool FC,England,33,1992-06-15,Egypt,175,,L,29000000,2027-06-30,24544000,available,94,Unlikely to Improve,Very Unlikely,,,,,,1,Liverpool FC,1,Premier League,337,43,3058,12,10,15.93,9.6,104,36,79,1113,78.0,7.07,28,16,11,8,110,32,102,198,11,26,0,6,0,0,37,116,166,50,1859,15,19,14,2026-06-06T22:00:00+00:00,2026-06-07T16:02:52Z
1971,Haissem Hassan,478,Egypt,G,12,FW,official,3,0,Real Oviedo,Spain,24,2002-02-08,Egypt,175,,L,4099999,2027-06-30,613600,available,72,Can Polish Skills,Unlikely,,,,,,42,Real Oviedo,3,La Liga,294,83,4551,4,6,5.64,3.17,83,34,66,1106,80.4,6.88,72,49,16,20,162,18,268,271,4,17,0,11,4,0,127,247,241,136,2233,32,4,0,2026-06-06T22:00:00+00:00,2026-06-07T16:02:52Z
15358,Ibrahim Adel,478,Egypt,G,20,FW,official,23,3,FC Nordsjælland,Denmark,25,2001-04-23,Egypt,173,,R,2600000,2026-06-30,2638480,available,75,Almost Reached,Unlikely,,,,,,1332,FC Nordsjælland,30,Africa Cup of Nations 2023,211,7,190,0,0,,,,,,,,6.62,,,,,,,,,,,,,,,,,,,,,17,1,2026-06-06T22:00:00+00:00,2026-06-07T16:02:52Z
862,Omar Marmoush,478,Egypt,G,22,FW,official,48,11,Manchester City,England,27,1999-02-07,Egypt,183,,R,65000000,2029-06-30,15953600,available,84,Almost Reached,Unlikely,,,,,,12,Manchester City,1,Premier League,337,44,1438,8,3,6.31,0.83,52,19,18,307,85.3,6.78,19,12,5,3,41,16,77,88,7,14,0,7,3,0,14,32,12,5,584,21,21,5,2026-06-06T22:00:00+00:00,2026-06-07T16:02:52Z
14682,Zizo,478,Egypt,G,25,FW,official,62,5,Al Ahly FC,Egypt,30,1996-01-10,Egypt,174,,R,3700000,2030-06-30,,available,,,,,,,,,589,Al Ahly FC,29,CAF Champions League,229,6,508,0,2,0.18,1.24,5,1,11,182,89.6,6.65,2,1,1,1,18,2,14,19,1,5,0,0,0,0,4,10,48,10,292,2,25,3,2026-06-06T22:00:00+00:00,2026-06-07T16:02:52Z
53929,Aqtay Abdallah,478,Egypt,G,,FW,preliminary,0,0,ENPPI,,23,2003-06-01,Egypt,,,,230000,,,available,,,,,,,,,,ENPPI,31,International Friendly Games,133,,,,,,,,,,,,,,,,,,,,,,,,,,,,,,,,,1,0,2026-05-28T18:00:00+00:00,2026-06-07T16:02:52Z
14689,Mohamed El-Shenawy,478,Egypt,G,1,GK,official,76,0,Al Ahly FC,Egypt,37,1988-12-18,Egypt,191,,R,470000,2027-06-30,,available,,,,,,,,,589,Al Ahly FC,29,CAF Champions League,229,7,79,0,0,,0.01,0,0,0,22,81.8,7.0,0,0,0,3,11,0,0,0,0,0,2,6,0,0,0,0,0,5,34,0,22,0,2026-06-06T22:00:00+00:00,2026-06-07T16:02:52Z
16692,Mahdi Soliman,478,Egypt,G,16,GK,official,0,0,Zamalek SC,,38,1987-06-08,Egypt,189,,R,155000,2027-06-30,,injured,,,,,,,,,2357,Zamalek SC,31,International Friendly Games,133,4,0,0,0,,,,,,,,,,,,,,,,,,,,,,,,,,,,,4,0,2026-06-06T22:00:00+00:00,2026-06-07T16:02:52Z
14675,Mostafa Shobeir,478,Egypt,G,23,GK,official,8,0,Al Ahly FC,Egypt,26,2000-03-17,Egypt,185,,R,1300000,2027-06-30,245440,available,71,Can Polish Skills,Unlikely,,,,,,589,Al Ahly FC,29,CAF Champions League,229,8,641,0,0,,0.0,0,0,0,167,76.0,7.1,0,0,0,7,48,0,11,1,9,1,25,7,0,0,0,0,0,61,248,0,18,0,2026-06-06T22:00:00+00:00,2026-06-07T16:02:52Z
15834,Mohamed Magdy Afsha,478,Egypt,G,26,GK,official,0,0,Al Ahly FC,Egypt,27,1999-01-01,Egypt,168,,,590000,,,available,,,,,,,,,589,Al Ahly FC,29,CAF Champions League,229,2,0,0,0,,,0,0,0,0,,,0,0,0,0,0,0,0,0,0,0,0,0,0,0,0,0,0,0,0,0,0,0,,2026-06-07T16:02:52Z
14683,Emam Ashour,478,Egypt,G,8,MF,official,28,0,Al Ahly FC,Egypt,28,1998-02-20,Egypt,182,,R,4200000,2028-06-30,,available,,,,,,,,,589,Al Ahly FC,29,CAF Champions League,229,6,296,0,1,0.51,0.23,10,2,5,150,82.7,6.75,4,2,1,0,12,3,14,15,0,5,0,0,1,0,3,6,6,19,212,2,17,0,2026-06-06T22:00:00+00:00,2026-06-07T16:02:52Z
14729,Mostafa Ziko,478,Egypt,G,11,MF,official,1,1,Pyramids FC,Egypt,29,1997-04-27,Egypt,180,,R,2000000,2029-06-30,,available,,,,,,,,,593,Pyramids FC,29,CAF Champions League,229,8,219,1,1,0.88,0.34,8,3,10,85,78.8,6.73,5,2,2,3,11,3,8,16,1,3,0,0,0,0,1,4,1,3,130,4,2,2,2026-06-06T22:00:00+00:00,2026-06-07T16:02:52Z
15354,Hamdy Fathy,478,Egypt,G,14,MF,official,62,3,Al-Wakrah,,31,1994-09-29,Egypt,180,,R,1900000,2027-06-30,,available,,,,,,,,,2354,Al-Wakrah,30,Africa Cup of Nations 2023,211,7,580,0,0,,,,,,,,7.16,,,,,,,,,,,,,,,,,,,,,22,0,2026-06-06T22:00:00+00:00,2026-06-07T16:02:52Z
14721,Mohanad Lasheen,478,Egypt,G,17,MF,official,22,0,Pyramids FC,Egypt,30,1996-05-29,Egypt,179,,R,3200000,2027-06-30,,available,,,,,,,,,593,Pyramids FC,29,CAF Champions League,229,6,432,0,0,0.07,0.17,2,0,2,231,88.7,7.08,11,6,8,5,18,0,24,16,9,6,0,0,0,0,2,5,0,27,285,3,17,0,2026-06-06T22:00:00+00:00,2026-06-07T16:02:52Z
10608,Nabil Donga,478,Egypt,G,18,MF,official,12,0,Al-Najma SC,Saudi Arabia,30,1996-04-06,Egypt,179,,R,1300000,,,available,,,,,,,,,273,Al-Najma SC,17,Saudi Pro League,339,12,914,0,0,0.23,0.15,6,0,4,441,85.5,6.83,14,9,13,27,54,2,38,37,6,7,0,7,3,0,4,8,1,54,567,13,6,0,2026-06-06T22:00:00+00:00,2026-06-07T16:02:52Z
14681,Marwan Attia,478,Egypt,G,19,MF,official,33,1,Al Ahly FC,Egypt,27,1998-08-12,Egypt,172,,R,3900000,2029-06-30,,available,,,,,,,,,589,Al Ahly FC,29,CAF Champions League,229,8,591,0,0,0.07,0.48,3,1,6,490,87.8,7.28,18,12,9,9,36,1,24,12,2,4,0,0,0,0,2,3,2,71,558,7,22,1,2026-06-06T22:00:00+00:00,2026-06-07T16:02:52Z
15357,Mahmoud Saber,478,Egypt,G,21,MF,official,15,1,ZED FC,,24,2001-07-30,Egypt,184,,R,1500000,2026-06-30,,available,,,,,,,,,2355,ZED FC,30,Africa Cup of Nations 2023,211,7,75,0,0,,,,,,,,6.9,,,,,,,,,,,,,,,,,,,,,17,0,2026-06-06T22:00:00+00:00,2026-06-07T16:02:52Z
14729,Mostafa Ziko,478,Egypt,G,,MF,official,1,1,Pyramids FC,Egypt,29,1997-04-27,Egypt,180,,R,2000000,2029-06-30,,available,,,,,,,,,593,Pyramids FC,29,CAF Champions League,229,8,219,1,1,0.88,0.34,8,3,10,85,78.8,6.73,5,2,2,3,11,3,8,16,1,3,0,0,0,0,1,4,1,3,130,4,2,2,2026-06-06T22:00:00+00:00,2026-06-07T16:02:52Z
504,Ezri Konsa,493,England,L,2,DF,official,19,1,Aston Villa,England,28,1997-10-23,England,183,,R,42000000,2028-06-30,6442800,available,82,Almost Reached,Not Specifically,,,,,,3,Aston Villa,1,Premier League,337,54,4170,2,0,1.97,0.74,16,4,7,2859,95.0,7.06,30,13,28,163,162,5,146,73,44,40,0,8,1,0,12,17,5,141,3336,18,19,1,2026-06-06T20:00:00+00:00,2026-06-07T16:02:52Z
847,Nico O'Reilly,493,England,L,3,DF,official,4,0,Manchester City,England,21,2005-03-21,England,193,,L,54000000,2030-06-30,3681600,available,79,Can Polish Skills,Unlikely,,,,,,12,Manchester City,1,Premier League,337,57,4043,9,6,9.44,3.8,61,30,35,2247,87.9,6.89,103,59,33,107,169,16,236,258,73,59,0,5,5,0,36,81,52,87,3280,67,5,0,2026-06-06T20:00:00+00:00,2026-06-07T16:02:52Z
854,John Stones,493,England,L,5,DF,official,88,3,Manchester City,England,32,1994-05-28,England,188,,R,13600000,2026-06-30,12272000,available,86,Unlikely to Improve,Somewhat,,,,,,12,Manchester City,1,Premier League,337,37,1072,0,0,0.09,0.47,1,0,6,874,94.9,6.91,6,5,11,53,47,0,37,11,28,6,0,7,0,0,0,0,4,52,1000,0,16,0,2026-06-06T20:00:00+00:00,2026-06-07T16:02:52Z
425,Marc Guéhi,493,England,L,6,DF,official,28,1,Manchester City,England,25,2000-07-13,England,182,,R,61000000,2031-06-30,18408000,available,86,Almost Reached,Unlikely,,,,,,12,Manchester City,1,Premier League,337,22,1690,2,1,2.54,0.92,19,6,12,1494,93.4,7.33,18,12,29,77,63,4,104,61,57,28,0,5,2,0,5,6,7,73,1762,13,19,1,2026-06-06T20:00:00+00:00,2026-06-07T16:02:52Z
699,Tino Livramento,493,England,L,12,DF,official,6,0,Newcastle United,England,23,2002-11-12,England,181,,R,39000000,2028-06-30,4602000,injured,82,Can Polish Skills,Unlikely,,,,,,4,Newcastle United,1,Premier League,337,26,1810,0,1,0.29,1.34,6,1,15,874,87.5,6.63,27,19,8,53,110,3,75,73,13,15,0,0,1,0,16,40,50,46,1357,7,12,0,2026-06-06T20:00:00+00:00,2026-06-07T16:02:52Z
701,Dan Burn,493,England,L,15,DF,official,7,0,Newcastle United,England,34,1992-05-09,England,201,,L,5200000,2027-06-30,4602000,available,83,Unlikely to Improve,Unlikely,,,,,,4,Newcastle United,1,Premier League,337,46,3471,2,5,1.89,1.11,21,11,15,1670,81.7,6.67,67,39,34,226,130,5,230,196,144,99,0,6,6,0,4,6,19,141,2360,55,10,0,2026-06-06T20:00:00+00:00,2026-06-07T16:02:52Z
400,Reece James,493,England,L,24,DF,official,23,1,Chelsea,England,26,1999-12-08,England,180,,R,63000000,2032-06-30,15340000,available,86,Almost Reached,Somewhat,,,,,,13,Chelsea,1,Premier League,337,47,2667,2,6,1.51,4.24,31,9,37,1795,89.6,7.12,59,41,43,45,132,12,135,93,31,18,0,8,2,0,16,28,151,139,2431,32,8,1,2026-06-06T20:00:00+00:00,2026-06-07T16:02:52Z
735,Djed Spence,493,England,L,25,DF,official,5,0,Tottenham Hotspur,England,25,2000-08-09,England,184,,R,31000000,2029-06-30,5215600,available,76,Almost Reached,Unlikely,,,,,,9,Tottenham Hotspur,1,Premier League,337,47,2963,0,0,1.1,2.18,16,9,18,1253,81.6,6.56,56,36,25,68,150,4,165,189,32,32,0,4,3,0,49,116,70,108,2116,38,8,0,2026-06-06T20:00:00+00:00,2026-06-07T16:02:52Z
2149,Jarell Quansah,493,England,L,26,DF,official,2,0,Bayer 04 Leverkusen,Germany,23,2003-01-29,England,190,,R,48000000,2030-06-30,4049760,available,80,Can Polish Skills,Unlikely,,,,,,85,Bayer 04 Leverkusen,7,Champions League,268,46,3712,5,0,3.85,1.85,29,12,16,2500,89.4,6.89,37,25,42,144,142,6,150,104,62,42,0,6,6,0,22,44,28,180,3086,22,7,0,2026-06-06T20:00:00+00:00,2026-06-07T16:02:52Z
455,Bukayo Saka,493,England,L,7,FW,official,48,14,Arsenal,England,24,2001-09-05,England,178,,L,126000000,2030-06-30,18408000,available,93,Almost Reached,Unlikely,53,79,34,67,72,18,Arsenal,1,Premier League,337,52,3255,11,7,12.0,9.17,108,46,92,1103,78.8,7.13,49,28,23,21,155,38,214,233,28,34,0,3,3,0,63,139,177,55,1977,47,13,2,2025-11-16T17:00:00+00:00,2026-06-07T16:02:52Z
2466,Harry Kane,493,England,L,9,FW,official,113,79,FC Bayern München,Germany,32,1993-07-28,England,188,,R,65000000,2027-06-30,23378160,available,97,Unlikely to Improve,Not Specifically,,,,,,79,FC Bayern München,7,Champions League,268,52,3958,60,7,44.93,6.21,195,113,65,1206,79.1,7.89,29,19,13,49,122,41,214,193,67,57,0,13,2,0,54,86,16,180,1915,38,21,15,2026-06-06T20:00:00+00:00,2026-06-07T16:02:52Z
750,Marcus Rashford,493,England,L,11,FW,official,71,18,FC Barcelona,Spain,28,1997-10-31,England,185,,R,38000000,2026-06-30,14419600,available,80,Can Polish Skills,Unlikely,,,,,,44,FC Barcelona,3,La Liga,294,52,2567,14,11,10.5,6.79,115,46,65,1112,83.6,6.96,12,11,4,19,69,35,100,151,8,8,0,6,1,0,45,123,171,63,1809,16,10,1,2026-06-06T20:00:00+00:00,2026-06-07T16:02:52Z
711,Anthony Gordon,493,England,L,18,FW,official,18,2,Newcastle United,England,25,2001-02-24,England,183,,R,62000000,2030-06-30,,available,,,,,,,,,4,Newcastle United,1,Premier League,337,50,2879,17,5,19.88,4.49,87,41,45,845,81.9,7.23,26,17,6,20,93,21,152,160,10,30,0,5,3,0,51,105,96,43,1500,17,20,2,2026-06-06T20:00:00+00:00,2026-06-07T16:02:52Z
512,Ollie Watkins,493,England,L,19,FW,official,21,6,Aston Villa,England,30,1995-12-30,England,179,,R,31000000,2028-06-30,7976800,available,80,Unlikely to Improve,Unlikely,,,,,,3,Aston Villa,1,Premier League,337,55,3838,21,5,21.31,2.12,111,53,36,676,73.7,6.84,27,18,11,20,75,32,161,238,52,75,0,9,4,0,36,82,12,12,1256,48,14,2,2026-06-06T20:00:00+00:00,2026-06-07T16:02:52Z
450,Noni Madueke,493,England,L,20,FW,official,10,1,Arsenal,England,24,2002-03-10,England,182,,L,54000000,2030-06-30,6136000,doubtful,84,Can Polish Skills,Somewhat,47,67,35,75,61,18,Arsenal,1,Premier League,337,52,2265,7,3,5.48,3.59,56,23,45,768,77.9,6.91,29,17,12,14,78,19,142,167,14,20,0,3,0,0,61,120,149,33,1372,22,10,1,2026-03-27T19:45:00+00:00,2026-06-07T16:02:52Z
8120,Ivan Toney,493,England,L,22,FW,official,8,1,Al-Ahli,Saudi Arabia,30,1996-03-16,England,185,,R,22000000,2028-06-30,20310160,available,83,Unlikely to Improve,Unlikely,,,,,,258,Al-Ahli,17,Saudi Pro League,339,32,2749,32,7,27.04,2.07,94,49,25,483,71.8,7.33,19,13,7,32,54,14,106,122,43,45,0,5,4,0,6,24,10,24,883,37,9,0,2026-06-06T20:00:00+00:00,2026-06-07T16:02:52Z
803,Jordan Pickford,493,England,L,1,GK,official,83,0,Everton,England,32,1994-03-07,England,185,,L,16100000,2029-06-30,11658400,available,86,Unlikely to Improve,Unlikely,,,,,,20,Everton,1,Premier League,337,39,3540,0,0,,0.24,0,0,2,1483,60.8,7.03,2,1,0,55,325,0,12,4,4,2,105,51,5,0,0,0,0,944,1819,1,24,0,2026-06-06T20:00:00+00:00,2026-06-07T16:02:52Z
422,Dean Henderson,493,England,L,13,GK,official,4,0,Crystal Palace,England,29,1997-03-12,England,188,,R,29000000,2028-06-30,6136000,available,83,Almost Reached,Not Specifically,,,,,,14,Crystal Palace,1,Premier League,337,41,3330,0,0,,0.13,0,0,1,1113,53.1,6.9,1,0,1,51,298,0,19,5,15,3,106,55,4,0,1,1,0,697,1452,2,23,0,2026-06-06T20:00:00+00:00,2026-06-07T16:02:52Z
858,James Trafford,493,England,L,23,GK,official,2,0,Manchester City,England,23,2002-10-10,England,197,,R,27000000,2030-06-30,4295200,available,78,Can Polish Skills,Unlikely,,,,,,12,Manchester City,1,Premier League,337,60,1440,0,0,,0.0,0,0,0,383,74.9,7.11,3,1,0,15,112,0,10,0,5,0,37,54,0,0,1,1,0,137,514,0,13,0,2026-06-06T20:00:00+00:00,2026-06-07T16:02:52Z
449,Declan Rice,493,England,L,4,MF,official,72,6,Arsenal,England,27,1999-01-14,England,188,,R,114000000,2028-06-30,15340000,available,90,Almost Reached,Unlikely,80,56,72,65,62,18,Arsenal,1,Premier League,337,58,4468,5,9,4.91,9.13,52,17,98,3009,88.1,7.39,89,43,53,97,237,18,179,128,59,34,0,3,4,0,19,36,241,260,3857,42,19,3,2025-11-16T17:00:00+00:00,2026-06-07T16:02:52Z
548,Elliot Anderson,493,England,L,8,MF,official,8,0,Nottingham Forest,England,23,2002-11-06,England,179,,R,54000000,2029-06-30,4295200,available,80,Can Polish Skills,Unlikely,,,,,,15,Nottingham Forest,1,Premier League,337,50,4170,4,5,3.69,6.04,61,13,76,3003,85.9,7.3,124,74,52,58,376,23,372,294,75,49,0,10,7,1,69,117,219,274,4148,77,7,0,2026-06-06T20:00:00+00:00,2026-06-07T16:02:52Z
592,Jude Bellingham,493,England,L,10,MF,official,47,6,Real Madrid,Spain,22,2003-06-29,England,188,,R,132000000,2029-06-30,21169200,available,91,Can Polish Skills,Somewhat,,,,,,57,Real Madrid,3,La Liga,294,39,2537,8,5,10.68,2.59,68,30,50,1487,89.4,7.23,72,46,20,33,135,26,238,176,48,35,0,4,5,0,51,92,19,105,2077,45,18,3,2026-06-06T20:00:00+00:00,2026-06-07T16:02:52Z
474,Jordan Henderson,493,England,L,14,MF,official,90,3,Brentford,England,35,1990-06-17,England,183,,R,2200000,2027-06-30,3988400,available,80,Unlikely to Improve,Not Specifically,,,,,,16,Brentford,1,Premier League,337,35,2092,1,3,0.39,2.34,7,1,21,1266,78.9,6.81,30,15,19,37,109,2,51,53,13,18,0,6,3,0,3,8,53,201,1506,14,10,0,2026-06-06T20:00:00+00:00,2026-06-07T16:02:52Z
1802,Kobbie Mainoo,493,England,L,16,MF,official,13,0,Manchester United,England,21,2005-04-19,England,184,,R,52000000,2031-06-30,613600,available,81,Can Polish Skills,Very Unlikely,,,,,,17,Manchester United,1,Premier League,337,34,1822,1,3,1.3,1.28,14,3,27,1151,89.1,6.9,37,20,22,27,103,5,98,99,17,24,0,5,2,0,20,39,15,52,1482,15,12,0,2026-06-06T20:00:00+00:00,2026-06-07T16:02:52Z
511,Morgan Rogers,493,England,L,17,MF,official,14,1,Aston Villa,England,23,2002-07-26,England,187,,R,77000000,2031-06-30,7056400,available,82,Can Polish Skills,Very Unlikely,,,,,,3,Aston Villa,1,Premier League,337,55,4562,14,11,9.08,7.61,117,48,78,1478,75.1,6.91,50,26,21,39,181,34,233,374,43,81,0,8,6,0,64,159,76,78,2486,71,12,0,2026-06-06T20:00:00+00:00,2026-06-07T16:02:52Z
454,Eberechi Eze,493,England,L,21,MF,official,16,3,Arsenal,England,27,1998-06-29,England,178,,R,63000000,2029-06-30,11658400,available,86,Almost Reached,Somewhat,44,73,34,78,76,18,Arsenal,1,Premier League,337,58,3117,10,5,7.06,4.35,85,25,42,1178,85.7,6.98,36,25,12,14,125,34,152,148,18,40,0,3,2,0,41,81,26,48,1661,21,17,3,2025-11-16T17:00:00+00:00,2026-06-07T16:02:52Z
393,Malo Gusto,485,France,I,2,DF,official,10,0,Chelsea,England,23,2003-05-19,France,179,,R,36000000,2030-06-30,5522400,available,79,Can Polish Skills,Not Specifically,,,,,,13,Chelsea,1,Premier League,337,52,3304,3,5,2.03,3.59,19,8,41,1827,87.3,6.69,80,37,55,53,179,5,152,132,19,27,0,7,4,0,20,41,97,118,2642,31,11,0,2026-06-04T19:10:00+00:00,2026-06-07T16:02:52Z
513,Lucas Digne,485,France,I,3,DF,official,57,0,Aston Villa,England,32,1993-07-20,France,178,,L,7400000,2028-06-30,8283600,available,80,Unlikely to Improve,Not Specifically,,,,,,3,Aston Villa,1,Premier League,337,55,2785,0,7,0.97,3.86,19,6,36,1083,82.1,6.75,51,34,19,88,99,10,117,103,44,36,0,9,4,0,5,16,145,78,1779,33,18,0,2026-06-04T19:10:00+00:00,2026-06-07T16:02:52Z
3463,Dayot Upamecano,485,France,I,4,DF,official,37,2,FC Bayern München,Germany,27,1998-10-27,France,185,,R,65000000,2030-06-30,,available,,,,,,,,,79,FC Bayern München,7,Champions League,268,50,3260,2,3,2.56,2.1,18,6,16,2687,91.3,7.07,85,55,47,108,204,2,163,131,63,47,0,10,5,0,5,18,8,196,3117,35,20,0,2026-06-04T19:10:00+00:00,2026-06-07T16:02:52Z
739,Jules Koundé,485,France,I,5,DF,official,47,0,FC Barcelona,Spain,27,1998-11-12,France,180,,R,69000000,2030-06-30,13806000,injured,86,Can Polish Skills,Not Specifically,,,,,,44,FC Barcelona,3,La Liga,294,48,3357,3,4,2.36,4.69,19,6,38,2790,91.3,6.87,70,43,43,88,137,3,185,151,51,40,0,2,4,0,30,50,53,97,3623,29,21,0,2026-06-04T19:10:00+00:00,2026-06-07T16:02:52Z
324,Ibrahima Konaté,485,France,I,15,DF,official,28,0,Liverpool FC,England,27,1999-05-25,France,195,,R,52000000,2026-06-30,8590400,available,85,Can Polish Skills,Not Specifically,,,,,,1,Liverpool FC,1,Premier League,337,51,4190,2,0,2.29,1.18,22,7,8,2721,89.4,7.0,69,40,45,244,170,4,270,137,144,59,0,10,7,0,8,11,3,205,3353,54,24,0,2026-06-04T19:10:00+00:00,2026-06-07T16:02:52Z
3460,William Saliba,485,France,I,17,DF,official,31,0,Arsenal,England,25,2001-03-24,France,193,,R,85000000,2030-06-30,13499200,injured,90,Almost Reached,Unlikely,,,,,,18,Arsenal,1,Premier League,337,51,4254,1,1,2.03,1.54,9,1,12,3283,92.8,6.98,58,36,26,199,175,2,194,152,96,86,0,2,2,0,17,23,12,186,3764,42,19,0,2026-06-04T19:10:00+00:00,2026-06-07T16:02:52Z
7994,Theo Hernández,485,France,I,19,DF,official,43,2,Al-Hilal,Saudi Arabia,28,1997-10-06,France,184,,L,30000000,2028-06-30,20310160,available,80,Almost Reached,Unlikely,,,,,,262,Al-Hilal,17,Saudi Pro League,339,31,2744,5,1,2.92,1.53,52,16,26,1467,88.3,7.05,36,24,25,30,143,16,139,97,30,12,0,2,5,0,21,46,80,72,2087,27,25,0,2026-06-04T19:10:00+00:00,2026-06-07T16:02:52Z
2246,Lucas Hernández,485,France,I,21,DF,official,42,0,Paris Saint-Germain,France,30,1996-02-14,France,183,,L,18600000,2028-06-30,306800,available,72,Almost Reached,Not Specifically,,,,,,114,Paris Saint-Germain,6,Ligue 1,317,50,2084,0,3,0.52,0.79,11,3,16,1928,92.0,6.94,31,15,26,52,104,3,85,63,32,15,0,10,2,0,3,10,17,93,2338,26,11,0,2026-06-04T19:10:00+00:00,2026-06-07T16:02:52Z
424,Maxence Lacroix,485,France,I,26,DF,official,3,0,Crystal Palace,England,26,2000-04-06,France,192,,R,43000000,2029-06-30,4908800,available,80,Almost Reached,Unlikely,,,,,,14,Crystal Palace,1,Premier League,337,40,3357,1,2,3.8,0.95,25,7,7,1765,87.8,6.87,62,40,48,287,105,8,211,136,123,79,0,15,3,1,7,11,6,187,2382,36,3,0,2026-06-04T19:10:00+00:00,2026-06-07T16:02:52Z
2253,Ousmane Dembélé,485,France,I,7,FW,official,58,7,Paris Saint-Germain,France,29,1997-05-15,France,178,,B,97000000,2028-06-30,20371520,available,93,Almost Reached,Not Specifically,,,,,,114,Paris Saint-Germain,6,Ligue 1,317,39,1976,19,10,14.34,6.29,83,35,68,1233,83.4,7.36,10,4,4,7,46,15,54,61,2,6,0,10,0,0,30,55,79,70,1583,6,17,2,2026-06-04T19:10:00+00:00,2026-06-07T16:02:52Z
1688,Marcus Thuram,485,France,I,9,FW,official,34,3,Inter,Italy,28,1997-08-06,France,192,,R,52000000,2028-06-30,7854080,available,89,Almost Reached,Not Specifically,,,,,,77,Inter,4,Serie A,358,45,2810,17,8,13.28,3.97,114,40,42,682,76.5,7.05,40,18,2,19,69,31,204,188,78,60,0,3,2,0,30,44,29,6,1221,61,19,1,2026-06-04T19:10:00+00:00,2026-06-07T16:02:52Z
594,Kylian Mbappé,485,France,I,10,FW,official,97,56,Real Madrid,Spain,27,1998-12-20,France,180,,R,212000000,2029-06-30,30495920,available,95,Almost Reached,Unlikely,,,,,,57,Real Madrid,3,La Liga,294,45,3606,42,6,35.64,8.65,209,97,98,1368,86.2,7.69,6,2,3,1,64,50,156,178,8,6,0,2,3,0,95,192,36,62,2102,17,19,9,2026-06-04T19:10:00+00:00,2026-06-07T16:02:52Z
2467,Michael Olise,485,France,I,11,FW,official,16,4,FC Bayern München,Germany,24,2001-12-12,France,184,,L,135000000,2029-06-30,13744640,available,94,Almost Reached,Not Specifically,,,,,,79,FC Bayern München,7,Champions League,268,52,3920,22,26,17.09,21.76,160,75,125,2519,84.7,7.73,40,19,21,12,172,49,274,284,18,23,0,13,6,0,122,245,239,80,3773,53,19,4,2026-06-04T19:10:00+00:00,2026-06-07T16:02:52Z
2261,Bradley Barcola,485,France,I,12,FW,official,19,3,Paris Saint-Germain,France,23,2002-09-02,France,182,,R,68000000,2028-06-30,6749600,available,82,Can Polish Skills,Unlikely,,,,,,114,Paris Saint-Germain,6,Ligue 1,317,48,2829,13,5,14.9,6.85,95,42,68,1134,84.4,7.06,47,26,19,10,89,24,126,188,13,18,0,10,1,0,53,133,36,16,1715,28,20,3,2026-06-04T19:10:00+00:00,2026-06-07T16:02:52Z
4324,Désiré Doué,485,France,I,20,FW,official,6,2,Paris Saint-Germain,France,21,2005-06-03,France,181,,R,124000000,2029-06-30,2761200,available,85,Almost Reached,Very Unlikely,,,,,,114,Paris Saint-Germain,6,Ligue 1,317,40,2313,13,8,10.51,6.3,89,33,65,1392,86.9,7.27,54,31,20,7,123,27,168,192,6,11,0,10,1,0,61,132,106,59,2114,48,8,2,2026-06-04T19:10:00+00:00,2026-06-07T16:02:52Z
432,Jean Philippe Mateta,485,France,I,22,FW,official,4,2,Crystal Palace,England,28,1997-06-28,France,192,,R,33000000,2027-06-30,3374800,available,81,Almost Reached,Unlikely,,,,,,14,Crystal Palace,1,Premier League,337,35,2447,12,0,16.84,1.3,70,34,12,367,62.4,6.77,11,5,7,50,62,10,120,191,74,101,0,15,0,0,15,34,11,20,771,21,5,2,2026-06-04T19:10:00+00:00,2026-06-07T16:02:52Z
2801,Brice Samba,485,France,I,1,GK,official,4,0,Stade Rennais,France,32,1994-04-25,France,186,,L,7400000,2029-06-30,6074640,available,78,Unlikely to Improve,Unlikely,,,,,,97,Stade Rennais,6,Ligue 1,317,35,3060,0,0,,0.07,0,0,2,1235,78.1,6.91,2,1,0,20,266,0,13,3,7,1,89,48,3,0,0,0,0,426,1535,1,25,0,2026-06-04T19:10:00+00:00,2026-06-07T16:02:52Z
1987,Mike Maignan,485,France,I,16,GK,official,39,0,AC Milan,Italy,30,1995-07-03,France,190,,R,22000000,2031-06-30,6688240,available,86,Unlikely to Improve,Somewhat,,,,,,63,AC Milan,4,Serie A,358,40,3566,0,0,,0.03,0,0,0,1171,79.0,7.21,0,0,1,25,295,0,16,0,7,0,113,36,4,0,4,4,0,425,1548,0,25,0,2026-06-04T19:10:00+00:00,2026-06-07T16:02:52Z
1406,Robin Risser,485,France,I,23,GK,official,0,0,RC Lens,France,21,2004-12-02,France,193,,R,26000000,2030-06-30,920400,available,74,Can Polish Skills,Not Specifically,,,,,,99,RC Lens,6,Ligue 1,317,40,3330,0,1,,0.01,0,0,2,986,76.2,7.02,0,0,0,20,278,0,9,2,5,0,89,42,2,0,0,0,0,383,1287,0,1,0,2026-06-04T19:10:00+00:00,2026-06-07T16:02:52Z
1064,Manu Koné,485,France,I,6,MF,official,13,0,AS Roma,Italy,25,2001-05-17,France,186,,R,47000000,2029-06-30,5276960,available,84,Almost Reached,Not Specifically,,,,,,65,AS Roma,4,Serie A,358,38,2758,2,3,2.38,3.01,27,5,28,1571,90.5,6.93,53,30,22,28,144,13,172,180,34,35,0,2,2,0,34,59,2,64,2037,57,15,0,2026-06-04T19:10:00+00:00,2026-06-07T16:02:52Z
591,Aurélien Tchouaméni,485,France,I,8,MF,official,45,3,Real Madrid,Spain,26,2000-01-27,France,188,,R,78000000,2028-06-30,12701520,injured,85,Almost Reached,Not Specifically,,,,,,57,Real Madrid,3,La Liga,294,48,3760,2,2,3.59,3.81,61,12,35,2617,91.7,7.18,92,55,73,79,194,22,229,121,91,31,0,4,6,0,9,20,9,143,3159,47,17,0,2026-06-04T19:10:00+00:00,2026-06-07T16:02:52Z
8155,N'Golo Kanté,485,France,I,13,MF,official,68,2,Fenerbahçe,Türkiye,35,1991-03-29,France,169,,R,3900000,2028-06-30,21353280,available,84,Unlikely to Improve,Not Specifically,,,,,,134,Fenerbahçe,11,Trendyol Super Lig,380,16,1310,2,0,0.34,1.34,8,2,16,857,88.8,7.08,43,25,26,16,96,2,74,56,13,9,0,7,3,0,11,20,8,42,1078,19,15,0,2026-06-04T19:10:00+00:00,2026-06-07T16:02:52Z
1994,Adrien Rabiot,485,France,I,14,MF,official,58,7,AC Milan,Italy,31,1995-04-03,France,191,,L,17300000,2028-06-30,9449440,available,83,Unlikely to Improve,Not Specifically,,,,,,63,AC Milan,4,Serie A,358,31,2730,6,4,4.96,3.37,52,14,29,1462,85.8,7.22,61,30,22,43,158,13,182,141,47,29,0,8,6,1,21,41,62,85,2019,40,18,3,2026-06-04T19:10:00+00:00,2026-06-07T16:02:52Z
2243,Warren Zaïre-Emery,485,France,I,18,MF,official,11,1,Paris Saint-Germain,France,20,2006-03-08,France,178,,R,78000000,2029-06-30,8590400,available,83,Can Polish Skills,Very Unlikely,,,,,,114,Paris Saint-Germain,6,Ligue 1,317,51,3947,3,5,2.23,5.02,34,10,65,3028,93.1,6.85,74,44,27,31,218,13,165,174,26,11,0,10,4,0,41,73,26,96,3684,49,20,0,2026-06-04T19:10:00+00:00,2026-06-07T16:02:52Z
856,Rayan Cherki,485,France,I,24,MF,official,6,2,Manchester City,England,22,2003-08-17,France,176,,B,71000000,2030-06-30,6749600,available,85,Can Polish Skills,Unlikely,,,,,,12,Manchester City,1,Premier League,337,53,2866,10,16,7.14,10.29,94,30,95,2102,85.3,7.29,37,24,10,10,138,39,164,184,4,13,0,7,1,0,74,149,122,99,2824,27,7,2,2026-06-04T19:10:00+00:00,2026-06-07T16:02:52Z
2229,Maghnes Akliouche,485,France,I,25,MF,official,8,1,AS Monaco,Monaco,24,2002-02-25,France,183,,L,49000000,2028-06-30,1165840,available,81,Can Polish Skills,Unlikely,,,,,,101,AS Monaco,6,Ligue 1,317,44,3335,6,10,10.37,7.08,78,32,68,1458,85.3,7.01,56,36,24,13,195,22,159,199,8,25,0,9,1,0,46,92,62,78,2129,42,9,1,2026-06-04T19:10:00+00:00,2026-06-07T16:02:52Z
588,Antonio Rüdiger,467,Germany,E,2,DF,official,82,3,Real Madrid,Spain,33,1993-03-03,Germany,191,,R,9300000,2026-06-30,14726400,available,85,Unlikely to Improve,Extremely,,,,,,57,Real Madrid,3,La Liga,294,30,2122,1,0,0.99,0.65,15,1,4,1519,92.9,6.82,18,9,9,81,80,4,57,39,36,19,0,4,2,0,0,1,3,114,1710,17,17,0,2026-06-06T18:30:00+00:00,2026-06-07T16:02:52Z
2157,Waldemar Anton,467,Germany,E,3,DF,official,13,0,Borussia Dortmund,Germany,29,1996-07-20,Germany,189,,R,19700000,2028-06-30,7117760,available,82,Almost Reached,Unlikely,,,,,,92,Borussia Dortmund,7,Champions League,268,44,3927,3,0,3.28,1.51,25,9,10,3208,89.6,7.09,89,50,50,214,207,6,228,150,105,67,0,3,4,0,15,27,16,286,3848,43,21,0,2026-06-06T18:30:00+00:00,2026-06-07T16:02:52Z
2459,Jonathan Tah,467,Germany,E,4,DF,official,47,1,FC Bayern München,Germany,30,1996-02-11,Germany,194,,R,26000000,2029-06-30,15278640,available,86,Unlikely to Improve,Not Specifically,,,,,,79,FC Bayern München,7,Champions League,268,53,3684,3,2,1.26,1.98,12,7,8,3102,95.8,7.1,45,29,37,195,147,2,137,106,75,42,0,13,7,0,4,6,1,113,3550,51,23,1,2026-06-06T18:30:00+00:00,2026-06-07T16:02:52Z
2461,Joshua Kimmich,467,Germany,E,6,DF,official,110,10,FC Bayern München,Germany,31,1995-02-08,Germany,176,,R,38000000,2029-06-30,19328400,available,89,Unlikely to Improve,Very Unlikely,,,,,,79,FC Bayern München,7,Champions League,268,49,3980,2,12,4.22,12.99,41,15,95,4277,91.5,7.6,57,46,42,29,206,9,137,105,18,23,0,10,4,0,14,24,189,384,4956,14,25,4,2026-06-06T18:30:00+00:00,2026-06-07T16:02:52Z
2158,Nico Schlotterbeck,467,Germany,E,15,DF,official,27,0,Borussia Dortmund,Germany,26,1999-12-01,Germany,191,,L,57000000,2031-06-30,4602000,available,84,Almost Reached,Unlikely,,,,,,92,Borussia Dortmund,7,Champions League,268,38,3290,5,1,4.04,2.66,39,11,14,2658,88.3,7.6,69,48,40,144,201,11,202,125,80,45,0,3,6,1,18,32,40,423,3294,37,20,0,2026-06-06T18:30:00+00:00,2026-06-07T16:02:52Z
1350,Nathaniel Brown,467,Germany,E,18,DF,official,5,0,Eintracht Frankfurt,Germany,22,2003-06-16,Germany,179,,L,37000000,2030-06-30,2024880,available,80,Can Polish Skills,Unlikely,,,,,,87,Eintracht Frankfurt,7,Champions League,268,42,3460,4,6,2.64,3.31,22,10,43,1414,84.1,6.85,121,80,35,48,165,5,203,131,11,22,0,8,1,0,24,52,61,109,2250,33,8,0,2026-06-06T18:30:00+00:00,2026-06-07T16:02:52Z
2891,David Raum,467,Germany,E,22,DF,official,37,1,RB Leipzig,Germany,28,1998-04-22,Germany,180,,L,27000000,2027-06-30,6074640,available,81,Almost Reached,Very Unlikely,,,,,,80,RB Leipzig,5,Bundesliga,228,35,2916,3,9,2.31,11.92,27,10,112,1917,81.5,7.35,54,38,38,116,167,4,110,110,18,20,0,5,5,0,20,40,287,216,2933,32,21,1,2026-06-06T18:30:00+00:00,2026-06-07T16:02:52Z
700,Malick Thiaw,467,Germany,E,24,DF,official,5,0,Newcastle United,England,24,2001-08-08,Germany,194,,R,41000000,2029-06-30,4786080,available,81,Almost Reached,Unlikely,,,,,,4,Newcastle United,1,Premier League,337,57,4641,5,1,6.44,1.23,39,18,12,2605,89.9,6.98,68,46,56,262,198,9,255,144,164,82,0,6,7,0,10,12,11,224,3243,41,6,0,2026-06-06T18:30:00+00:00,2026-06-07T16:02:52Z
4941,Kai Havertz,467,Germany,E,7,FW,official,58,22,Arsenal,England,26,1999-06-11,Germany,193,,L,48000000,2028-06-30,13499200,available,85,Can Polish Skills,Not Specifically,,,,,,18,Arsenal,1,Premier League,337,28,1066,7,5,6.12,1.6,31,11,19,338,75.1,6.82,12,6,2,12,27,12,66,90,35,46,0,2,1,0,7,14,8,9,524,18,12,6,2026-06-06T18:30:00+00:00,2026-06-07T16:02:52Z
707,Nick Woltemade,467,Germany,E,11,FW,official,11,4,Newcastle United,England,24,2002-02-14,Germany,198,,R,70000000,2031-07-01,8283600,available,84,Can Polish Skills,Unlikely,,,,,,4,Newcastle United,1,Premier League,337,54,3050,11,4,9.64,2.25,49,19,38,686,78.6,6.66,33,18,9,38,89,14,148,232,56,83,0,6,1,0,23,50,3,30,1153,31,12,4,2026-06-06T18:30:00+00:00,2026-06-07T16:02:52Z
3915,Maximilian Beier,467,Germany,E,14,FW,official,9,0,Borussia Dortmund,Germany,23,2002-10-17,Germany,183,,R,43000000,2029-06-30,5583760,available,76,Can Polish Skills,Unlikely,,,,,,92,Borussia Dortmund,7,Champions League,268,45,2736,10,7,10.03,6.04,66,24,32,775,70.2,6.7,34,21,16,29,87,19,115,197,33,54,0,3,1,0,21,59,42,39,1363,40,12,0,2026-06-06T18:30:00+00:00,2026-06-07T16:02:52Z
1620,Deniz Undav,467,Germany,E,26,FW,official,9,6,VfB Stuttgart,Germany,29,1996-07-19,Germany,179,,B,20000000,2029-06-30,4602000,available,86,Almost Reached,Not Specifically,,,,,,84,VfB Stuttgart,8,Europa League,280,45,3553,25,14,24.39,6.73,176,67,86,1051,73.9,7.12,26,20,7,10,97,47,126,223,52,86,0,11,3,0,14,27,20,53,1617,57,17,6,2026-06-06T18:30:00+00:00,2026-06-07T16:02:52Z
2456,Manuel Neuer,467,Germany,E,1,GK,official,124,0,FC Bayern München,Germany,40,1986-03-27,Germany,193,,R,4099999,2027-06-30,,injured,,,,,,,,,79,FC Bayern München,7,Champions League,268,44,3120,0,0,,0.06,0,0,0,1217,77.6,6.98,0,0,0,26,295,0,7,1,1,0,75,51,2,0,1,1,0,512,1512,0,6,0,2026-06-06T18:30:00+00:00,2026-06-07T16:02:52Z
2376,Oliver Baumann,467,Germany,E,12,GK,official,13,0,TSG Hoffenheim,Germany,36,1990-06-02,Germany,185,,R,2700000,2028-06-30,4602000,available,84,Unlikely to Improve,Unlikely,,,,,,86,TSG Hoffenheim,5,Bundesliga,228,36,3270,0,0,,0.39,0,0,1,1313,71.4,6.83,0,0,0,40,332,0,16,5,8,1,102,53,4,0,2,2,0,604,1655,1,25,0,2026-06-06T18:30:00+00:00,2026-06-07T16:02:52Z
1609,Alexander Nübel,467,Germany,E,21,GK,official,3,0,VfB Stuttgart,Germany,29,1996-09-30,Germany,193,,R,10900000,2026-06-30,7608640,available,82,Can Polish Skills,Unlikely,,,,,,84,VfB Stuttgart,8,Europa League,280,52,4470,0,2,,0.4,0,0,4,1834,69.4,7.05,0,0,1,39,454,0,21,2,13,0,146,71,0,0,0,0,0,907,2319,1,20,0,2026-06-06T18:30:00+00:00,2026-06-07T16:02:52Z
2462,Aleksandar Pavlović,467,Germany,E,5,MF,official,11,1,FC Bayern München,Germany,22,2004-05-03,Germany,186,,B,96000000,2029-06-30,7117760,available,81,Can Polish Skills,Somewhat,,,,,,79,FC Bayern München,7,Champions League,268,52,3082,4,2,3.42,3.65,25,12,42,3150,94.5,7.14,53,24,25,43,178,6,107,123,21,34,0,13,3,0,8,17,21,173,3542,42,12,1,2026-06-06T18:30:00+00:00,2026-06-07T16:02:52Z
2470,Leon Goretzka,467,Germany,E,8,MF,official,70,15,FC Bayern München,Germany,31,1995-02-06,Germany,189,,R,10900000,2026-06-30,17303520,available,82,Unlikely to Improve,Somewhat,,,,,,79,FC Bayern München,7,Champions League,268,54,2265,5,4,5.15,4.31,39,11,25,1869,91.1,6.99,35,21,31,46,114,13,92,95,28,43,0,13,1,0,11,14,7,81,2185,19,14,1,2026-06-06T18:30:00+00:00,2026-06-07T16:02:52Z
1621,Jamie Leweling,467,Germany,E,9,MF,official,5,1,VfB Stuttgart,Germany,25,2001-02-26,Germany,184,,B,37000000,2029-06-30,4049760,available,80,Almost Reached,Unlikely,,,,,,84,VfB Stuttgart,8,Europa League,280,49,3443,10,12,7.71,6.56,81,29,63,1110,77.9,7.0,36,18,16,39,133,26,170,201,18,28,0,11,4,0,53,111,190,58,2003,35,10,1,2026-06-06T18:30:00+00:00,2026-06-07T16:02:52Z
8564,Jamal Musiala,467,Germany,E,10,MF,official,42,9,FC Bayern München,Germany,23,2003-02-26,Germany,184,,R,97000000,2030-06-30,25403040,available,88,Can Polish Skills,Not Specifically,,,,,,79,FC Bayern München,7,Champions League,268,25,1181,5,6,6.96,2.26,44,14,24,471,86.6,6.67,20,11,10,1,42,17,78,98,2,6,0,13,2,0,26,61,5,9,788,8,13,7,2026-06-06T18:30:00+00:00,2026-06-07T16:02:52Z
2173,Pascal Groß,467,Germany,E,13,MF,official,18,1,Brighton & Hove Albion,England,34,1991-06-15,Germany,181,,R,3200000,2027-06-30,7056400,available,82,Unlikely to Improve,Unlikely,,,,,,5,Brighton & Hove Albion,1,Premier League,337,21,1816,1,3,1.43,3.77,18,9,39,1150,85.8,7.05,37,23,12,26,86,6,72,78,13,21,0,7,2,0,8,18,125,85,1511,21,21,0,2026-06-06T18:30:00+00:00,2026-06-07T16:02:52Z
1622,Angelo Stiller,467,Germany,E,16,MF,official,8,0,VfB Stuttgart,Germany,25,2001-04-04,Germany,183,,L,46000000,2028-06-30,5092880,available,82,Can Polish Skills,Unlikely,,,,,,84,VfB Stuttgart,8,Europa League,280,51,4165,2,8,4.62,9.91,29,10,89,3583,88.0,7.26,78,42,41,61,271,10,211,152,50,51,0,11,1,0,20,35,154,252,4288,33,14,0,2026-06-06T18:30:00+00:00,2026-06-07T16:02:52Z
330,Florian Wirtz,467,Germany,E,17,MF,official,41,11,Liverpool FC,England,23,2003-05-03,Germany,175,,R,105000000,2030-06-30,12272000,available,90,Can Polish Skills,Unlikely,,,,,,1,Liverpool FC,1,Premier League,337,48,3418,7,7,9.26,8.85,78,28,96,1936,83.9,6.95,51,39,14,14,166,30,152,220,11,52,0,9,0,0,62,112,49,94,2578,38,23,10,2026-06-06T18:30:00+00:00,2026-06-07T16:02:52Z
3732,Leroy Sané,467,Germany,E,19,MF,official,76,17,Galatasaray,Türkiye,30,1996-01-11,Germany,184,,L,24000000,2028-06-30,15278640,available,82,Unlikely to Improve,Not Specifically,,,,,,125,Galatasaray,11,Trendyol Super Lig,380,41,2924,6,6,6.22,7.59,55,17,59,1337,84.7,7.08,47,26,15,4,170,15,168,205,10,16,0,7,1,1,88,165,93,51,2017,35,17,4,2026-06-06T18:30:00+00:00,2026-06-07T16:02:52Z
3934,Nadiem Amiri,467,Germany,E,20,MF,official,11,1,1. FSV Mainz 05,Germany,29,1996-10-27,Germany,180,,R,15500000,2028-06-30,3068000,available,82,Almost Reached,Not Specifically,,,,,,93,1. FSV Mainz 05,5,Bundesliga,228,28,2259,13,2,10.26,7.67,57,24,67,1190,81.2,7.43,33,19,21,11,119,22,100,109,14,15,0,8,2,0,26,54,142,142,1742,25,8,1,2026-06-06T18:30:00+00:00,2026-06-07T16:02:52Z
2160,Felix Nmecha,467,Germany,E,23,MF,official,8,1,Borussia Dortmund,Germany,25,2000-10-10,Germany,190,,R,48000000,2030-06-30,10185760,available,80,Almost Reached,Not Specifically,,,,,,92,Borussia Dortmund,7,Champions League,268,42,3131,5,3,5.39,5.54,50,13,32,1610,86.5,7.0,57,30,36,37,155,20,165,124,36,21,0,2,0,0,37,66,9,87,2097,35,10,1,2026-06-06T18:30:00+00:00,2026-06-07T16:02:52Z
3854,Assan Ouédraogo,467,Germany,E,25,MF,official,1,1,RB Leipzig,Germany,20,2006-05-09,Germany,192,,R,26000000,2029-06-30,2515760,available,78,Can Polish Skills,Somewhat,,,,,,80,RB Leipzig,5,Bundesliga,228,21,986,4,4,2.53,1.9,28,14,15,298,84.2,6.89,8,7,3,12,50,8,51,51,6,7,0,9,0,0,15,31,4,18,489,4,2,1,2025-11-17T19:45:00+00:00,2026-06-07T16:02:52Z
2463,Lennart Karl,467,Germany,E,25,MF,official,3,0,FC Bayern München,Germany,18,2008-02-22,Germany,168,,L,63000000,2029-06-30,1534000,available,77,Can Polish Skills,Unlikely,46,66,35,63,71,79,FC Bayern München,7,Champions League,268,47,1924,9,7,9.53,5.67,65,31,34,1194,86.6,6.86,39,23,13,7,77,7,88,134,2,16,0,2,1,0,33,87,34,57,1636,9,3,0,2026-05-31T18:45:00+00:00,2026-06-07T16:02:52Z
2817,Alidu Seidu,495,Ghana,L,2,DF,official,24,1,Stade Rennais,France,26,2000-06-04,Ghana,173,,R,6300000,2029-06-30,797680,available,74,Can Polish Skills,Unlikely,64,40,75,56,42,97,Stade Rennais,6,Ligue 1,317,35,1407,0,1,0.16,0.92,8,1,13,906,92.1,6.86,38,24,22,45,103,2,101,58,20,13,0,9,1,0,11,19,17,50,1237,20,10,0,2026-06-02T18:45:00+00:00,2026-06-07T16:02:52Z
3146,Jonas Adjei Adjetey,495,Ghana,L,4,DF,official,10,0,VfL Wolfsburg,Germany,22,2003-12-13,Ghana,188,,R,7500000,2030-06-30,1534000,available,73,Can Still Improve,Unlikely,64,33,78,44,39,82,VfL Wolfsburg,5,Bundesliga,228,11,137,0,0,0.08,0.11,3,0,0,73,71.2,6.2,2,1,1,7,7,1,8,11,5,5,0,2,1,0,1,2,4,15,116,4,9,0,2026-06-02T18:45:00+00:00,2026-06-07T16:02:52Z
12045,Abdul Mumin,495,Ghana,L,6,DF,official,5,0,Rayo Vallecano,Spain,28,1998-06-06,Ghana,188,,R,4300000,2026-06-30,490880,available,76,Can Polish Skills,Not Specifically,,,,,,40,Rayo Vallecano,3,La Liga,294,10,78,0,0,,0.0,0,0,0,36,86.1,6.53,0,0,2,4,3,0,1,2,0,0,0,6,0,0,0,0,0,5,47,2,3,0,2026-06-02T18:45:00+00:00,2026-06-07T16:02:52Z
2095,Gideon Mensah,495,Ghana,L,14,DF,official,40,0,Auxerre,France,27,1998-07-18,Ghana,177,,L,3700000,2026-06-30,,available,,,,50,45,62,54,55,109,Auxerre,6,Ligue 1,317,33,2423,0,2,0.0,1.45,1,0,17,1158,82.2,6.83,58,44,28,75,138,0,125,112,12,18,0,5,4,0,21,34,64,160,1822,37,16,0,2026-06-02T18:45:00+00:00,2026-06-07T16:02:52Z
3268,Rahman Baba,495,Ghana,L,17,DF,official,51,1,PAOK,Greece,31,1994-07-02,Ghana,179,,L,2200000,2026-06-30,,available,,,,39,41,58,42,45,129,PAOK,24,Stoiximan Super League,364,46,2748,3,3,2.64,3.0,21,5,18,1304,79.7,6.82,45,28,26,78,110,10,110,108,27,25,0,5,2,0,9,25,58,120,2101,32,1,0,2026-06-02T18:45:00+00:00,2026-06-07T16:02:52Z
6638,Jerome Opoku,495,Ghana,L,18,DF,official,11,1,Başakşehir FK,Türkiye,27,1998-10-14,Ghana,194,,L,5400000,2027-06-30,429520,available,77,Almost Reached,Not Specifically,60,35,71,45,38,194,Başakşehir FK,11,Trendyol Super Lig,380,32,2574,0,1,1.2,0.92,16,2,5,1582,89.8,6.85,20,14,36,114,91,9,127,83,68,27,0,4,6,0,2,7,5,139,1938,48,10,0,2026-06-02T18:45:00+00:00,2026-06-07T16:02:52Z
1487,Kojo Peprah Oppong,495,Ghana,L,21,DF,official,4,0,Nice,France,22,2004-06-04,Ghana,185,,R,9700000,2029-06-30,368160,available,71,Can Still Improve,Unlikely,54,34,59,44,38,103,Nice,6,Ligue 1,317,48,3464,1,0,2.83,0.43,15,4,6,1991,91.7,6.77,61,36,45,200,139,7,187,111,68,46,0,8,5,0,17,24,6,108,2524,39,4,0,2026-06-02T18:45:00+00:00,2026-06-07T16:02:52Z
3600,Derrick Luckassen,495,Ghana,L,23,DF,official,1,0,Pafos FC,Cyprus,30,1995-07-03,Ghana,186,,R,1000000,2026-05-31,122720,available,70,Unlikely to Improve,Very Unlikely,56,32,62,47,42,119,Pafos FC,7,Champions League,268,14,900,1,0,0.82,0.11,4,1,2,415,81.2,6.88,8,2,7,95,28,0,47,43,26,15,0,0,0,0,3,5,1,66,595,17,3,0,2026-06-02T18:45:00+00:00,2026-06-07T16:02:52Z
4008,Marvin Senaya,495,Ghana,L,26,DF,official,2,0,Auxerre,France,25,2001-01-28,Ghana,179,,R,3100000,2029-06-30,490880,available,73,Almost Reached,Unlikely,45,46,61,47,46,109,Auxerre,6,Ligue 1,317,31,1874,1,0,1.38,0.55,15,5,6,647,75.9,6.8,61,34,36,86,63,7,141,88,45,23,0,5,3,0,4,23,43,94,1164,28,3,0,2026-06-02T18:45:00+00:00,2026-06-07T16:02:52Z
7102,Alexander Djiku,495,Ghana,L,,DF,preliminary,38,4,FC Spartak Moscow,Russia,31,1994-08-09,Ghana,182,,R,3800000,2027-06-30,1411280,available,74,Unlikely to Improve,Somewhat,71,38,77,47,48,1333,FC Spartak Moscow,11,Trendyol Super Lig,380,2,1,0,0,,,,,,,,,,,,,,,,,,,,,,,,,,,,,12,3,2026-03-30T18:45:00+00:00,2026-06-07T16:02:52Z
6131,Abdul Fatawu Issahaku,495,Ghana,L,7,FW,official,28,3,Leicester City,England,22,2004-03-08,Ghana,180,,L,21000000,2029-06-30,,available,,,,55,71,46,70,64,221,Leicester City,12,Championship,243,44,3718,9,7,4.98,6.52,112,28,56,1069,70.3,6.86,43,24,18,60,200,41,272,353,41,71,0,0,3,0,114,262,188,100,2244,54,9,2,2026-06-02T18:45:00+00:00,2026-06-07T16:02:52Z
6134,Jordan Ayew,495,Ghana,L,9,FW,official,120,34,Leicester City,England,34,1991-09-11,Ghana,182,,R,1100000,2026-06-30,3681600,available,75,Unlikely to Improve,Unlikely,45,64,29,51,59,221,Leicester City,12,Championship,243,48,2385,6,3,6.75,2.4,52,22,28,539,82.7,6.59,27,19,9,45,81,13,162,251,47,108,0,0,2,0,25,45,54,17,1087,52,16,10,2026-06-02T18:45:00+00:00,2026-06-07T16:02:52Z
6887,Brandon Thomas-Asante,495,Ghana,L,10,FW,official,8,1,Coventry City,England,27,1998-12-29,Ghana,180,,R,16500000,2028-06-30,,available,,,,46,63,30,49,45,203,Coventry City,12,Championship,243,34,1895,13,4,11.39,1.88,64,26,19,392,71.2,6.85,16,13,16,11,84,14,94,145,30,54,0,1,0,0,17,40,25,18,779,22,4,0,2026-06-02T18:45:00+00:00,2026-06-07T16:02:52Z
8138,Christopher Baah,495,Ghana,L,13,FW,official,9,0,Al-Qadsiah,Saudi Arabia,21,2004-12-14,Ghana,172,,L,10900000,2029-06-30,2024880,available,74,Can Polish Skills,Unlikely,47,59,47,67,58,272,Al-Qadsiah,17,Saudi Pro League,339,32,2682,3,12,3.27,5.34,30,11,55,1236,86.2,7.26,45,32,19,34,138,5,184,158,20,18,0,3,4,0,67,117,124,30,1940,46,9,0,2026-06-02T18:45:00+00:00,2026-06-07T16:02:52Z
4436,Iñaki Williams,495,Ghana,L,19,FW,official,26,2,Athletic Club,Spain,31,1994-06-15,Ghana,186,,R,9100000,2028-06-30,9142640,available,77,Unlikely to Improve,Unlikely,39,71,27,57,62,51,Athletic Club,3,La Liga,294,39,2654,4,6,8.05,3.4,66,23,29,609,67.2,6.59,16,12,11,17,80,22,101,180,37,41,0,13,2,0,16,69,79,23,1127,31,10,2,2026-06-02T18:45:00+00:00,2026-06-07T16:02:52Z
1310,Kamaldeen Sulemana,495,Ghana,L,22,FW,official,28,1,Atalanta,Italy,24,2002-02-15,Ghana,174,,R,17500000,2029-06-30,3006640,available,74,Can Polish Skills,Not Specifically,36,62,28,63,60,71,Atalanta,4,Serie A,358,49,1360,3,2,3.84,2.53,34,12,15,453,85.0,6.69,12,5,3,12,59,7,80,116,15,20,0,8,2,0,34,81,33,29,771,15,11,1,2026-06-02T18:45:00+00:00,2026-06-07T16:02:52Z
24027,Ernest Nuamah,495,Ghana,L,24,FW,official,18,4,Olympique Lyonnais,France,22,2003-11-01,Ghana,178,,L,9500000,2028-06-30,3068000,available,76,Can Polish Skills,Not Specifically,,,,,,100,Olympique Lyonnais,6,Ligue 1,317,3,47,0,0,0.19,0.22,2,0,0,18,94.4,6.57,1,0,0,0,2,2,4,6,0,0,0,8,0,0,3,7,2,0,37,0,10,2,2026-06-02T18:45:00+00:00,2026-06-07T16:02:52Z
3225,Prince Kwabena Adu,495,Ghana,L,25,FW,official,5,0,FC Viktoria Plzeň,Czechia,22,2003-09-23,Ghana,179,,R,3200000,2027-06-30,122720,available,72,Can Polish Skills,Unlikely,39,62,27,57,44,144,FC Viktoria Plzeň,8,Europa League,280,13,605,1,0,1.26,0.24,19,9,10,144,75.0,6.72,11,6,4,8,24,1,52,82,9,15,0,0,1,0,18,50,16,6,350,16,3,0,2026-06-02T18:45:00+00:00,2026-06-07T16:02:52Z
7215,Lawrence Ati Zigi,495,Ghana,L,1,GK,official,29,0,FC St. Gallen 1879,Switzerland,29,1996-11-29,Ghana,188,,R,1600000,2027-06-30,,available,,,,49,,,,,248,FC St. Gallen 1879,15,Super League,371,35,3150,0,0,,0.07,0,0,1,1055,61.3,7.41,1,1,1,39,318,0,17,2,9,0,118,45,0,0,0,0,0,655,1370,0,16,0,2026-06-02T18:45:00+00:00,2026-06-07T16:02:52Z
16699,Joseph Anang,495,Ghana,L,12,GK,official,1,0,St. Patrick's Athletic,,26,2000-01-08,Ghana,183,,R,270000,2026-11-30,61360,available,67,Can Still Improve,Unlikely,55,,,,,2360,St. Patrick's Athletic,31,International Friendly Games,133,3,0,0,0,,,,,,,,,,,,,,,,,,,,,,,,,,,,,7,0,2026-06-02T18:45:00+00:00,2026-06-07T16:02:52Z
16698,Benjamin Asare,495,Ghana,L,16,GK,official,11,0,Accra Hearts of Oak,,33,1992-07-13,Ghana,188,,R,93000,2027-06-30,,available,,,,,,,,,2359,Accra Hearts of Oak,31,International Friendly Games,133,4,211,0,0,,,,,,,,6.83,,,,,,,,,,,,,,,,,,,,,10,0,2026-06-02T18:45:00+00:00,2026-06-07T16:02:52Z
4605,Paul Reverson,495,Ghana,L,,GK,preliminary,0,0,AFC Ajax,Netherlands,20,2005-06-20,Ghana,194,,R,340000,2027-06-30,6074,available,62,Much Room to Grow,Not Specifically,35,,,,,122,AFC Ajax,10,Eredivisie,279,25,0,0,0,,,0,0,0,0,,,0,0,0,0,0,0,0,0,0,0,0,30,0,0,0,0,0,0,0,0,0,0,,2026-06-07T16:02:52Z
52801,Solomon Agbesi,495,Ghana,L,,GK,preliminary,1,0,Hearts of Oak,,25,2000-10-13,Ghana,,,,23000,,,available,,,,,,,,,,Hearts of Oak,31,International Friendly Games,133,,,,,,,,,,,,,,,,,,,,,,,,,,,,,,,,,1,0,2026-05-23T02:00:00+00:00,2026-06-07T16:02:52Z
16696,Caleb Yirenkyi,495,Ghana,L,3,MF,official,11,1,FC Nordsjælland,Denmark,20,2006-01-15,Ghana,182,,R,6200000,2030-06-30,1840800,available,76,Can Polish Skills,Unlikely,47,48,51,53,54,1332,FC Nordsjælland,31,International Friendly Games,133,3,189,1,0,,,,,,,,6.37,,,,,,,,,,,,,,,,,,,,,7,1,2026-06-02T18:45:00+00:00,2026-06-07T16:02:52Z
1784,Thomas Partey,495,Ghana,L,5,MF,official,57,15,Villarreal,Spain,32,1993-06-13,Ghana,185,,R,2400000,2026-06-30,2822560,available,81,Unlikely to Improve,Not Specifically,68,58,61,68,65,41,Villarreal,3,La Liga,294,38,1332,0,0,0.81,0.52,13,3,16,741,85.4,6.62,26,11,22,22,67,4,62,55,18,16,0,8,2,0,10,12,4,55,931,15,11,3,2026-06-02T18:45:00+00:00,2026-06-07T16:02:52Z
1984,Kwasi Sibo,495,Ghana,L,8,MF,official,8,0,Real Oviedo,Spain,27,1998-06-24,Ghana,182,,B,1600000,2026-06-30,,available,,,,46,46,54,49,46,42,Real Oviedo,3,La Liga,294,81,4465,1,1,1.18,0.23,20,4,16,1883,86.4,6.7,87,51,51,87,199,6,172,197,57,52,0,9,13,1,10,17,5,131,2402,82,6,0,2026-06-02T18:45:00+00:00,2026-06-07T16:02:52Z
792,Antoine Semenyo,495,Ghana,L,11,MF,official,34,3,Manchester City,England,26,2000-01-07,Ghana,185,,R,79000000,2031-06-30,10124400,available,86,Almost Reached,Not Specifically,40,65,27,52,49,12,Manchester City,1,Premier League,337,27,2023,11,3,6.55,1.35,52,20,22,611,85.6,6.95,22,14,9,16,54,11,82,136,17,17,0,6,1,0,27,74,37,14,1021,31,16,1,2026-06-02T18:45:00+00:00,2026-06-07T16:02:52Z
4009,Elisha Owusu,495,Ghana,L,15,MF,official,20,0,Auxerre,France,28,1997-11-07,Ghana,179,,R,4300000,2027-06-30,736320,available,74,Almost Reached,Unlikely,48,45,54,51,46,109,Auxerre,6,Ligue 1,317,29,2353,0,0,0.14,0.57,7,0,12,865,80.9,6.79,69,48,25,46,149,3,114,104,13,21,0,5,3,0,10,14,1,71,1184,49,10,0,2026-06-02T18:45:00+00:00,2026-06-07T16:02:52Z
29207,Augustine Boakye,495,Ghana,L,20,MF,official,0,0,Saint-Étienne,France,25,2000-11-03,Ghana,178,,L,5400000,2028-06-30,,available,,,,51,65,35,55,53,1300,Saint-Étienne,6,Ligue 1,317,3,270,0,0,0.15,,9,3,3,103,86.4,6.57,5,2,0,4,12,2,15,20,1,2,0,4,0,0,3,6,1,2,150,4,1,0,2026-06-02T18:45:00+00:00,2026-06-07T16:02:52Z
1387,Carlens Arcus,465,Haiti,C,2,DF,official,53,1,Angers,France,29,1996-06-28,Haiti,180,,R,1900000,2027-06-30,,available,,,,,,,,,107,Angers,6,Ligue 1,317,30,2157,0,3,0.29,1.54,10,1,17,1184,87.5,6.7,38,29,32,70,102,2,82,73,25,15,0,5,3,0,2,7,42,92,1653,34,19,0,2026-06-06T00:00:00+00:00,2026-06-07T16:02:52Z
4152,Keeto Thermoncy,465,Haiti,C,3,DF,official,1,0,Young Boys U21,,20,2006-03-29,Haiti,,,,23000,2026-06-30,,available,,,,,,,,,2410,Young Boys U21,15,Super League,371,1,0,0,0,,,,,,,,,,,,,,,,,,,,,,,,,,,,,8,0,2026-06-06T00:00:00+00:00,2026-06-07T16:02:52Z
17095,Ricardo Adé,465,Haiti,C,4,DF,official,59,2,LDU,Ecuador,36,1990-05-21,Haiti,190,,R,310000,2027-12-31,,available,,,,,,,,,778,LDU,32,Copa Libertadores,96,3,199,0,0,,0.01,0,0,0,98,86.7,6.73,3,0,5,15,11,0,8,5,5,3,0,4,0,0,0,1,0,16,128,0,21,0,2026-06-06T00:00:00+00:00,2026-06-07T16:02:52Z
8568,Hannes Delcroix,465,Haiti,C,5,DF,official,7,0,FC Lugano,Switzerland,27,1999-02-28,Haiti,185,,L,2100000,2028-06-30,,available,,,,,,,,,254,FC Lugano,15,Super League,371,14,1155,1,0,1.59,0.12,12,8,5,659,87.7,7.04,23,18,22,55,56,3,55,33,24,13,0,4,1,0,3,8,3,54,847,10,8,0,2026-06-06T00:00:00+00:00,2026-06-07T16:02:52Z
17099,Martin Expérience,465,Haiti,C,8,DF,official,21,0,Nancy,France,27,1999-03-09,Haiti,178,,L,360000,2026-06-30,,available,,,,,,,,,1620,Nancy,31,International Friendly Games,133,2,180,0,0,0.76,,0,0,1,68,82.4,7.0,1,0,1,4,7,0,4,7,0,5,0,0,0,0,0,1,3,5,106,0,19,0,2026-06-06T00:00:00+00:00,2026-06-07T16:02:52Z
17096,Duke Lacroix,465,Haiti,C,13,DF,official,16,3,Colorado Springs Switchbacks FC,USA,32,1993-10-14,Haiti,175,,L,130000,2026-11-30,,available,,,,,,,,,2234,Colorado Springs Switchbacks FC,31,International Friendly Games,133,1,9,0,0,,,0,0,0,2,100.0,6.6,0,0,0,0,0,0,0,1,0,0,0,2,0,0,0,0,0,0,2,1,23,1,2026-06-06T00:00:00+00:00,2026-06-07T16:02:52Z
4809,Jean-Kévin Duverne,465,Haiti,C,22,DF,official,17,1,KAA Gent,Belgium,28,1997-07-12,Haiti,184,,R,2200000,2026-06-30,306800,available,71,Can Polish Skills,Not Specifically,,,,,,245,KAA Gent,14,Pro League,338,28,1174,1,1,1.43,1.01,4,3,4,579,78.6,6.63,25,14,10,76,39,0,53,52,21,20,0,10,1,0,3,8,26,79,844,11,15,0,2026-06-06T00:00:00+00:00,2026-06-07T16:02:52Z
7495,Wilguens Paugain,465,Haiti,C,24,DF,official,8,0,SV Zulte Waregem,Belgium,24,2001-08-24,Haiti,180,,R,620000,2028-06-30,,available,,,,,,,,,236,SV Zulte Waregem,14,Pro League,338,30,1298,1,0,0.45,0.83,6,1,3,491,78.8,6.81,32,24,25,40,41,4,91,60,19,18,0,3,1,0,14,29,21,48,879,12,9,0,2026-06-06T00:00:00+00:00,2026-06-07T16:02:52Z
9553,Derrick Etienne,465,Haiti,C,7,FW,official,48,8,Toronto FC,Canada,29,1996-11-25,Haiti,178,,R,770000,2026-12-31,,available,,,,,,,,,287,Toronto FC,18,MLS,159,43,1654,2,2,2.57,1.52,24,10,15,382,76.2,6.68,15,10,8,12,69,4,57,96,10,30,0,12,0,0,13,32,37,24,674,22,10,0,2026-06-06T00:00:00+00:00,2026-06-07T16:02:52Z
17100,Duckens Nazon,465,Haiti,C,9,FW,official,78,44,Esteghlal FC,,32,1994-04-07,Haiti,181,,R,720000,2028-06-30,245440,available,67,Can Polish Skills,Unlikely,,,,,,2321,Esteghlal FC,31,International Friendly Games,133,4,29,0,0,,,,,,,,6.3,,,,,,,,,,,,,,,,,,,,,23,13,2026-06-06T00:00:00+00:00,2026-06-07T16:02:52Z
9717,Louicius Don Deedson,465,Haiti,C,11,FW,official,32,10,FC Dallas,USA,25,2001-02-11,Haiti,178,,L,1300000,2028-12-31,,available,,,,,,,,,286,FC Dallas,18,MLS,159,16,281,1,0,0.66,0.73,7,1,2,67,73.1,6.75,2,0,4,12,11,2,7,12,2,1,0,2,0,0,2,4,10,7,134,7,23,6,2026-06-06T00:00:00+00:00,2026-06-07T16:02:52Z
17101,Ruben Providence,465,Haiti,C,15,FW,official,15,3,Almere City FC,Netherlands,24,2001-07-07,Haiti,172,,R,270000,2027-06-30,184080,available,64,Can Still Improve,Unlikely,,,,,,1325,Almere City FC,10,Eredivisie,279,6,36,0,0,,,0,0,0,7,100.0,6.53,2,1,0,1,1,0,3,4,0,1,0,8,0,0,1,3,3,0,23,0,15,1,2026-06-06T00:00:00+00:00,2026-06-07T16:02:52Z
3439,Lenny Joseph,465,Haiti,C,16,FW,official,2,1,Ferencváros TC,Hungary,25,2000-10-12,Haiti,183,,R,1300000,2028-06-30,,available,,,,,,,,,143,Ferencváros TC,8,Europa League,280,18,943,4,3,4.07,1.32,30,15,10,173,64.7,7.06,16,11,1,6,34,6,88,115,37,38,0,0,2,0,15,43,6,7,410,16,2,0,2026-06-06T00:00:00+00:00,2026-06-07T16:02:52Z
353,Wilson Isidor,465,Haiti,C,18,FW,official,4,2,Sunderland,England,25,2000-08-27,Haiti,184,,R,18500000,2028-06-30,2945280,available,75,Almost Reached,Unlikely,,,,,,7,Sunderland,1,Premier League,337,40,1352,6,0,4.97,0.29,48,17,1,166,63.9,6.63,13,10,1,16,29,13,59,128,27,72,0,3,2,0,8,26,2,9,363,15,4,1,2026-06-06T00:00:00+00:00,2026-06-07T16:02:52Z
17098,Yassin Fortune,465,Haiti,C,19,FW,official,4,0,Vizela,Portugal,27,1999-01-30,Haiti,186,,R,190000,2027-06-30,184080,available,67,Can Polish Skills,Somewhat,,,,,,1317,Vizela,31,International Friendly Games,133,4,0,0,0,,,,,,,,,,,,,,,,,,,,,,,,,,,,,6,0,2026-06-06T00:00:00+00:00,2026-06-07T16:02:52Z
9020,Frantzdy Pierrot,465,Haiti,C,20,FW,official,51,34,Çaykur Rizespor,Türkiye,31,1995-03-29,Haiti,194,,R,2400000,2026-06-30,,available,,,,,,,,,189,Çaykur Rizespor,11,Trendyol Super Lig,380,14,127,0,0,0.54,0.01,5,1,1,22,59.1,6.43,0,0,0,2,2,2,11,12,7,6,0,10,0,0,1,4,0,1,49,1,21,9,2026-06-06T00:00:00+00:00,2026-06-07T16:02:52Z
2103,Josué Casimir,465,Haiti,C,21,FW,official,7,0,Auxerre,France,24,2001-09-24,Haiti,178,,R,2800000,2028-06-30,490880,available,72,Can Polish Skills,Unlikely,,,,,,109,Auxerre,6,Ligue 1,317,32,1532,1,0,2.85,1.44,22,12,10,460,78.9,6.58,31,18,12,13,67,5,99,89,25,25,0,5,3,0,11,21,53,27,776,34,7,0,2026-06-06T00:00:00+00:00,2026-06-07T16:02:52Z
26638,Johny Placide,465,Haiti,C,1,GK,official,81,0,Bastia,France,38,1988-01-29,Haiti,181,,R,155000,2026-06-30,,available,,,,,,,,,1297,Bastia,31,International Friendly Games,133,2,90,0,0,,,,,,,,7.1,,,,,,,,,,,,,,,,,,,,,18,0,2026-06-06T00:00:00+00:00,2026-06-07T16:02:52Z
17094,Alexandre Pierre,465,Haiti,C,12,GK,official,15,0,FC Sochaux 2,,25,2001-02-25,Haiti,190,,R,92000,2026-06-30,,available,,,,,,,,,2411,FC Sochaux 2,31,International Friendly Games,133,4,0,0,0,,,,,,,,,,,,,,,,,,,,,,,,,,,,,18,0,2026-06-06T00:00:00+00:00,2026-06-07T16:02:52Z
17102,Josué Duverger,465,Haiti,C,23,GK,official,6,0,FC Cosmos Koblenz,,26,2000-04-27,Haiti,187,,R,53000,2027-06-30,,available,,,,,,,,,2412,FC Cosmos Koblenz,31,International Friendly Games,133,4,0,0,0,,,,,,,,,,,,,,,,,,,,,,,,,,,,,10,0,2026-06-06T00:00:00+00:00,2026-06-07T16:02:52Z
17104,Carl Fred Sainté,465,Haiti,C,6,MF,official,26,0,El Paso Locomotive FC,USA,23,2002-08-09,Haiti,172,,R,130000,2026-11-30,,available,,,,,,,,,2233,El Paso Locomotive FC,31,International Friendly Games,133,6,185,0,0,0.17,,2,0,1,87,78.2,6.64,4,4,1,4,12,1,10,9,2,1,0,13,1,0,1,3,0,9,113,4,19,0,2026-06-06T00:00:00+00:00,2026-06-07T16:02:52Z
532,Jean-Ricner Bellegarde,465,Haiti,C,10,MF,official,10,0,Wolverhampton,England,27,1998-06-27,Haiti,170,,R,17600000,2028-06-30,3068000,available,75,Almost Reached,Not Specifically,,,,,,11,Wolverhampton,1,Premier League,337,33,1513,1,1,1.09,1.13,24,9,16,532,79.7,6.75,32,17,10,26,57,6,104,95,10,24,0,6,4,0,20,35,30,57,857,25,10,0,2026-06-06T00:00:00+00:00,2026-06-07T16:02:52Z
17097,Leverton Pierre,465,Haiti,C,14,MF,official,33,0,Vizela,Portugal,28,1998-04-09,Haiti,181,,R,205000,2026-06-30,,available,,,,,,,,,1317,Vizela,31,International Friendly Games,133,4,0,0,0,,,,,,,,,,,,,,,,,,,,,,,,,,,,,20,0,2026-06-06T00:00:00+00:00,2026-06-07T16:02:52Z
9069,Danley Jean Jacques,465,Haiti,C,17,MF,official,30,6,Philadelphia Union,USA,26,2000-05-20,Haiti,180,,R,3200000,2026-12-31,552240,available,70,Can Polish Skills,Unlikely,,,,,,283,Philadelphia Union,18,MLS,159,48,3775,5,2,6.27,3.29,57,15,39,1738,81.9,6.92,72,45,59,50,232,12,151,157,21,26,0,15,5,0,26,41,28,144,2289,70,21,3,2026-06-06T00:00:00+00:00,2026-06-07T16:02:52Z
59655,Dominique Simon,465,Haiti,C,25,MF,official,2,0,1. FC Tatran Prešov,,25,2000-07-29,Haiti,179,,R,210000,2026-06-30,,available,,,,,,,,,2409,1. FC Tatran Prešov,31,International Friendly Games,133,2,30,0,0,,,,,,,,6.4,,,,,,,,,,,,,,,,,,,,,2,0,2026-06-06T00:00:00+00:00,2026-06-07T16:02:52Z
17105,Woodensky Pierre,465,Haiti,C,26,MF,official,1,0,Violette AC,,21,2004-12-28,Haiti,180,,R,,,,available,,,,,,,,,2408,Violette AC,31,International Friendly Games,133,3,0,0,0,,,,,,,,,,,,,,,,,,,,,,,,,,,,,3,0,2026-06-06T00:00:00+00:00,2026-06-07T16:02:52Z
16837,Saleh Hardani,481,Iran,G,2,DF,official,18,1,Esteghlal FC,,27,1998-12-26,Iran,176,,R,770000,2027-06-30,245440,available,71,Almost Reached,Not Specifically,,,,,,2321,Esteghlal FC,31,International Friendly Games,133,4,0,0,0,,,,,,,,,,,,,,,,,,,,,,,,,,,,,16,1,2026-06-04T16:30:00+00:00,2026-06-07T16:02:52Z
16836,Ehsan Hajsafi,481,Iran,G,3,DF,official,146,7,Sepahan S.C.,,36,1990-02-25,Iran,176,,L,290000,2026-06-30,,available,,,,,,,,,2366,Sepahan S.C.,31,International Friendly Games,133,4,0,0,0,,,,,,,,,,,,,,,,,,,,,,,,,,,,,12,0,2026-06-04T16:30:00+00:00,2026-06-07T16:02:52Z
16830,Shoja Khalilzadeh,481,Iran,G,4,DF,official,58,2,Tractor FC,,37,1989-05-14,Iran,183,,R,110000,2026-06-30,,available,,,,,,,,,2323,Tractor FC,31,International Friendly Games,133,4,0,0,0,,,,,,,,,,,,,,,,,,,,,,,,,,,,,22,1,2026-06-04T16:30:00+00:00,2026-06-07T16:02:52Z
16832,Milad Mohammadi,481,Iran,G,5,DF,official,76,1,Persepolis FC,,32,1993-09-29,Iran,178,,L,930000,2026-06-30,,available,,,,,,,,,2320,Persepolis FC,31,International Friendly Games,133,3,0,0,0,,,,,,,,,,,,,,,,,,,,,,,,,,,,,24,0,2026-06-04T16:30:00+00:00,2026-06-07T16:02:52Z
16829,Hossein Kanaani,481,Iran,G,13,DF,official,65,6,Persepolis FC,,32,1994-03-23,Iran,188,,R,1500000,2027-06-30,,available,,,,,,,,,2320,Persepolis FC,31,International Friendly Games,133,4,0,0,0,,,,,,,,,,,,,,,,,,,,,,,,,,,,,20,0,2026-06-04T16:30:00+00:00,2026-06-07T16:02:52Z
16828,Aria Yousefi,481,Iran,G,17,DF,official,14,1,Sepahan S.C.,,24,2002-04-22,Iran,181,,R,1600000,2028-06-30,,available,,,,,,,,,2366,Sepahan S.C.,31,International Friendly Games,133,3,0,0,0,,,,,,,,,,,,,,,,,,,,,,,,,,,,,18,0,2026-06-04T16:30:00+00:00,2026-06-07T16:02:52Z
16831,Ali Nemati,481,Iran,G,19,DF,official,17,0,Foolad Khuzestan,,30,1996-02-07,Iran,182,,L,515000,2026-06-30,,available,,,,,,,,,2363,Foolad Khuzestan,31,International Friendly Games,133,4,0,0,0,,,,,,,,,,,,,,,,,,,,,,,,,,,,,12,0,2026-06-04T16:30:00+00:00,2026-06-07T16:02:52Z
16838,Ramin Rezaeian,481,Iran,G,23,DF,official,74,8,Foolad Khuzestan,,36,1990-03-21,Iran,186,,R,230000,2026-06-30,,available,,,,,,,,,2363,Foolad Khuzestan,31,International Friendly Games,133,4,0,0,0,,,,,,,,,,,,,,,,,,,,,,,,,,,,,14,0,2026-06-04T16:30:00+00:00,2026-06-07T16:02:52Z
59457,Danial Eiri,481,Iran,G,25,DF,official,0,0,Malavan Bandar Anzali FC,,22,2003-10-26,Iran,182,,R,775000,2026-06-30,,available,,,,,,,,,2367,Malavan Bandar Anzali FC,,,,,,,,,,,,,,,,,,,,,,,,,,,,,,,,,,,,0,0,,2026-06-07T16:02:52Z
59457,Danial Eiri,481,Iran,G,,DF,preliminary,0,0,Malavan Bandar Anzali FC,,22,2003-10-26,Iran,182,,R,775000,2026-06-30,,available,,,,,,,,,2367,Malavan Bandar Anzali FC,,,,,,,,,,,,,,,,,,,,,,,,,,,,,,,,,,,,0,0,,2026-06-07T16:02:52Z
16836,Ehsan Hajsafi,481,Iran,G,,DF,preliminary,145,7,Sepahan S.C.,,36,1990-02-25,Iran,176,,L,290000,2026-06-30,,available,,,,,,,,,2366,Sepahan S.C.,31,International Friendly Games,133,4,0,0,0,,,,,,,,,,,,,,,,,,,,,,,,,,,,,12,0,2026-06-04T16:30:00+00:00,2026-06-07T16:02:52Z
3487,Mehdi Taremi,481,Iran,G,9,FW,official,105,60,Olympiacos FC,Greece,33,1992-07-18,Iran,187,,R,2600000,2027-06-30,,available,,,,,,,,,118,Olympiacos FC,24,Stoiximan Super League,364,37,1746,12,4,10.99,3.52,69,27,33,464,72.2,6.99,20,11,6,11,44,15,143,120,77,56,0,5,2,0,12,28,6,18,779,30,25,8,2026-06-04T16:30:00+00:00,2026-06-07T16:02:52Z
55770,Mehdi Ghayedi,481,Iran,G,10,FW,official,30,10,Al-Nasr Dubai,,27,1998-12-05,Iran,164,,R,4700000,2028-06-30,,available,,,,,,,,,2362,Al-Nasr Dubai,31,International Friendly Games,133,1,0,0,0,,,,,,,,,,,,,,,,,,,,,,,,,,,,,18,4,2026-06-04T16:30:00+00:00,2026-06-07T16:02:52Z
21423,Ali Alipour,481,Iran,G,11,FW,official,14,1,Persepolis FC,,30,1995-11-11,Iran,181,,B,1600000,2026-06-30,,available,,,,,,,,,2320,Persepolis FC,31,International Friendly Games,133,3,0,0,0,,,,,,,,,,,,,,,,,,,,,,,,,,,,,7,0,2026-06-04T16:30:00+00:00,2026-06-07T16:02:52Z
55326,Amirhossein Hosseinzadeh,481,Iran,G,18,FW,official,18,5,Tractor FC,,25,2000-10-30,Iran,176,,R,2400000,2028-06-30,490880,available,68,Can Still Improve,Not Specifically,,,,,,2323,Tractor FC,31,International Friendly Games,133,1,0,0,0,,,,,,,,,,,,,,,,,,,,,,,,,,,,,9,1,2026-06-04T16:30:00+00:00,2026-06-07T16:02:52Z
55325,Shahriar Moghanlou,481,Iran,G,20,FW,official,21,2,Al-Ittihad Kalba,,31,1994-12-21,Iran,190,,R,745000,2026-06-30,,available,,,,,,,,,2361,Al-Ittihad Kalba,31,International Friendly Games,133,1,0,0,0,,,,,,,,,,,,,,,,,,,,,,,,,,,,,17,0,2026-06-04T16:30:00+00:00,2026-06-07T16:02:52Z
7630,Dennis Eckert Ayensa,481,Iran,G,24,FW,official,0,0,Standard Liège,Belgium,29,1997-01-09,Iran,181,,R,1900000,2028-06-30,306800,available,71,Can Polish Skills,Unlikely,40,63,26,53,49,239,Standard Liège,14,Pro League,338,35,1924,5,0,5.05,1.87,31,10,17,454,68.3,6.65,17,8,4,32,48,6,109,141,51,62,0,4,2,0,9,22,16,30,753,29,1,0,2026-05-29T15:30:00+00:00,2026-06-07T16:02:52Z
53955,Amirhossein Mahmoudi,481,Iran,G,,FW,preliminary,2,0,Persepolis,,19,2006-07-12,Iran,,,,135000,,,available,,,,,,,,,,Persepolis,31,International Friendly Games,133,,,,,,,,,,,,,,,,,,,,,,,,,,,,,,,,,2,0,2026-06-04T16:30:00+00:00,2026-06-07T16:02:52Z
53955,Amirhossein Mahmoudi,481,Iran,G,,FW,preliminary,2,0,Persepolis,,19,2006-07-12,Iran,,,,135000,,,available,,,,,,,,,,Persepolis,31,International Friendly Games,133,,,,,,,,,,,,,,,,,,,,,,,,,,,,,,,,,2,0,2026-06-04T16:30:00+00:00,2026-06-07T16:02:52Z
53953,Kasra Taheri,481,Iran,G,,FW,preliminary,3,0,Paykan,,19,2006-08-06,Iran,180,,,515000,,,available,,,,,,,,,,Paykan,31,International Friendly Games,133,,,,,,,,,,,,,,,,,,,,,,,,,,,,,,,,,1,0,2026-05-29T15:30:00+00:00,2026-06-07T16:02:52Z
16827,Alireza Beiranvand,481,Iran,G,1,GK,official,86,0,Tractor FC,,33,1992-09-21,Iran,194,,R,600000,2026-06-30,,available,,,,,,,,,2323,Tractor FC,31,International Friendly Games,133,4,0,0,0,,,,,,,,,,,,,,,,,,,,,,,,,,,,,26,0,2026-06-04T16:30:00+00:00,2026-06-07T16:02:52Z
16841,Payam Niazmand,481,Iran,G,12,GK,official,15,0,Persepolis FC,,31,1995-04-06,Iran,193,,R,730000,2027-06-30,,available,,,,,,,,,2320,Persepolis FC,31,International Friendly Games,133,3,0,0,0,,,,,,,,,,,,,,,,,,,,,,,,,,,,,23,0,2026-05-29T15:30:00+00:00,2026-06-07T16:02:52Z
16840,Hossein Hosseini,481,Iran,G,22,GK,official,13,0,Sepahan S.C.,,33,1992-06-30,Iran,189,,R,515000,2027-06-30,,available,,,,,,,,,2366,Sepahan S.C.,31,International Friendly Games,133,3,0,0,0,,,,,,,,,,,,,,,,,,,,,,,,,,,,,22,0,2026-05-29T15:30:00+00:00,2026-06-07T16:02:52Z
53956,Mohammad Khalife,481,Iran,G,,GK,preliminary,0,0,Aluminium Arak,,21,2004-08-19,Iran,187,,,740000,,,available,,,,,,,,,,Aluminium Arak,31,International Friendly Games,133,,,,,,,,,,,,,,,,,,,,,,,,,,,,,,,,,1,0,2026-05-29T15:30:00+00:00,2026-06-07T16:02:52Z
53951,Saeid Ezatolahi,481,Iran,G,6,MF,official,83,2,Shabab Al-Ahli Dubai,,29,1996-10-01,Iran,190,,R,1700000,,,available,,,,,,,,,2364,Shabab Al-Ahli Dubai,31,International Friendly Games,133,2,0,0,0,,,,,,,,,,,,,,,,,,,,,,,,,,,,,21,0,2026-06-04T16:30:00+00:00,2026-06-07T16:02:52Z
7605,Alireza Jahanbakhsh,481,Iran,G,7,MF,official,98,17,FCV Dender,Belgium,32,1993-08-11,Iran,180,,R,580000,2026-06-30,490880,injured,74,Unlikely to Improve,Not Specifically,47,66,38,64,64,234,FCV Dender,14,Pro League,338,22,906,1,1,2.2,1.05,20,7,10,371,69.8,6.6,9,6,4,16,36,4,50,71,19,22,0,1,3,0,8,22,30,31,596,14,18,2,2026-03-31T13:00:00+00:00,2026-06-07T16:02:52Z
16834,Mohammad Mohebi,481,Iran,G,8,MF,official,36,14,FC Rostov,Russia,27,1998-12-20,Iran,188,,R,2600000,2026-06-30,,available,,,,40,64,34,48,52,1336,FC Rostov,31,International Friendly Games,133,3,0,0,0,,,,,,,,,,,,,,,,,,,,,,,,,,,,,18,5,2026-05-29T15:30:00+00:00,2026-06-07T16:02:52Z
16833,Saman Ghoddos,481,Iran,G,14,MF,official,68,3,Al-Ittihad Kalba,,32,1993-09-06,Iran,177,,R,1200000,2027-06-30,920400,available,75,Unlikely to Improve,Not Specifically,,,,,,2361,Al-Ittihad Kalba,31,International Friendly Games,133,3,0,0,0,,,,,,,,,,,,,,,,,,,,,,,,,,,,,22,0,2026-06-04T16:30:00+00:00,2026-06-07T16:02:52Z
55329,Roozbeh Cheshmi,481,Iran,G,15,MF,official,40,3,Esteghlal FC,,32,1993-07-24,Iran,194,,R,465000,2026-06-30,,available,,,,,,,,,2321,Esteghlal FC,,,,,,,,,,,,,,,,,,,,,,,,,,,,,,,,,,,,13,0,2025-06-10T16:00:00+00:00,2026-06-07T16:02:52Z
53954,Mahdi Torabi,481,Iran,G,16,MF,official,52,7,Tractor FC,,31,1994-09-10,Iran,185,,R,1300000,2026-06-30,,available,,,,,,,,,2323,Tractor FC,31,International Friendly Games,133,1,0,0,0,,,,,,,,,,,,,,,,,,,,,,,,,,,,,11,0,2026-05-29T15:30:00+00:00,2026-06-07T16:02:52Z
16835,Mohammad Ghorbani,481,Iran,G,21,MF,official,16,0,Al-Wahda FC,,25,2001-05-21,Iran,186,,R,1100000,2026-06-30,,available,,,,,,,,,2365,Al-Wahda FC,31,International Friendly Games,133,4,0,0,0,,,,,,,,,,,,,,,,,,,,,,,,,,,,,17,0,2026-06-04T16:30:00+00:00,2026-06-07T16:02:52Z
16844,Amirmohammad Razzaghinia,481,Iran,G,26,MF,official,4,0,Esteghlal FC,,20,2006-04-11,Iran,186,,R,870000,2028-06-30,,available,,,,,,,,,2321,Esteghlal FC,31,International Friendly Games,133,4,0,0,0,,,,,,,,,,,,,,,,,,,,,,,,,,,,,6,0,2026-06-04T16:30:00+00:00,2026-06-07T16:02:52Z
7605,Alireza Jahanbakhsh,481,Iran,G,,MF,preliminary,98,17,FCV Dender,Belgium,32,1993-08-11,Iran,180,,R,580000,2026-06-30,490880,injured,74,Unlikely to Improve,Not Specifically,47,66,38,64,64,234,FCV Dender,14,Pro League,338,22,906,1,1,2.2,1.05,20,7,10,371,69.8,6.6,9,6,4,16,36,4,50,71,19,22,0,1,3,0,8,22,30,31,596,14,18,2,2026-03-31T13:00:00+00:00,2026-06-07T16:02:52Z
53957,Hadi Habibinejad,481,Iran,G,,MF,preliminary,0,0,Chadormalou,,30,1995-10-17,Iran,174,,,730000,,,available,,,,,,,,,,Chadormalou,31,International Friendly Games,133,,,,,,,,,,,,,,,,,,,,,,,,,,,,,,,,,2,0,2026-06-04T16:30:00+00:00,2026-06-07T16:02:52Z
16839,Omid Noorafkan,481,Iran,G,,MF,preliminary,40,1,Sepahan,,29,1997-04-09,Iran,182,,,875000,,,available,,,,,,,,,,Sepahan,31,International Friendly Games,133,,,,,,,,,,,,,,,,,,,,,,,,,,,,,,,,,17,0,2026-05-29T15:30:00+00:00,2026-06-07T16:02:52Z
54349,Rebin Sulaka,933,Iraq,I,2,DF,official,55,1,Port FC,,34,1992-04-12,Iraq,192,,R,96000,2027-06-30,,available,,,,,,,,,2375,Port FC,31,International Friendly Games,133,1,28,0,0,,,,,,,,6.7,,,,,,,,,,,,,,,,,,,,,21,1,2026-06-04T19:00:00+00:00,2026-06-07T16:02:52Z
13840,Hussein Ali,933,Iraq,I,3,DF,official,26,1,Pogoń Szczecin,Poland,24,2002-03-01,Iraq,180,,B,275000,2028-06-30,122720,available,70,Can Polish Skills,Unlikely,,,,,,434,Pogoń Szczecin,25,Ekstraklasa,271,24,526,2,0,0.37,0.36,3,3,4,173,82.7,6.41,7,5,3,20,13,0,24,31,9,10,0,5,5,1,3,7,7,18,314,12,24,0,2026-06-04T19:00:00+00:00,2026-06-07T16:02:52Z
53947,Zaid Tahseen,933,Iraq,I,4,DF,official,27,1,Pakhtakor Tashkent,,25,2001-01-28,Iraq,193,,R,565000,2026-12-31,245440,available,70,Can Polish Skills,Very Unlikely,,,,,,2324,Pakhtakor Tashkent,31,International Friendly Games,133,2,62,0,0,,,,,,,,6.7,,,,,,,,,,,,,,,,,,,,,20,0,2026-06-04T19:00:00+00:00,2026-06-07T16:02:52Z
53948,Akam Hashem,933,Iraq,I,5,DF,official,13,1,Al-Zawraa,,27,1998-08-16,Iraq,184,,L,620000,2026-06-30,,available,,,,,,,,,2374,Al-Zawraa,31,International Friendly Games,133,2,62,0,1,,,,,,,,6.9,,,,,,,,,,,,,,,,,,,,,12,1,2026-06-04T19:00:00+00:00,2026-06-07T16:02:52Z
59650,Manaf Younis,933,Iraq,I,6,DF,official,33,1,Al-Shorta,,29,1996-11-16,Iraq,190,,R,,,37736,available,65,Can Still Improve,Very Unlikely,,,,,,2376,Al-Shorta,,,,,,,,,,,,,,,,,,,,,,,,,,,,,,,,,,,,0,0,,2026-06-07T16:02:52Z
57036,Ahmed Hasan Maknazi,933,Iraq,I,15,DF,official,6,0,Al-Karma,,24,2001-09-24,Iraq,182,,,415000,,,available,,,,,,,,,,Al-Karma,,,,,,,,,,,,,,,,,,,,,,,,,,,,,,,,,,,,2,0,2024-06-11T18:00:00+00:00,2026-06-07T16:02:52Z
53949,Ahmed Yahya,933,Iraq,I,15,DF,official,19,0,Al-Shorta,,30,1995-07-01,Iraq,187,,L,470000,,31845,available,73,Can Polish Skills,Very Unlikely,,,,,,2376,Al-Shorta,31,International Friendly Games,133,2,11,0,0,,,,,,,,6.7,,,,,,,,,,,,,,,,,,,,,24,0,2026-06-04T19:00:00+00:00,2026-06-07T16:02:52Z
3221,Merchas Doski,933,Iraq,I,23,DF,official,31,1,FC Viktoria Plzeň,Czechia,26,1999-12-07,Iraq,173,,L,1100000,2029-06-30,184080,available,73,Almost Reached,Unlikely,,,,,,144,FC Viktoria Plzeň,8,Europa League,280,11,616,0,2,0.19,0.92,5,2,11,213,82.2,7.0,23,15,9,17,34,2,45,37,6,6,0,0,2,0,2,9,31,32,377,13,20,1,2026-06-04T19:00:00+00:00,2026-06-07T16:02:52Z
53946,Mustafa Saadoon,933,Iraq,I,25,DF,official,16,0,Al-Shorta,,25,2001-05-25,Iraq,182,,R,270000,,,available,,,,,,,,,2376,Al-Shorta,31,International Friendly Games,133,2,18,0,0,,,,,,,,6.7,,,,,,,,,,,,,,,,,,,,,16,0,2026-06-04T19:00:00+00:00,2026-06-07T16:02:52Z
54350,Frans Putros,933,Iraq,I,26,DF,official,27,0,Persib Bandung,,32,1993-07-14,Iraq,181,,R,350000,,,available,,,,,,,,,2373,Persib Bandung,31,International Friendly Games,133,1,28,0,0,,,,,,,,6.6,,,,,,,,,,,,,,,,,,,,,15,0,2026-06-04T19:00:00+00:00,2026-06-07T16:02:52Z
5878,Dario Naamo,933,Iraq,I,,DF,preliminary,1,0,Dundee United,Scotland,21,2005-05-14,Iraq,174,,B,325000,2028-06-30,14665,available,64,Much Room to Grow,Not Specifically,34,41,44,60,45,227,Dundee United,13,Scottish Premiership,345,26,865,0,0,0.71,0.6,6,2,7,201,74.6,6.51,21,9,8,22,37,1,45,60,7,19,0,6,0,0,10,17,10,20,401,11,0,0,,2026-06-07T16:02:52Z
59673,Maitham Jabbar,933,Iraq,I,,DF,preliminary,20,0,Al-Zawraa,,25,2000-11-10,,,,,,,,available,,,,,,,,,,Al-Zawraa,,,,,,,,,,,,,,,,,,,,,,,,,,,,,,,,,,,,0,0,,2026-06-07T16:02:52Z
7175,Ali Al-Hamadi,933,Iraq,I,9,FW,official,19,5,Luton Town,England,24,2002-03-01,Iraq,187,,R,1500000,2026-06-30,613600,available,68,Can Polish Skills,Not Specifically,,,,,,1251,Luton Town,12,Championship,243,1,28,0,0,,,0,0,0,11,54.5,6.7,1,0,0,3,0,0,6,4,5,1,0,0,0,0,0,1,0,0,21,0,10,1,2026-06-04T19:00:00+00:00,2026-06-07T16:02:52Z
53950,Mohanad Ali,933,Iraq,I,10,FW,official,71,27,Dibba Al-Fujairah,,25,2000-06-20,Iraq,182,,R,1300000,2026-06-30,1165840,available,69,Can Still Improve,Unlikely,,,,,,2327,Dibba Al-Fujairah,31,International Friendly Games,133,2,0,0,0,,,,,,,,,,,,,,,,,,,,,,,,,,,,,26,2,2026-06-04T19:00:00+00:00,2026-06-07T16:02:52Z
9358,Ahmed Qasem,933,Iraq,I,11,FW,official,2,0,Nashville SC,USA,22,2003-07-12,Iraq,183,,L,3600000,2027-12-31,552240,available,71,Can Polish Skills,Unlikely,,,,,,284,Nashville SC,18,MLS,159,44,1974,3,2,2.27,2.75,29,14,14,527,82.2,6.64,38,21,13,11,74,6,105,171,7,14,0,7,3,0,31,81,28,16,953,45,2,0,2026-06-04T19:00:00+00:00,2026-06-07T16:02:52Z
55741,Ali Yousif,933,Iraq,I,13,FW,official,6,1,Al Talaba,,30,1996-01-19,Iraq,192,,R,120000,,,available,,,,,,,,,2369,Al Talaba,31,International Friendly Games,133,1,0,0,0,,,,,,,,,,,,,,,,,,,,,,,,,,,,,3,0,2026-06-04T19:00:00+00:00,2026-06-07T16:02:52Z
8100,Ali Jasim,933,Iraq,I,17,FW,official,36,2,Al-Najma SC,Saudi Arabia,22,2004-01-20,Iraq,182,,R,570000,2026-06-30,,available,,,,,,,,,273,Al-Najma SC,17,Saudi Pro League,339,25,1629,4,1,3.86,0.64,43,18,19,589,83.2,6.76,24,17,5,7,73,13,97,123,10,18,0,4,0,0,47,87,30,23,929,18,25,1,2026-06-04T19:00:00+00:00,2026-06-07T16:02:52Z
54107,Aymen Hussein,933,Iraq,I,18,FW,official,94,33,Al Karma SC,,30,1996-03-22,Iraq,189,,R,465000,,,available,,,,,,,,,2368,Al Karma SC,31,International Friendly Games,133,1,45,0,0,,,,,,,,6.2,,,,,,,,,,,,,,,,,,,,,21,11,2026-06-04T19:00:00+00:00,2026-06-07T16:02:52Z
29732,Marko Farji,933,Iraq,I,21,FW,official,11,0,Venezia,Italy,22,2004-03-16,Iraq,184,,R,1900000,2030-06-30,429520,available,72,Can Polish Skills,Not Specifically,,,,,,1285,Venezia,31,International Friendly Games,133,2,61,0,0,,,,,,,,6.8,,,,,,,,,,,,,,,,,,,,,9,0,2026-06-04T19:00:00+00:00,2026-06-07T16:02:52Z
53945,Fahad Talib,933,Iraq,I,1,GK,official,21,0,Al Talaba,,31,1994-10-21,Iraq,192,,R,440000,,,available,,,,,,,,,2369,Al Talaba,31,International Friendly Games,133,2,0,0,0,,,,,,,,,,,,,,,,,,,,,,,,,,,,,17,0,2026-06-04T19:00:00+00:00,2026-06-07T16:02:52Z
54105,Jalal Hassan,933,Iraq,I,12,GK,official,101,0,Al-Zawraa,,35,1991-05-18,Iraq,188,,R,325000,2026-06-30,,available,,,,,,,,,2374,Al-Zawraa,31,International Friendly Games,133,1,45,0,0,,,,,,,,6.7,,,,,,,,,,,,,,,,,,,,,23,0,2026-06-04T19:00:00+00:00,2026-06-07T16:02:52Z
54109,Ahmed Basil,933,Iraq,I,22,GK,official,15,0,Al-Shorta,,29,1996-08-19,Iraq,184,,B,470000,,,available,,,,,,,,,2376,Al-Shorta,31,International Friendly Games,133,1,45,0,0,,,,,,,,7.0,,,,,,,,,,,,,,,,,,,,,19,0,2026-06-04T19:00:00+00:00,2026-06-07T16:02:52Z
55742,Kumel Al Rekabe,933,Iraq,I,,GK,preliminary,1,0,Erbil,,21,2004-08-19,Iraq,194,,,130000,,,available,,,,,,,,,,Erbil,,,,,,,,,,,,,,,,,,,,,,,,,,,,,,,,,,,,2,0,2025-03-25T18:15:00+00:00,2026-06-07T16:02:52Z
12571,Youssef Amyn,933,Iraq,I,7,MF,official,26,2,AEK Larnaca,Cyprus,22,2003-08-21,Iraq,175,,R,580000,2027-05-31,61360,available,69,Can Still Improve,Not Specifically,,,,,,404,AEK Larnaca,8,Europa League,280,4,0,0,0,,,0,0,0,0,,,0,0,0,0,0,0,0,0,0,0,0,0,0,0,0,0,0,0,0,0,23,1,2026-06-04T19:00:00+00:00,2026-06-07T16:02:52Z
8316,Ibrahim Bayesh,933,Iraq,I,8,MF,official,75,8,Al-Dhafra,,26,2000-05-01,Iraq,177,,R,820000,,,available,,,,,,,,,2371,Al-Dhafra,17,Saudi Pro League,339,12,1026,1,0,,,,,,,,6.55,,,,,,,,,,,,,,,,,,,,,23,2,2026-06-04T19:00:00+00:00,2026-06-07T16:02:52Z
4209,Zidane Iqbal,933,Iraq,I,14,MF,official,24,2,Jong FC Utrecht,,23,2003-04-27,Iraq,180,,R,1000000,2027-06-30,368160,available,72,Can Polish Skills,Not Specifically,,,,,,2370,Jong FC Utrecht,8,Europa League,280,5,103,0,0,,,,,,,,6.75,,,,,,,,,,,,,,,,,,,,,20,1,2026-06-04T19:00:00+00:00,2026-06-07T16:02:52Z
13848,Amir Al-Ammari,933,Iraq,I,16,MF,official,50,3,Cracovia,Poland,28,1997-07-26,Iraq,180,,L,655000,2027-06-30,61360,available,69,Can Polish Skills,Unlikely,,,,,,422,Cracovia,25,Ekstraklasa,271,35,2596,1,4,1.48,2.95,21,2,30,1300,81.5,6.92,41,27,31,58,94,8,130,104,31,32,0,4,2,1,19,23,65,152,1733,42,23,1,2026-06-04T19:00:00+00:00,2026-06-07T16:02:52Z
54111,Kevin Yakob,933,Iraq,I,19,MF,official,8,0,AGF,,25,2000-10-10,Iraq,183,,R,910000,2027-06-30,184080,available,75,Can Polish Skills,Somewhat,,,,,,2372,AGF,31,International Friendly Games,133,1,28,0,0,,,,,,,,6.7,,,,,,,,,,,,,,,,,,,,,5,0,2026-06-04T19:00:00+00:00,2026-06-07T16:02:52Z
50255,Aimar Sher,933,Iraq,I,20,MF,official,6,0,Sarpsborg 08,Norway,23,2002-12-20,Iraq,180,,R,1200000,2028-12-31,184080,available,71,Can Polish Skills,Unlikely,,,,,,2074,Sarpsborg 08,31,International Friendly Games,133,9,807,1,0,0.49,1.46,11,5,7,444,87.8,7.43,16,6,20,18,33,3,45,29,4,8,0,14,1,0,3,6,7,59,598,9,7,0,2026-06-04T19:00:00+00:00,2026-06-07T16:02:52Z
59649,Zaid Ismail,933,Iraq,I,24,MF,official,6,0,Al Talaba,,24,2002-01-03,Iraq,185,,,380000,,,available,,,,,,,,,2369,Al Talaba,31,International Friendly Games,133,1,62,0,0,,,,,,,,6.5,,,,,,,,,,,,,,,,,,,,,1,0,2026-06-04T19:00:00+00:00,2026-06-07T16:02:52Z
54113,Hasan Abdulkareem,933,Iraq,I,,MF,preliminary,21,1,Al-Zawraa,,27,1999-01-01,Iraq,179,,,680000,,,available,,,,,,,,,,Al-Zawraa,,,,,,,,,,,,,,,,,,,,,,,,,,,,,,,,,,,,9,0,2025-11-18T16:00:00+00:00,2026-06-07T16:02:52Z
30919,Yussef Nasrawe,933,Iraq,I,,MF,preliminary,1,0,SV Ried,Austria,19,2007-03-22,Iraq,171,,L,390000,,,available,,,,,,,,,1408,SV Ried,,,,,,,,,,,,,,,,,,,,,,,,,,,,,,,,,,,,0,0,,2026-06-07T16:02:52Z
59658,Karrar Nabeel,933,Iraq,I,,MF,preliminary,8,0,Al-Zawraa,,28,1998-01-16,,,,,,,,available,,,,,,,,,,Al-Zawraa,,,,,,,,,,,,,,,,,,,,,,,,,,,,,,,,,,,,0,0,,2026-06-07T16:02:52Z
55293,Peter Gwargis,933,Iraq,I,,MF,preliminary,4,0,Duhok,,25,2000-09-04,Iraq,181,,,530000,,245440,available,69,Can Still Improve,Not Specifically,,,,,,,Duhok,,,,,,,,,,,,,,,,,,,,,,,,,,,,,,,,,,,,3,0,2025-06-10T18:15:00+00:00,2026-06-07T16:02:52Z
2497,Yukinari Sugawara,470,Japan,F,2,DF,official,21,2,SV Werder Bremen,Germany,25,2000-06-28,Japan,179,,R,5000000,2026-06-30,1472640,available,76,Almost Reached,Unlikely,55,49,62,52,58,88,SV Werder Bremen,5,Bundesliga,228,32,2432,0,6,1.86,2.97,30,11,20,1109,80.1,6.52,36,21,13,71,89,9,69,73,11,12,0,5,1,1,11,28,74,156,1698,22,21,2,2026-05-31T10:25:00+00:00,2026-06-07T16:02:52Z
7374,Shogo Taniguchi,470,Japan,F,3,DF,official,38,1,Sint-Truidense VV,Belgium,34,1991-07-15,Japan,182,,R,825000,,,available,,,,61,36,71,48,43,244,Sint-Truidense VV,14,Pro League,338,40,2962,1,1,0.91,1.34,14,2,10,2102,88.6,7.07,44,27,43,214,128,3,142,106,72,62,0,8,2,0,1,2,6,282,2566,25,17,0,2026-05-31T10:25:00+00:00,2026-06-07T16:02:52Z
3770,Ko Itakura,470,Japan,F,4,DF,official,40,2,AFC Ajax,Netherlands,29,1997-01-27,Japan,189,,R,8400000,2029-06-30,2515760,injured,76,Almost Reached,Not Specifically,67,39,78,46,42,122,AFC Ajax,10,Eredivisie,279,32,1600,1,0,0.74,0.45,8,3,5,1064,92.4,6.81,21,11,14,99,47,2,69,49,34,13,0,5,1,0,5,8,4,54,1297,22,16,1,2026-05-31T10:25:00+00:00,2026-06-07T16:02:52Z
43687,Yuto Nagatomo,470,Japan,F,5,DF,official,145,4,FC Tokyo,Japan,39,1986-09-12,Japan,169,,B,92000,,552240,available,75,Unlikely to Improve,Not Specifically,36,37,56,45,43,1936,FC Tokyo,31,International Friendly Games,133,12,502,0,0,0.13,,5,1,4,171,79.5,6.4,4,2,5,11,12,2,14,35,7,13,0,4,1,0,1,7,29,13,331,11,2,0,2026-05-31T10:25:00+00:00,2026-06-07T16:02:52Z
3363,Tsuyoshi Watanabe,470,Japan,F,16,DF,official,11,0,Feyenoord,Netherlands,29,1997-02-05,Japan,187,,R,9300000,2029-06-30,674960,available,76,Almost Reached,Unlikely,60,35,77,43,39,138,Feyenoord,8,Europa League,280,38,2870,5,0,2.61,1.91,26,14,10,1957,88.4,7.1,41,26,36,162,135,4,167,108,101,67,0,3,1,0,9,11,4,170,2369,27,10,0,2026-05-31T10:25:00+00:00,2026-06-07T16:02:52Z
1431,Ayumu Seko,470,Japan,F,20,DF,official,14,0,Le Havre,France,26,2000-06-07,Japan,186,,R,4700000,2028-06-30,674960,available,75,Can Polish Skills,Unlikely,53,34,62,44,39,102,Le Havre,6,Ligue 1,317,30,2625,0,0,1.06,1.16,17,6,10,1148,84.6,6.81,41,23,37,114,92,2,98,65,35,20,0,6,4,0,2,4,5,159,1481,28,11,0,2026-05-31T10:25:00+00:00,2026-06-07T16:02:52Z
2474,Hiroki Itō,470,Japan,F,21,DF,official,24,1,FC Bayern München,Germany,27,1999-05-12,Japan,188,,L,19800000,2028-06-30,6626880,available,81,Almost Reached,Not Specifically,69,45,73,51,57,79,FC Bayern München,7,Champions League,268,34,1071,1,2,0.95,1.12,10,3,6,893,90.9,6.77,4,3,14,43,42,2,35,23,22,11,0,13,0,0,4,4,7,53,1058,10,15,0,2026-05-31T10:25:00+00:00,2026-06-07T16:02:52Z
8740,Takehiro Tomiyasu,470,Japan,F,22,DF,official,43,1,AFC Ajax,Netherlands,27,1998-11-05,Japan,188,,R,5400000,2026-06-30,552240,injured,83,Almost Reached,Somewhat,,,,,,122,AFC Ajax,10,Eredivisie,279,15,247,0,1,0.02,0.05,1,0,1,138,79.0,6.59,4,2,7,13,15,1,21,9,12,1,0,5,0,1,2,5,1,13,206,2,7,0,2026-05-31T10:25:00+00:00,2026-06-07T16:02:52Z
3558,Junnosuke Suzuki,470,Japan,F,25,DF,official,6,0,FC København,Denmark,22,2003-07-12,Japan,185,,R,2100000,2030-06-30,1104480,available,79,Can Polish Skills,Not Specifically,58,37,71,47,42,124,FC København,7,Champions League,268,10,574,0,1,0.22,0.71,5,2,5,216,82.4,6.73,19,12,5,24,22,0,46,23,10,9,0,0,1,0,9,10,7,20,343,8,4,0,2026-05-31T10:25:00+00:00,2026-06-07T16:02:52Z
7392,Keisuke Goto,470,Japan,F,9,FW,official,4,0,Sint-Truidense VV,Belgium,21,2005-06-03,Japan,191,,R,7400000,2026-06-30,122720,available,73,Can Still Improve,Unlikely,47,65,36,54,44,244,Sint-Truidense VV,14,Pro League,338,38,2795,11,7,12.8,3.57,60,25,31,581,69.4,6.79,43,20,11,29,44,10,155,161,73,81,0,8,2,0,7,16,3,30,959,36,3,0,2026-05-31T10:25:00+00:00,2026-06-07T16:02:52Z
3369,Ayase Ueda,470,Japan,F,18,FW,official,39,16,Feyenoord,Netherlands,27,1998-08-28,Japan,182,,R,14600000,2028-06-30,797680,available,79,Almost Reached,Unlikely,45,71,25,48,44,138,Feyenoord,8,Europa League,280,39,2909,23,1,20.07,1.64,109,45,26,471,71.5,7.06,14,7,3,28,50,20,200,191,114,101,0,3,1,0,8,28,6,17,952,29,18,12,2026-05-31T10:25:00+00:00,2026-06-07T16:02:52Z
5458,Koki Ogawa,470,Japan,F,19,FW,official,15,11,NEC Nijmegen,Netherlands,28,1997-08-08,Japan,186,,R,2100000,2027-06-30,429520,available,75,Almost Reached,Not Specifically,50,68,25,52,41,171,NEC Nijmegen,10,Eredivisie,279,34,1099,5,2,6.92,1.29,37,14,15,187,66.8,6.7,11,9,2,8,13,8,89,105,61,78,0,5,0,0,4,9,1,3,356,11,12,7,2026-05-31T10:25:00+00:00,2026-06-07T16:02:52Z
5459,Kento Shiogai,470,Japan,F,26,FW,official,2,0,VfL Wolfsburg,Germany,21,2005-03-26,Japan,180,,R,8199999,2030-06-30,1534000,available,70,Can Polish Skills,Unlikely,36,60,21,47,42,82,VfL Wolfsburg,5,Bundesliga,228,18,344,1,0,1.76,0.29,12,8,2,58,69.0,6.51,7,4,3,4,18,1,18,40,5,10,0,4,3,0,3,9,1,4,132,9,3,0,2026-05-31T10:25:00+00:00,2026-06-07T16:02:52Z
4055,Zion Suzuki,470,Japan,F,1,GK,official,24,0,Parma,Italy,23,2002-08-21,Japan,189,,R,21000000,2029-06-30,920400,available,77,Can Polish Skills,Unlikely,62,,,,,74,Parma,4,Serie A,358,25,1980,0,0,,0.12,0,0,1,770,63.9,7.05,0,0,0,31,197,0,12,1,8,0,69,31,0,0,0,0,0,450,1013,0,21,0,2026-05-31T10:25:00+00:00,2026-06-07T16:02:52Z
16973,Osako Keisuke,470,Japan,F,12,GK,official,11,0,Sanfrecce Hiroshima,Japan,26,1999-07-28,Japan,188,,R,2200000,,245440,available,80,Almost Reached,Somewhat,54,,,,,1933,Sanfrecce Hiroshima,31,International Friendly Games,133,19,1445,0,0,,,0,0,0,486,56.0,6.92,0,0,0,15,140,0,2,1,2,0,32,21,0,0,0,0,0,307,606,0,18,0,2026-05-31T10:25:00+00:00,2026-06-07T16:02:52Z
16972,Tomoki Hayakawa,470,Japan,F,23,GK,official,4,0,Kashima Antlers,Japan,27,1999-03-03,Japan,187,,R,1500000,2030-06-30,368160,available,80,Almost Reached,Unlikely,49,,,,,1937,Kashima Antlers,31,International Friendly Games,133,20,1530,0,0,,,0,0,1,736,76.1,7.39,0,0,0,23,144,0,6,1,4,0,41,13,0,0,0,0,0,295,872,1,3,0,2026-05-31T10:25:00+00:00,2026-06-07T16:02:52Z
339,Wataru Endo,470,Japan,F,6,MF,official,73,4,Liverpool FC,England,33,1993-02-09,Japan,178,,R,4600000,2027-06-30,5829200,doubtful,81,Unlikely to Improve,Unlikely,44,59,44,59,65,1,Liverpool FC,1,Premier League,337,30,471,0,1,0.11,0.08,2,1,3,283,88.7,6.76,18,7,4,18,22,1,38,28,9,7,0,1,0,0,1,3,5,14,384,7,20,2,2026-05-31T10:25:00+00:00,2026-06-07T16:02:52Z
367,Ao Tanaka,470,Japan,F,7,MF,official,38,8,Leeds United,England,27,1998-09-10,Japan,180,,R,10800000,2028-06-30,2761200,available,79,Almost Reached,Unlikely,47,51,51,51,55,19,Leeds United,1,Premier League,337,42,1707,4,0,2.46,1.42,23,7,22,924,85.6,6.82,40,20,29,16,109,3,81,78,17,14,0,6,1,0,7,16,44,62,1207,21,16,1,2026-05-31T10:25:00+00:00,2026-06-07T16:02:52Z
1748,Takefusa Kubo,470,Japan,F,8,MF,official,49,7,Real Sociedad,Spain,25,2001-06-04,Japan,174,,L,31000000,2029-06-30,2208960,available,84,Can Polish Skills,Not Specifically,37,67,34,49,62,48,Real Sociedad,3,La Liga,294,31,1745,2,4,2.32,3.53,31,13,39,573,79.9,7.0,35,21,12,10,60,11,137,111,10,16,0,12,3,0,35,83,51,21,1022,10,20,5,2026-05-31T10:25:00+00:00,2026-06-07T16:02:52Z
1353,Ritsu Doan,470,Japan,F,10,MF,official,65,11,Eintracht Frankfurt,Germany,27,1998-06-16,Japan,172,,L,15600000,2030-06-30,4602000,available,81,Almost Reached,Unlikely,45,66,36,54,58,87,Eintracht Frankfurt,7,Champions League,268,42,3057,7,5,6.27,6.32,55,20,47,1109,77.7,6.86,55,32,22,29,101,14,177,221,22,47,0,6,4,0,51,103,139,58,1848,33,21,4,2026-05-31T10:25:00+00:00,2026-06-07T16:02:52Z
3393,Daizen Maeda,470,Japan,F,11,MF,official,27,4,Celtic,Scotland,28,1997-10-20,Japan,173,,R,12600000,2027-06-30,981760,available,72,Almost Reached,Very Unlikely,49,61,40,48,47,132,Celtic,13,Scottish Premiership,345,47,3388,12,9,17.21,1.39,66,30,39,732,80.1,6.7,43,34,24,26,106,11,129,213,32,42,0,6,5,0,24,53,62,14,1334,64,18,1,2026-05-31T10:25:00+00:00,2026-06-07T16:02:52Z
16971,Keito Nakamura,470,Japan,F,13,MF,official,25,10,Stade de Reims,France,25,2000-07-28,Japan,180,,R,9700000,2028-06-30,920400,available,76,Can Polish Skills,Not Specifically,34,65,33,65,57,1616,Stade de Reims,31,International Friendly Games,133,4,135,0,1,0.92,,3,0,3,45,80.0,6.33,2,1,2,1,4,1,2,15,0,0,0,0,0,0,0,3,4,3,76,3,21,3,2026-05-31T10:25:00+00:00,2026-06-07T16:02:52Z
4564,Junya Ito,470,Japan,F,14,MF,official,69,15,KRC Genk,Belgium,33,1993-03-09,Japan,176,,R,3600000,2028-06-30,920400,available,76,Unlikely to Improve,Unlikely,38,70,34,61,76,146,KRC Genk,14,Pro League,338,38,2205,6,5,5.42,7.27,44,19,65,908,77.3,7.04,49,28,19,14,98,13,105,117,14,23,0,3,3,0,26,56,178,63,1433,17,17,2,2026-05-31T10:25:00+00:00,2026-06-07T16:02:52Z
430,Daichi Kamada,470,Japan,F,15,MF,official,49,12,Crystal Palace,England,29,1996-08-05,Japan,184,,R,12400000,2026-06-30,6749600,available,76,Can Polish Skills,Unlikely,48,65,39,64,62,14,Crystal Palace,1,Premier League,337,30,2088,0,0,2.39,3.26,19,4,24,939,84.2,6.87,67,38,18,24,120,7,121,101,14,17,0,15,4,0,12,26,46,68,1298,30,15,5,2026-03-31T18:45:00+00:00,2026-06-07T16:02:52Z
1180,Yuito Suzuki,470,Japan,F,17,MF,official,6,0,SC Freiburg,Germany,24,2001-10-25,Japan,175,,R,18600000,,1534000,available,77,Almost Reached,Not Specifically,49,61,32,54,53,89,SC Freiburg,8,Europa League,280,47,2950,9,5,6.91,3.35,65,25,50,794,78.1,6.91,40,26,18,19,141,18,127,171,24,28,0,4,4,0,41,77,33,37,1270,36,6,0,2026-05-31T10:25:00+00:00,2026-06-07T16:02:52Z
1196,Kaishu Sano,470,Japan,F,24,MF,official,13,0,1. FSV Mainz 05,Germany,25,2000-12-30,Japan,176,,R,42000000,2028-06-30,1227200,available,79,Almost Reached,Unlikely,55,46,64,52,45,93,1. FSV Mainz 05,5,Bundesliga,228,36,3150,1,2,1.48,3.39,26,6,25,1327,80.4,7.01,54,33,65,48,215,8,185,114,72,47,0,8,1,0,28,45,19,133,1838,14,12,0,2026-05-31T10:25:00+00:00,2026-06-07T16:02:52Z
16707,Mohammad Ali Hasheesh,484,Jordan,J,2,DF,official,55,1,Al Karma SC,,31,1995-05-09,Jordan,183,,L,440000,,,available,,,,,,,,,2368,Al Karma SC,31,International Friendly Games,133,3,30,0,0,,,,,,,,6.1,,,,,,,,,,,,,,,,,,,,,25,0,2026-05-31T13:00:00+00:00,2026-06-07T16:02:52Z
16701,Abdallah Nasib,484,Jordan,J,3,DF,official,64,3,Al-Zawraa,,32,1994-02-25,Jordan,185,,R,450000,2026-06-30,,available,,,,,,,,,2374,Al-Zawraa,31,International Friendly Games,133,2,0,0,0,,,,,,,,,,,,,,,,,,,,,,,,,,,,,24,1,2026-03-31T17:30:00+00:00,2026-06-07T16:02:52Z
55288,Husam Ali Mohammad Abudahab,484,Jordan,J,4,DF,official,17,0,Al Faisaly SC,,26,2000-05-13,Jordan,186,,L,330000,2028-06-30,,available,,,,,,,,,2384,Al Faisaly SC,31,International Friendly Games,133,1,13,0,0,,,,,,,,6.3,,,,,,,,,,,,,,,,,,,,,8,0,2026-05-31T13:00:00+00:00,2026-06-07T16:02:52Z
16702,Yazan Al-Arab,484,Jordan,J,5,DF,official,79,3,FC Seoul,South Korea,30,1996-01-31,Jordan,186,,L,1000000,,,available,,,,55,35,64,44,37,1949,FC Seoul,31,International Friendly Games,133,12,613,1,1,0.46,,5,1,1,438,87.4,7.26,15,10,11,25,32,2,44,34,25,18,0,5,2,1,2,6,1,45,529,5,26,2,2026-05-31T13:00:00+00:00,2026-06-07T16:02:52Z
16717,Mo Abualnadi,484,Jordan,J,16,DF,official,17,0,Selangor FC,,25,2001-02-08,Jordan,185,,L,245000,2026-05-31,,available,,,,39,34,54,44,37,2382,Selangor FC,31,International Friendly Games,133,3,45,0,0,,,,,,,,6.0,,,,,,,,,,,,,,,,,,,,,12,0,2026-05-31T13:00:00+00:00,2026-06-07T16:02:52Z
16718,Saleem Obaid,484,Jordan,J,17,DF,official,10,0,Al-Hussein Irbid,,34,1992-01-17,Jordan,181,,L,97000,2026-06-30,,available,,,,,,,,,2381,Al-Hussein Irbid,31,International Friendly Games,133,3,45,0,0,,,,,,,,6.5,,,,,,,,,,,,,,,,,,,,,5,0,2026-05-31T13:00:00+00:00,2026-06-07T16:02:52Z
56086,Saad Al Rousan,484,Jordan,J,19,DF,official,20,2,Al-Hussein Irbid,,29,1997-02-01,Jordan,188,,R,390000,,,available,,,,51,33,69,41,33,2381,Al-Hussein Irbid,31,International Friendly Games,133,1,45,0,0,,,,,,,,5.3,,,,,,,,,,,,,,,,,,,,,11,0,2026-05-31T13:00:00+00:00,2026-06-07T16:02:52Z
55790,Ehsan Haddad,484,Jordan,J,23,DF,official,91,2,Al-Hussein Irbid,,32,1994-02-05,Jordan,180,,R,340000,2026-06-30,,available,,,,,,,,,2381,Al-Hussein Irbid,31,International Friendly Games,133,1,77,0,0,,,,,,,,5.8,,,,,,,,,,,,,,,,,,,,,22,0,2026-05-31T13:00:00+00:00,2026-06-07T16:02:52Z
58917,Anas Badawi,484,Jordan,J,26,DF,official,1,0,Al Faisaly SC,,28,1997-09-13,Jordan,174,,R,180000,2027-06-30,,available,,,,,,,,,2384,Al Faisaly SC,31,International Friendly Games,133,1,45,0,0,,,,,,,,6.1,,,,,,,,,,,,,,,,,,,,,1,0,2026-05-31T13:00:00+00:00,2026-06-07T16:02:52Z
16704,Ahmad Assaf,484,Jordan,J,,DF,preliminary,6,0,Al-Hussein,,26,1999-07-21,Jordan,175,,,45000,,,available,,,,,,,,,,Al-Hussein,31,International Friendly Games,133,,,,,,,,,,,,,,,,,,,,,,,,,,,,,,,,,6,0,2026-03-31T17:30:00+00:00,2026-06-07T16:02:52Z
16715,Mohammad Abu Zrayq,484,Jordan,J,7,FW,official,40,5,Raja Club Athletic,Morocco,28,1997-12-30,Jordan,168,,L,400000,2028-06-30,,available,,,,,,,,,2067,Raja Club Athletic,31,International Friendly Games,133,13,643,2,2,1.64,0.48,10,6,7,222,84.7,6.89,3,1,5,1,25,3,30,81,4,7,0,6,1,0,11,14,10,11,336,11,15,0,2026-05-31T13:00:00+00:00,2026-06-07T16:02:52Z
55283,Ali Olwan,484,Jordan,J,9,FW,official,65,29,Al-Sailiya,,26,2000-03-26,Jordan,180,,R,825000,,552240,available,71,Can Polish Skills,Not Specifically,,,,,,2377,Al-Sailiya,31,International Friendly Games,133,1,45,0,0,,,,,,,,6.4,,,,,,,,,,,,,,,,,,,,,20,6,2026-05-31T13:00:00+00:00,2026-06-07T16:02:52Z
2809,Mousa Tamari,484,Jordan,J,10,FW,official,91,24,Stade Rennais,France,28,1997-06-10,Jordan,175,,L,10800000,2028-06-30,,available,,,,41,61,30,58,61,97,Stade Rennais,6,Ligue 1,317,36,2489,7,8,5.4,4.25,78,28,38,752,82.4,6.92,30,19,11,6,130,23,104,162,1,6,0,9,2,0,42,111,104,25,1390,17,23,5,2026-05-31T13:00:00+00:00,2026-06-07T16:02:52Z
14727,Odeh Fakhoury,484,Jordan,J,11,FW,official,9,1,Pyramids FC,Egypt,20,2005-11-20,Jordan,180,,R,225000,2029-06-30,,available,,,,,,,,,593,Pyramids FC,29,CAF Champions League,229,4,119,1,0,0.38,0.13,6,1,2,41,82.9,6.9,2,2,0,0,5,2,5,6,0,1,0,0,0,0,1,3,4,3,70,1,3,1,2026-05-31T13:00:00+00:00,2026-06-07T16:02:52Z
16713,Mahmoud Al-Mardi,484,Jordan,J,13,FW,official,88,9,Al-Hussein Irbid,,32,1993-10-06,Jordan,179,,R,390000,,,available,,,,28,63,27,54,61,2381,Al-Hussein Irbid,31,International Friendly Games,133,3,45,0,0,,,,,,,,6.4,,,,,,,,,,,,,,,,,,,,,23,2,2026-05-31T13:00:00+00:00,2026-06-07T16:02:52Z
5716,Ibrahim Sabra,484,Jordan,J,18,FW,official,9,1,NK Lokomotiva Zagreb,,20,2006-02-01,Jordan,183,,R,455000,2026-06-30,,available,,,,,,,,,2378,NK Lokomotiva Zagreb,11,Trendyol Super Lig,380,13,88,1,0,,,,,,,,6.36,,,,,,,,,,,,,,,,,,,,,10,0,2026-05-31T13:00:00+00:00,2026-06-07T16:02:52Z
8821,Ali Al Azaizah,484,Jordan,J,24,FW,official,3,0,Al-Shabab,Saudi Arabia,22,2004-04-13,Jordan,177,,L,210000,2026-06-30,,available,,,,,,,,,264,Al-Shabab,17,Saudi Pro League,339,16,638,2,1,2.37,0.8,12,4,8,167,88.0,6.73,10,6,5,4,31,2,41,39,4,4,0,15,0,0,18,34,20,7,305,8,3,0,2026-05-31T13:00:00+00:00,2026-06-07T16:02:52Z
16700,Yazeed Abu Laila,484,Jordan,J,1,GK,official,75,0,Al-Hussein Irbid,,33,1993-01-08,Jordan,189,,R,290000,,,available,,,,54,,,,,2381,Al-Hussein Irbid,31,International Friendly Games,133,3,90,0,0,,,,,,,,7.0,,,,,,,,,,,,,,,,,,,,,26,0,2026-05-31T13:00:00+00:00,2026-06-07T16:02:52Z
59396,Noureddin Bani Ateyah,484,Jordan,J,12,GK,official,4,0,Al Faisaly SC,,33,1993-01-25,Jordan,179,,R,260000,2026-06-30,,available,,,,,,,,,2384,Al Faisaly SC,,,,,,,,,,,,,,,,,,,,,,,,,,,,,,,,,,,,0,0,,2026-06-07T16:02:52Z
16709,Abdallah Al-Fakhouri,484,Jordan,J,22,GK,official,11,0,Al-Wehdat,,26,2000-01-22,Jordan,190,,R,240000,2026-06-30,,available,,,,,,,,,2383,Al-Wehdat,31,International Friendly Games,133,3,0,0,0,,,,,,,,,,,,,,,,,,,,,,,,,,,,,22,0,2026-05-31T13:00:00+00:00,2026-06-07T16:02:52Z
56979,Ahmad Al-Juaidi,484,Jordan,J,,GK,preliminary,0,0,Shabab Al-Ordon,,25,2001-04-09,Jordan,181,,,180000,,,available,,,,,,,,,,Shabab Al-Ordon,,,,,,,,,,,,,,,,,,,,,,,,,,,,,,,,,,,,12,0,2024-06-11T18:00:00+00:00,2026-06-07T16:02:52Z
16714,Amer Jamous,484,Jordan,J,6,MF,official,18,1,Al-Zawraa,,23,2002-07-03,Jordan,174,,R,435000,2026-06-30,,available,,,,47,49,47,50,51,2374,Al-Zawraa,31,International Friendly Games,133,2,0,0,0,,,,,,,,,,,,,,,,,,,,,,,,,,,,,8,0,2026-03-31T17:30:00+00:00,2026-06-07T16:02:52Z
16705,Noor Al-Deen Al Rawabdeh,484,Jordan,J,8,MF,official,67,3,Selangor FC,,29,1997-02-24,Jordan,179,,R,410000,,,available,,,,43,51,39,59,52,2382,Selangor FC,31,International Friendly Games,133,3,77,0,0,,,,,,,,6.5,,,,,,,,,,,,,,,,,,,,,19,2,2026-05-31T13:00:00+00:00,2026-06-07T16:02:52Z
55792,Rajaei Ayed,484,Jordan,J,14,MF,official,72,0,Al-Hussein Irbid,,32,1993-07-25,Jordan,177,,R,320000,2026-06-30,,available,,,,,,,,,2381,Al-Hussein Irbid,31,International Friendly Games,133,1,0,0,0,,,,,,,,,,,,,,,,,,,,,,,,,,,,,22,0,2026-05-31T13:00:00+00:00,2026-06-07T16:02:52Z
16706,Ibrahim Sadeh,484,Jordan,J,15,MF,official,56,3,Al Karma SC,,26,2000-04-26,Jordan,174,,R,415000,,,available,,,,,,,,,2368,Al Karma SC,31,International Friendly Games,133,3,45,0,0,,,,,,,,6.0,,,,,,,,,,,,,,,,,,,,,23,0,2026-05-31T13:00:00+00:00,2026-06-07T16:02:52Z
16710,Mohannad Abu Taha,484,Jordan,J,20,MF,official,28,1,Al-Quwa Al-Jawiya,,23,2003-02-02,Jordan,176,,L,440000,2026-06-30,,available,,,,,,,,,2379,Al-Quwa Al-Jawiya,31,International Friendly Games,133,3,78,0,0,,,,,,,,5.6,,,,,,,,,,,,,,,,,,,,,18,0,2026-05-31T13:00:00+00:00,2026-06-07T16:02:52Z
16711,Nizar Mahmoud Al-Rashdan,484,Jordan,J,21,MF,official,46,4,Qatar SC,,27,1999-03-23,Jordan,185,,R,620000,2027-06-30,,available,,,,41,51,45,56,52,2380,Qatar SC,31,International Friendly Games,133,3,61,0,0,,,,,,,,5.9,,,,,,,,,,,,,,,,,,,,,23,1,2026-05-31T13:00:00+00:00,2026-06-07T16:02:52Z
16720,Mohammad Al Daoud,484,Jordan,J,25,MF,official,12,1,Al-Wehdat,,34,1992-04-12,Jordan,177,,R,160000,2027-06-30,,available,,,,,,,,,2383,Al-Wehdat,31,International Friendly Games,133,3,13,0,0,,,,,,,,6.6,,,,,,,,,,,,,,,,,,,,,4,0,2026-05-31T13:00:00+00:00,2026-06-07T16:02:52Z
16721,Mohammad Taha,484,Jordan,J,,MF,preliminary,0,0,Al-Hussein,,20,2005-07-13,Jordan,182,,,260000,,,available,,,,,,,,,,Al-Hussein,31,International Friendly Games,133,,,,,,,,,,,,,,,,,,,,,,,,,,,,,,,,,3,0,2026-05-31T13:00:00+00:00,2026-06-07T16:02:52Z
16719,Yousef Qashi,484,Jordan,J,,MF,preliminary,1,0,Al-Hussein,,21,2005-04-15,Jordan,183,,,46000,,,available,,,,,,,,,,Al-Hussein,31,International Friendly Games,133,,,,,,,,,,,,,,,,,,,,,,,,,,,,,,,,,3,0,2026-05-31T13:00:00+00:00,2026-06-07T16:02:52Z
10045,Jorge Sánchez,451,Mexico,A,2,DF,official,59,3,PAOK,Greece,28,1997-12-10,Mexico,175,,R,2000000,2029-06-30,1227200,available,77,Almost Reached,Unlikely,,,,,,129,PAOK,24,Stoiximan Super League,364,14,728,0,0,0.04,0.5,1,0,2,291,82.8,6.63,21,10,7,22,30,0,37,44,2,10,0,4,2,0,7,11,12,36,495,13,18,2,2026-06-05T02:00:00+00:00,2026-06-07T16:02:52Z
17092,César Montes,451,Mexico,A,3,DF,official,67,4,Lokomotiv Moscow,Russia,29,1997-02-24,Mexico,195,,R,7800000,2029-06-30,1349920,injured,75,Can Polish Skills,Somewhat,,,,,,1337,Lokomotiv Moscow,31,International Friendly Games,133,5,269,0,0,,,,,,,,6.62,,,,,,,,,,,,,,,,,,,,,16,3,2026-06-05T02:00:00+00:00,2026-06-07T16:02:52Z
3411,Edson Álvarez,451,Mexico,A,4,DF,official,98,7,Fenerbahçe,Türkiye,28,1997-10-24,Mexico,190,,R,14600000,2026-06-30,6136000,available,76,Can Polish Skills,Not Specifically,,,,,,134,Fenerbahçe,11,Trendyol Super Lig,380,18,1081,0,1,0.74,0.56,12,5,11,685,86.7,6.82,40,22,26,18,81,2,85,90,19,26,0,1,1,0,7,17,2,47,907,25,14,2,2026-06-05T02:00:00+00:00,2026-06-07T16:02:52Z
2591,Johan Vásquez,451,Mexico,A,5,DF,official,46,3,Genoa,Italy,27,1998-10-22,Mexico,185,,L,12200000,2028-06-30,1288560,available,77,Almost Reached,Unlikely,,,,,,59,Genoa,4,Serie A,358,41,3443,1,0,1.22,0.72,25,7,9,2191,85.4,6.81,68,43,45,166,132,5,213,145,84,83,0,5,1,0,10,21,25,266,2773,28,14,2,2026-06-05T02:00:00+00:00,2026-06-07T16:02:52Z
10107,Israel Reyes,451,Mexico,A,15,DF,official,34,2,Club América,Mexico,26,2000-05-23,Mexico,178,,R,6700000,2028-12-31,1043120,available,76,Almost Reached,Unlikely,,,,,,307,Club América,20,Liga MX Clausura,297,34,2750,0,2,1.62,1.08,23,5,17,1778,86.6,7.07,44,30,32,89,115,3,105,85,47,37,0,1,1,0,6,10,10,330,2140,26,20,0,2026-06-05T02:00:00+00:00,2026-06-07T16:02:52Z
5481,Mateo Chávez,451,Mexico,A,20,DF,official,10,0,AZ Alkmaar,Netherlands,22,2004-05-12,Mexico,177,,L,4099999,2030-06-30,552240,available,77,Can Polish Skills,Unlikely,,,,,,180,AZ Alkmaar,10,Eredivisie,279,29,800,1,1,1.23,1.47,15,5,9,395,74.7,6.88,48,30,15,26,33,5,79,52,12,2,0,6,3,0,6,14,22,40,668,13,9,0,2026-06-05T02:00:00+00:00,2026-06-07T16:02:52Z
10088,Jesús Gallardo,451,Mexico,A,23,DF,official,121,3,CD Toluca,Mexico,31,1994-08-15,Mexico,176,,L,2700000,2027-06-30,981760,available,79,Unlikely to Improve,Very Unlikely,,,,,,310,CD Toluca,20,Liga MX Clausura,297,34,2725,5,5,4.87,4.6,51,13,41,1362,80.0,6.97,61,42,30,74,111,12,147,145,52,39,0,1,3,0,23,50,74,146,2080,52,17,1,2026-06-05T02:00:00+00:00,2026-06-07T16:02:52Z
10291,Jesús Gómez,451,Mexico,A,,DF,preliminary,2,0,Club Tijuana,Mexico,24,2002-01-31,Mexico,182,,L,2400000,,,available,,,,50,40,62,43,49,308,Club Tijuana,20,Liga MX Clausura,297,37,2421,2,0,1.52,0.95,16,6,14,1251,82.4,6.91,56,28,42,115,89,2,130,96,39,40,0,0,3,0,2,10,16,221,1685,30,2,0,2026-05-31T02:00:00+00:00,2026-06-07T16:02:52Z
10164,Bryan González,451,Mexico,A,,DF,preliminary,2,0,CD Guadalajara,Mexico,23,2003-04-10,Mexico,178,,L,6300000,,613600,available,74,Can Polish Skills,Unlikely,48,52,51,57,51,320,CD Guadalajara,20,Liga MX Clausura,297,40,3449,6,5,5.01,4.31,64,20,32,1372,86.2,6.9,60,38,36,84,127,14,199,181,71,59,0,7,2,0,29,82,86,107,2233,31,5,0,2026-01-25T19:30:00+00:00,2026-06-07T16:02:52Z
10326,Denzell Garcia,451,Mexico,A,,DF,preliminary,2,0,FC Juárez,Mexico,22,2003-08-15,Mexico,170,,R,4900000,,245440,available,72,Can Still Improve,Unlikely,42,48,38,51,50,306,FC Juárez,20,Liga MX Clausura,297,38,3222,3,2,2.61,2.63,39,9,38,1321,83.8,6.83,69,47,37,63,190,6,145,134,34,37,0,1,1,0,20,35,56,177,2033,34,5,0,2026-04-01T01:00:00+00:00,2026-06-07T16:02:52Z
10399,Eduardo Águila,451,Mexico,A,,DF,preliminary,2,0,Atlético San Luis,Mexico,24,2002-05-17,Mexico,180,,L,3900000,,368160,available,71,Can Polish Skills,Unlikely,55,33,69,41,34,319,Atlético San Luis,20,Liga MX Clausura,297,31,2464,2,0,1.7,0.5,22,5,3,1245,84.1,6.66,38,28,28,147,96,7,102,69,50,41,0,2,2,2,8,10,5,175,1622,20,3,0,2026-05-23T02:00:00+00:00,2026-06-07T16:02:52Z
10084,Everardo López,451,Mexico,A,,DF,preliminary,3,0,CD Toluca,Mexico,21,2005-03-23,Mexico,180,,L,1600000,,245440,available,68,Can Polish Skills,Unlikely,57,33,69,43,36,310,CD Toluca,20,Liga MX Clausura,297,33,2191,1,0,1.93,0.32,9,4,4,1312,90.1,6.75,33,15,31,80,85,1,58,72,18,28,0,3,2,0,2,3,6,127,1604,29,5,0,2026-04-01T01:00:00+00:00,2026-06-07T16:02:52Z
10205,Jesús Angulo,451,Mexico,A,,DF,preliminary,19,0,Tigres UANL,Mexico,28,1998-01-30,Mexico,180,,L,4700000,2028-06-30,859040,available,77,Almost Reached,Unlikely,64,40,75,48,47,321,Tigres UANL,20,Liga MX Clausura,297,29,1908,2,0,0.82,0.78,6,2,5,1275,87.5,6.93,33,20,23,100,62,0,101,61,37,31,0,4,2,0,0,2,3,182,1568,24,6,0,2026-04-01T01:00:00+00:00,2026-06-07T16:02:52Z
800,Julián Araujo,451,Mexico,A,,DF,preliminary,16,0,Celtic,Scotland,24,2001-08-13,Mexico,175,,R,10300000,2026-06-30,2454400,available,76,Can Polish Skills,Unlikely,45,41,60,46,51,132,Celtic,13,Scottish Premiership,345,11,878,1,0,1.07,0.91,10,4,10,606,86.8,6.89,19,15,12,28,39,4,44,49,10,23,0,0,2,0,6,10,27,50,864,12,3,0,2025-07-03T02:00:00+00:00,2026-06-07T16:02:52Z
10152,Luis Gabriel Rey,451,Mexico,A,,DF,preliminary,1,0,Club Puebla,Mexico,23,2002-09-14,Mexico,189,,R,1200000,2026-06-30,,available,,,,53,37,69,48,38,304,Club Puebla,20,Liga MX Clausura,297,30,1651,2,0,1.55,1.06,32,6,10,902,84.4,6.82,36,18,19,47,67,7,77,74,19,15,0,2,1,0,14,18,8,115,1160,21,1,0,2026-05-23T02:00:00+00:00,2026-06-07T16:02:52Z
10104,Ramón Juárez,451,Mexico,A,,DF,preliminary,2,0,Club América,Mexico,25,2001-05-09,Mexico,180,,R,5300000,2027-06-30,797680,available,72,Can Polish Skills,Not Specifically,62,35,70,43,35,307,Club América,20,Liga MX Clausura,297,38,1731,2,0,1.51,0.48,22,7,3,849,88.9,6.71,19,15,26,102,37,7,81,61,57,40,0,7,0,0,0,2,2,100,1083,18,4,0,2026-01-25T19:30:00+00:00,2026-06-07T16:02:52Z
10168,Richard Ledezma,451,Mexico,A,,DF,preliminary,3,1,CD Guadalajara,Mexico,25,2000-09-06,Mexico,175,,R,5800000,2029-06-30,,available,,,,44,56,46,57,62,320,CD Guadalajara,20,Liga MX Clausura,297,35,2280,1,8,2.76,4.62,37,10,50,945,83.0,6.81,17,10,9,20,78,13,61,64,14,9,0,7,4,0,15,30,118,79,1348,19,4,1,2026-03-29T01:00:00+00:00,2026-06-07T16:02:52Z
10183,Victor Guzmán,451,Mexico,A,,DF,preliminary,6,0,CF Monterrey,Mexico,24,2002-03-07,Mexico,183,,R,4900000,2028-06-30,,available,,,,51,34,71,40,33,317,CF Monterrey,20,Liga MX Clausura,297,32,1853,1,0,0.53,0.38,8,3,3,1066,89.7,6.98,28,15,36,113,66,0,82,47,36,19,0,3,3,1,7,11,7,118,1371,17,3,0,2026-02-26T02:00:00+00:00,2026-06-07T16:02:52Z
833,Raúl Jiménez,451,Mexico,A,9,FW,official,124,45,Fulham,England,35,1991-05-05,Mexico,189,,R,4200000,2026-06-30,5522400,available,78,Unlikely to Improve,Not Specifically,,,,,,6,Fulham,1,Premier League,337,43,2569,10,3,12.7,0.87,84,23,29,606,62.7,6.67,41,25,7,34,62,23,189,249,100,136,0,4,3,0,11,28,9,36,1072,53,13,9,2026-06-05T02:00:00+00:00,2026-06-07T16:02:52Z
10406,Alexis Vega,451,Mexico,A,10,FW,official,52,7,CD Toluca,Mexico,28,1997-11-25,Mexico,172,,R,7700000,,1349920,available,78,Almost Reached,Somewhat,,,,,,310,CD Toluca,20,Liga MX Clausura,297,22,1527,4,11,3.97,5.73,46,16,73,725,82.2,7.53,21,12,5,2,79,12,112,110,1,3,0,1,1,0,42,85,115,61,1205,24,18,1,2026-06-05T02:00:00+00:00,2026-06-07T16:02:52Z
4328,Santiago Giménez,451,Mexico,A,11,FW,official,47,6,AC Milan,Italy,25,2001-04-18,Mexico,182,,L,18600000,2029-06-30,4724720,available,79,Almost Reached,Unlikely,,,,,,63,AC Milan,4,Serie A,358,20,1037,1,2,4.79,0.68,34,11,6,153,82.4,6.51,9,6,1,1,15,6,35,59,6,19,0,8,1,0,4,20,1,0,303,11,13,0,2026-06-05T02:00:00+00:00,2026-06-07T16:02:52Z
10171,Armando González,451,Mexico,A,14,FW,official,7,1,CD Guadalajara,Mexico,23,2003-04-20,Mexico,179,,R,16000000,2029-12-31,184080,available,70,Can Polish Skills,Somewhat,,,,,,320,CD Guadalajara,20,Liga MX Clausura,297,35,2458,24,2,23.38,1.43,103,49,23,513,74.3,6.91,13,7,1,11,63,8,70,151,32,76,0,0,0,0,11,30,8,12,878,34,8,1,2026-06-05T02:00:00+00:00,2026-06-07T16:02:52Z
8296,Julián Quiñones,451,Mexico,A,16,FW,official,22,2,Al-Qadsiah,Saudi Arabia,29,1997-03-24,Mexico,180,,R,11100000,2029-06-30,3742960,available,82,Almost Reached,Unlikely,,,,,,272,Al-Qadsiah,17,Saudi Pro League,339,31,2731,33,4,27.26,2.66,136,59,22,816,77.6,7.58,19,9,7,20,87,30,120,145,44,42,0,3,2,0,19,50,17,40,1315,18,16,0,2026-06-05T02:00:00+00:00,2026-06-07T16:02:52Z
7775,César Huerta,451,Mexico,A,21,FW,official,26,3,RSC Anderlecht,Belgium,25,2000-12-03,Mexico,173,,R,5300000,2029-06-30,797680,available,76,Almost Reached,Not Specifically,,,,,,240,RSC Anderlecht,14,Pro League,338,12,544,1,0,1.71,0.97,16,6,7,210,81.9,6.51,14,11,3,4,30,2,33,57,5,20,0,7,0,0,6,12,11,12,343,13,15,0,2026-06-05T02:00:00+00:00,2026-06-07T16:02:52Z
10462,Guillermo Martínez,451,Mexico,A,22,FW,official,12,3,Pumas UNAM,Mexico,31,1995-03-15,Mexico,191,,R,1500000,2026-12-31,490880,available,79,Unlikely to Improve,Unlikely,,,,,,313,Pumas UNAM,20,Liga MX Clausura,297,26,1367,9,0,8.35,0.56,44,17,11,196,73.5,6.91,6,3,1,16,19,7,89,116,56,53,0,0,2,0,8,20,2,14,398,35,10,1,2026-06-05T02:00:00+00:00,2026-06-07T16:02:52Z
10169,Roberto Alvarado,451,Mexico,A,25,FW,official,67,5,CD Guadalajara,Mexico,27,1998-09-07,Mexico,176,,L,7300000,2029-06-30,1227200,available,78,Almost Reached,Unlikely,,,,,,320,CD Guadalajara,20,Liga MX Clausura,297,31,2369,4,5,4.88,4.16,52,20,57,1262,84.6,7.11,30,22,9,12,119,10,143,133,17,25,0,0,1,0,34,66,63,64,1754,33,18,0,2026-06-05T02:00:00+00:00,2026-06-07T16:02:52Z
10192,Germán Berterame,451,Mexico,A,,FW,preliminary,9,2,Inter Miami CF,USA,27,1998-11-13,Mexico,173,,R,12400000,2029-06-30,,available,,,,61,70,39,56,57,293,Inter Miami CF,18,MLS,158,15,1134,7,3,7.51,1.99,31,16,17,275,79.3,6.91,11,5,5,11,27,3,47,57,18,26,0,14,1,0,5,10,5,4,424,25,4,1,2026-04-01T01:00:00+00:00,2026-06-07T16:02:52Z
10161,Raúl Rangel,451,Mexico,A,1,GK,official,14,0,CD Guadalajara,Mexico,26,2000-02-25,Mexico,190,,R,5800000,2028-06-30,1043120,available,74,Can Polish Skills,Somewhat,,,,,,320,CD Guadalajara,20,Liga MX Clausura,297,36,3060,0,0,,0.1,0,0,4,926,79.7,6.89,0,0,0,43,326,0,11,2,7,2,82,42,1,0,0,0,0,352,1250,0,21,0,2026-06-05T02:00:00+00:00,2026-06-07T16:02:52Z
10000,Carlos Acevedo,451,Mexico,A,12,GK,official,7,0,Santos Laguna,Mexico,30,1996-04-19,Mexico,182,,R,2600000,2027-06-30,736320,available,75,Unlikely to Improve,Not Specifically,,,,,,312,Santos Laguna,20,Liga MX Clausura,297,34,2860,0,0,0.02,0.04,1,0,0,929,63.9,6.91,1,0,1,36,251,0,14,2,6,0,132,66,0,0,0,0,0,518,1265,0,11,0,2026-06-05T02:00:00+00:00,2026-06-07T16:02:52Z
17093,Guillermo Ochoa,451,Mexico,A,13,GK,official,152,0,AEL Limassol,,40,1985-07-13,Mexico,185,,R,280000,,,available,,,,,,,,,2336,AEL Limassol,31,International Friendly Games,133,5,45,0,0,,,,,,,,6.6,,,,,,,,,,,,,,,,,,,,,13,0,2026-06-05T02:00:00+00:00,2026-06-07T16:02:52Z
578,Alex Padilla,451,Mexico,A,,GK,preliminary,0,0,Athletic Club,Spain,22,2003-09-01,Mexico,190,,R,3100000,2029-06-30,429520,available,73,Can Polish Skills,Somewhat,,,,,,51,Athletic Club,3,La Liga,294,48,600,0,0,,0.0,0,0,0,187,48.1,6.43,0,0,0,4,48,0,2,0,0,0,17,74,0,0,0,0,0,146,241,0,0,0,,2026-06-07T16:02:52Z
10021,Carlos Moreno,451,Mexico,A,,GK,preliminary,0,0,CF Pachuca,Mexico,28,1998-01-29,Mexico,189,,R,3200000,2026-06-30,981760,available,76,Almost Reached,Not Specifically,50,,,,,316,CF Pachuca,20,Liga MX Clausura,297,39,3510,0,0,,0.1,0,0,5,1164,67.7,7.06,2,1,0,45,377,0,23,5,15,3,104,44,4,1,1,1,0,659,1558,0,2,0,2025-03-24T01:30:00+00:00,2026-06-07T16:02:52Z
10284,Antonio Rodríguez,451,Mexico,A,,GK,preliminary,2,0,Club Tijuana,Mexico,33,1992-07-04,Mexico,186,,R,570000,,,available,,,,54,,,,,308,Club Tijuana,20,Liga MX Clausura,297,37,3318,0,0,,0.05,0,0,0,1422,78.1,7.26,3,2,0,37,283,0,18,3,13,1,125,46,2,0,0,0,0,624,1738,0,0,0,,2026-06-07T16:02:52Z
10043,Erik Lira,451,Mexico,A,6,MF,official,25,0,Cruz Azul,Mexico,26,2000-05-08,Mexico,172,,R,13200000,2029-06-30,920400,available,76,Can Polish Skills,Unlikely,,,,,,314,Cruz Azul,20,Liga MX Clausura,297,38,2911,0,0,0.44,1.01,12,4,16,1622,89.2,6.84,56,32,25,56,175,1,125,91,17,20,0,1,4,0,10,17,13,151,2016,33,18,0,2026-06-05T02:00:00+00:00,2026-06-07T16:02:52Z
10370,Luis Romo,451,Mexico,A,7,MF,official,63,4,CD Guadalajara,Mexico,30,1995-07-05,Mexico,182,,R,2900000,,736320,available,75,Unlikely to Improve,Very Unlikely,,,,,,320,CD Guadalajara,20,Liga MX Clausura,297,28,2453,1,2,1.72,1.62,31,7,19,1854,84.1,7.05,49,32,43,104,149,9,147,108,71,46,0,0,2,0,14,26,14,333,2293,19,12,0,2026-06-05T02:00:00+00:00,2026-06-07T16:02:52Z
9008,Álvaro Fidalgo,451,Mexico,A,8,MF,official,4,0,Real Betis,Spain,29,1997-04-09,Mexico,174,,R,10900000,2030-06-30,2515760,available,81,Almost Reached,Unlikely,,,,,,56,Real Betis,3,La Liga,294,21,749,1,0,0.63,0.26,6,3,8,413,90.8,6.75,20,10,6,11,26,0,36,32,3,6,0,7,0,0,6,9,8,18,528,4,4,0,2026-06-05T02:00:00+00:00,2026-06-07T16:02:52Z
11161,Orbelín Pineda,451,Mexico,A,17,MF,official,92,12,AEK Athens,Greece,30,1996-03-24,Mexico,169,,R,6300000,2027-06-30,1534000,available,77,Unlikely to Improve,Unlikely,,,,,,329,AEK Athens,24,Stoiximan Super League,364,31,2479,5,2,4.14,2.74,36,10,22,1656,89.8,7.3,69,44,22,41,169,13,189,159,19,19,0,3,2,0,35,68,18,117,2178,44,18,0,2026-06-05T02:00:00+00:00,2026-06-07T16:02:52Z
9006,Obed Vargas,451,Mexico,A,18,MF,official,6,0,Atlético Madrid,Spain,20,2005-08-05,Mexico,175,,R,7400000,2030-06-30,490880,available,71,Can Polish Skills,Unlikely,,,,,,54,Atlético Madrid,3,La Liga,294,28,750,0,1,0.2,0.43,5,0,4,322,82.3,6.87,26,16,8,9,26,1,48,21,2,5,0,11,2,0,10,15,6,29,458,4,6,0,2026-06-05T02:00:00+00:00,2026-06-07T16:02:52Z
10424,Gilberto Mora,451,Mexico,A,19,MF,official,8,0,Club Tijuana,Mexico,17,2008-10-14,Mexico,166,,R,11000000,,3374,available,77,Much Room to Grow,Very Unlikely,,,,,,308,Club Tijuana,20,Liga MX Clausura,297,20,1308,6,1,4.68,1.56,29,14,15,388,86.9,7.1,11,7,9,12,68,6,54,55,4,11,0,0,0,0,10,25,19,18,599,4,8,0,2026-06-05T02:00:00+00:00,2026-06-07T16:02:52Z
52798,Luis Chávez,451,Mexico,A,24,MF,official,45,5,Dynamo Moscow,,30,1996-01-15,Mexico,175,,L,5800000,2027-06-30,1411280,available,74,Unlikely to Improve,Unlikely,,,,,,2385,Dynamo Moscow,31,International Friendly Games,133,3,119,1,0,,,,,,,,7.13,,,,,,,,,,,,,,,,,,,,,12,1,2026-06-05T02:00:00+00:00,2026-06-07T16:02:52Z
9355,Brian Gutiérrez,451,Mexico,A,26,MF,official,7,2,CD Guadalajara,Mexico,22,2003-06-17,Mexico,178,,R,8300000,2030-06-30,552240,available,75,Can Polish Skills,Unlikely,,,,,,320,CD Guadalajara,20,Liga MX Clausura,297,17,929,2,1,1.24,1.78,29,9,21,554,85.4,6.98,19,11,3,4,58,9,45,53,6,2,0,0,4,0,13,26,13,37,722,18,8,2,2026-06-05T02:00:00+00:00,2026-06-07T16:02:52Z
10483,Alexei Domínguez,451,Mexico,A,,MF,preliminary,0,0,CF Pachuca,Mexico,21,2005-01-03,Mexico,171,,R,4400000,2029-06-30,122720,available,70,Can Still Improve,Not Specifically,32,54,33,50,51,316,CF Pachuca,20,Liga MX Clausura,297,31,1604,2,4,1.92,1.86,28,8,23,459,74.9,6.71,30,19,9,8,65,9,91,106,15,19,0,3,0,0,21,47,38,29,810,19,0,0,,2026-06-07T16:02:52Z
10108,Alexis Gutiérrez,451,Mexico,A,,MF,preliminary,5,0,Club América,Mexico,26,2000-02-26,Mexico,173,,R,3900000,,122720,available,72,Can Polish Skills,Unlikely,42,57,38,51,58,307,Club América,20,Liga MX Clausura,297,37,1053,1,2,1.28,2.69,17,3,20,484,91.9,6.74,12,7,10,8,41,9,38,31,9,7,0,7,0,0,4,8,53,16,657,7,4,0,2026-02-26T02:00:00+00:00,2026-06-07T16:02:52Z
10047,Carlos Rodríguez,451,Mexico,A,,MF,preliminary,67,0,Cruz Azul,Mexico,29,1997-01-03,Mexico,172,,R,4600000,2029-12-31,1043120,available,76,Almost Reached,Unlikely,49,59,40,60,69,314,Cruz Azul,20,Liga MX Clausura,297,44,3310,8,6,3.26,7.82,44,16,103,1916,84.7,7.3,47,26,12,16,163,12,140,125,22,28,0,7,1,0,32,54,115,162,2482,29,17,0,2026-04-01T01:00:00+00:00,2026-06-07T16:02:52Z
10213,Diego Lainez,451,Mexico,A,,MF,preliminary,33,3,Tigres UANL,Mexico,25,2000-06-09,Mexico,168,,L,5900000,2027-06-30,674960,available,73,Can Polish Skills,Not Specifically,38,56,38,55,52,321,Tigres UANL,20,Liga MX Clausura,297,40,2869,6,7,3.2,6.33,50,20,66,1167,80.8,7.22,55,41,12,9,122,19,194,194,10,27,0,4,5,0,50,102,117,59,1865,44,4,0,2026-01-25T19:30:00+00:00,2026-06-07T16:02:52Z
10170,Efrain Alvarez,451,Mexico,A,,MF,preliminary,7,1,CD Guadalajara,Mexico,23,2002-06-19,Mexico,173,,L,5400000,,,available,,,,34,57,29,52,61,320,CD Guadalajara,20,Liga MX Clausura,297,40,2531,3,7,5.15,8.77,74,23,85,1443,83.5,7.18,22,15,7,3,130,16,103,118,9,10,0,7,0,0,38,85,203,181,2078,17,5,0,2026-02-26T02:00:00+00:00,2026-06-07T16:02:52Z
10482,Elías Montiel,451,Mexico,A,,MF,preliminary,0,0,CF Pachuca,Mexico,20,2005-10-07,Mexico,171,,R,4900000,,552240,available,73,Can Polish Skills,Unlikely,56,52,44,59,61,316,CF Pachuca,20,Liga MX Clausura,297,21,1518,2,4,1.51,1.9,27,12,29,721,87.0,7.04,24,11,12,8,78,10,55,59,4,12,0,3,0,0,13,28,30,45,951,12,0,0,,2026-06-07T16:02:52Z
10109,Erick Sánchez,451,Mexico,A,,MF,preliminary,38,3,Club América,Mexico,26,1999-09-27,Mexico,167,,R,5700000,2028-06-30,1349920,available,75,Can Polish Skills,Unlikely,56,55,50,59,61,307,Club América,20,Liga MX Clausura,297,32,2044,3,0,3.87,2.19,54,17,27,929,88.4,7.0,31,22,11,18,85,17,88,64,13,14,0,7,0,0,9,20,16,42,1232,15,6,0,2026-04-01T01:00:00+00:00,2026-06-07T16:02:52Z
10451,Isaías Violante,451,Mexico,A,,MF,preliminary,1,0,Club América,Mexico,22,2003-10-20,Mexico,173,,L,5500000,2028-06-30,184080,available,68,Can Polish Skills,Not Specifically,37,54,38,45,52,307,Club América,20,Liga MX Clausura,297,28,853,2,4,1.87,1.12,25,6,14,295,80.7,6.64,19,12,2,7,25,5,44,41,8,8,0,7,2,0,4,18,53,16,497,8,1,0,2026-05-23T02:00:00+00:00,2026-06-07T16:02:52Z
10046,Jeremy Márquez,451,Mexico,A,,MF,preliminary,0,0,Cruz Azul,Mexico,25,2000-06-21,Mexico,177,,R,5700000,2029-06-30,552240,available,72,Can Polish Skills,Unlikely,50,51,50,53,54,314,Cruz Azul,20,Liga MX Clausura,297,43,2328,6,1,2.84,2.77,40,16,25,1073,86.7,6.91,43,26,37,26,144,12,126,101,15,11,0,6,2,0,15,33,35,67,1538,30,0,0,,2026-06-07T16:02:52Z
10093,Jesús Ricardo Angulo,451,Mexico,A,,MF,preliminary,3,1,CD Toluca,Mexico,29,1997-02-20,Mexico,172,,L,5200000,2027-06-30,736320,available,74,Can Polish Skills,Unlikely,40,59,31,50,61,310,CD Toluca,20,Liga MX Clausura,297,41,2501,7,5,6.23,5.9,55,18,79,1098,86.5,6.9,25,18,8,7,93,15,76,104,4,13,0,4,1,0,20,57,76,61,1535,13,0,0,,2026-06-07T16:02:52Z
10018,Jordan Carrillo,451,Mexico,A,,MF,preliminary,2,0,Pumas UNAM,Mexico,24,2001-11-30,Mexico,168,,R,2900000,,,available,,,,27,53,35,61,53,313,Pumas UNAM,20,Liga MX Clausura,297,23,1501,6,3,2.75,1.75,33,12,24,502,85.5,7.15,34,18,6,13,77,14,116,104,12,20,0,9,2,0,25,45,60,36,869,24,0,0,,2026-06-07T16:02:52Z
10070,Jorge Ruvalcaba,451,Mexico,A,,MF,preliminary,1,0,New York Red Bulls,USA,24,2001-07-23,Mexico,180,,R,4800000,2030-06-30,920400,available,74,Can Still Improve,Not Specifically,29,51,32,52,52,281,New York Red Bulls,18,MLS,158,15,1141,7,0,3.81,1.85,38,15,15,360,85.0,7.05,8,4,4,5,29,14,22,37,0,1,0,9,4,0,9,20,16,20,507,10,0,0,,2026-06-07T16:02:52Z
10293,Kevin Castañeda,451,Mexico,A,,MF,preliminary,3,0,Club Tijuana,Mexico,26,1999-10-28,Mexico,171,,R,6200000,,306800,available,72,Can Polish Skills,Unlikely,42,59,35,59,60,308,Club Tijuana,20,Liga MX Clausura,297,37,2805,13,7,10.98,5.4,92,37,70,1158,81.7,7.3,30,23,16,16,136,20,111,92,5,9,0,0,3,0,19,36,160,152,1720,19,4,0,2026-05-31T02:00:00+00:00,2026-06-07T16:02:52Z
10087,Marcel Ruíz,451,Mexico,A,,MF,preliminary,17,0,CD Toluca,Mexico,25,2000-10-26,Mexico,182,,R,10600000,2027-06-30,1165840,available,77,Almost Reached,Unlikely,58,52,61,57,56,310,CD Toluca,20,Liga MX Clausura,297,34,2651,3,4,4.73,4.54,57,16,51,1755,86.2,7.32,80,47,26,39,158,15,219,133,33,31,0,3,3,1,22,40,13,163,2276,34,9,0,2026-02-26T02:00:00+00:00,2026-06-07T16:02:52Z
4241,Achraf Hakimi,464,Morocco,C,2,DF,official,95,11,Paris Saint-Germain,France,27,1998-11-04,Morocco,181,,R,82000000,2029-06-30,14849120,available,86,Almost Reached,Unlikely,54,50,60,51,60,114,Paris Saint-Germain,6,Ligue 1,317,32,2528,3,8,3.41,3.76,46,16,46,2153,90.4,6.78,40,26,19,25,133,13,95,107,11,8,0,5,2,1,15,51,65,82,2717,19,19,1,2026-03-31T18:00:00+00:00,2026-06-07T16:02:52Z
1799,Noussair Mazraoui,464,Morocco,C,3,DF,official,44,2,Manchester United,England,28,1997-11-14,Morocco,183,,R,19400000,2028-06-30,7363200,available,80,Almost Reached,Somewhat,52,49,70,63,59,17,Manchester United,1,Premier League,337,26,1022,0,0,0.19,0.34,5,0,7,542,87.3,6.89,28,16,13,54,45,3,68,40,18,14,0,5,2,0,8,15,13,41,795,12,13,0,2026-06-02T17:00:00+00:00,2026-06-07T16:02:52Z
1925,Nayef Aguerd,464,Morocco,C,5,DF,official,64,2,Olympique de Marseille,France,30,1996-03-30,Morocco,188,,L,15900000,2030-06-30,,available,,,,64,37,74,47,44,98,Olympique de Marseille,6,Ligue 1,317,24,1939,1,0,1.51,0.35,12,1,3,1725,92.3,7.06,34,23,36,101,106,5,91,64,49,28,0,0,2,0,1,3,2,107,2004,27,18,1,2026-01-14T20:00:00+00:00,2026-06-07T16:02:52Z
3122,Zakaria El Ouahdi,464,Morocco,C,13,DF,official,2,0,KRC Genk,Belgium,24,2001-12-31,Morocco,172,,R,16300000,2028-06-30,429520,available,75,Almost Reached,Unlikely,49,43,59,45,53,146,KRC Genk,14,Pro League,338,45,3824,12,5,5.86,5.76,88,30,61,1775,86.4,7.18,63,42,40,124,211,28,192,188,28,40,0,3,4,0,51,91,101,174,2887,30,2,0,2026-03-31T18:00:00+00:00,2026-06-07T16:02:52Z
4377,Issa Diop,464,Morocco,C,14,DF,official,3,0,Fulham,England,29,1997-01-09,Morocco,194,,R,10300000,2027-06-30,3988400,available,74,Almost Reached,Unlikely,63,38,73,44,41,6,Fulham,1,Premier League,337,31,1277,1,0,1.72,0.05,4,2,0,897,91.1,6.74,8,6,13,59,36,1,44,31,29,16,0,5,2,0,1,1,1,63,1040,12,3,0,2026-06-02T17:00:00+00:00,2026-06-07T16:02:52Z
8593,Chadi Riad,464,Morocco,C,18,DF,official,5,1,Crystal Palace,England,23,2003-03-17,Morocco,186,,L,11600000,2029-06-30,2454400,available,74,Can Still Improve,Not Specifically,54,34,76,38,32,14,Crystal Palace,1,Premier League,337,17,554,0,1,0.32,0.13,4,2,1,367,86.1,6.56,8,4,4,27,32,0,25,30,13,16,0,15,2,0,1,1,6,41,455,5,8,1,2026-06-02T17:00:00+00:00,2026-06-07T16:02:52Z
14679,Youssef Belammari,464,Morocco,C,19,DF,official,18,0,Al Ahly FC,Egypt,27,1998-09-20,Morocco,183,,L,1500000,2029-06-30,,available,,,,49,40,61,56,47,589,Al Ahly FC,29,CAF Champions League,229,3,195,0,0,0.03,0.22,1,0,3,140,90.7,6.7,3,3,0,4,5,0,9,3,6,1,0,0,1,0,0,1,6,10,180,1,9,0,2026-06-02T17:00:00+00:00,2026-06-07T16:02:52Z
7757,Redouane Halhal,464,Morocco,C,25,DF,official,2,0,KV Mechelen,Belgium,23,2003-03-05,Morocco,187,,R,2900000,2027-06-30,49517,available,60,Much Room to Grow,Not Specifically,54,35,69,42,38,237,KV Mechelen,14,Pro League,338,33,2849,1,2,0.96,1.08,12,4,7,1767,91.3,6.82,48,35,48,188,132,1,164,118,67,41,0,14,7,0,4,10,5,141,2322,53,3,0,2026-06-02T17:00:00+00:00,2026-06-07T16:02:52Z
3506,Anass Salah-Eddine,464,Morocco,C,26,DF,official,9,0,PSV Eindhoven,Netherlands,24,2002-01-18,Morocco,179,,L,11100000,2026-06-30,1227200,available,72,Can Polish Skills,Not Specifically,45,46,56,52,54,115,PSV Eindhoven,10,Eredivisie,279,27,1427,0,0,0.54,1.66,7,0,9,750,87.5,6.68,42,31,11,24,87,5,90,64,15,14,0,2,1,1,13,21,20,42,1086,20,9,0,2026-06-02T17:00:00+00:00,2026-06-07T16:02:52Z
15371,Soufiane Rahimi,464,Morocco,C,9,FW,official,36,12,Al-Ain,,30,1996-06-02,Morocco,180,,R,6200000,2028-06-30,4356560,available,75,Unlikely to Improve,Unlikely,54,67,39,56,55,2356,Al-Ain,30,Africa Cup of Nations 2023,211,6,83,0,0,,,,,,,,6.3,,,,,,,,,,,,,,,,,,,,,13,2,2026-06-02T17:00:00+00:00,2026-06-07T16:02:52Z
598,Brahim Díaz,464,Morocco,C,10,FW,official,25,13,Real Madrid,Spain,26,1999-08-03,Morocco,170,,B,37000000,2027-06-30,7424560,available,83,Can Polish Skills,Unlikely,42,62,26,62,70,57,Real Madrid,3,La Liga,294,48,1711,2,7,2.68,3.33,26,16,40,689,90.7,6.73,23,16,2,6,76,4,101,115,4,13,0,4,1,0,28,58,24,17,1037,27,16,6,2026-06-02T17:00:00+00:00,2026-06-07T16:02:52Z
1577,Abdessamad Ezzalzouli,464,Morocco,C,17,FW,official,36,2,Real Betis,Spain,24,2001-12-17,Morocco,177,,R,32000000,2029-06-30,1165840,available,75,Can Polish Skills,Unlikely,41,66,30,68,58,56,Real Betis,3,La Liga,294,43,3170,15,10,12.45,4.83,103,38,52,1136,79.6,7.27,69,41,23,17,161,29,258,251,44,55,0,7,3,0,53,123,80,31,1981,35,17,0,2026-06-02T17:00:00+00:00,2026-06-07T16:02:52Z
3486,Ayoub El Kaabi,464,Morocco,C,20,FW,official,71,37,Olympiacos FC,Greece,32,1993-06-25,Morocco,182,,L,5400000,2028-06-30,,available,,,,49,62,33,51,50,118,Olympiacos FC,24,Stoiximan Super League,364,38,2831,20,3,21.84,1.85,115,55,32,589,70.5,6.71,6,5,3,16,52,21,114,214,89,150,0,5,1,0,10,22,9,13,914,29,19,8,2026-06-02T17:00:00+00:00,2026-06-07T16:02:52Z
8503,Ayoube Amaimouni Echghouyab,464,Morocco,C,21,FW,official,1,0,Eintracht Frankfurt,Germany,21,2004-11-30,Morocco,178,,L,10900000,2031-06-30,1227200,available,74,Can Polish Skills,Unlikely,29,72,21,85,55,87,Eintracht Frankfurt,5,Bundesliga,228,19,595,2,3,0.51,0.38,12,7,6,126,77.8,6.69,6,4,3,10,21,1,36,55,0,7,0,8,1,0,20,36,31,8,319,8,1,0,2026-06-02T17:00:00+00:00,2026-06-07T16:02:52Z
7990,Bono,464,Morocco,C,1,GK,official,89,0,Al-Hilal,Saudi Arabia,35,1991-04-05,Morocco,195,,L,3400000,2028-06-30,,available,,,,68,,,,,262,Al-Hilal,17,Saudi Pro League,339,26,2340,0,0,,0.02,0,0,0,530,85.8,6.93,1,0,0,19,165,0,6,0,5,0,46,20,0,0,0,0,0,160,702,0,20,0,2026-03-31T18:00:00+00:00,2026-06-07T16:02:52Z
15369,Munir El Kajoui,464,Morocco,C,12,GK,official,53,0,RS Berkane,Morocco,37,1989-05-10,Morocco,190,,R,770000,2026-06-30,736320,available,75,Unlikely to Improve,Not Specifically,,,,,,594,RS Berkane,29,CAF Champions League,229,7,630,0,0,0.0,0.0,0,0,0,149,85.9,6.7,0,0,2,3,42,0,1,0,1,0,5,4,1,0,0,0,0,42,172,0,19,0,2026-06-02T17:00:00+00:00,2026-06-07T16:02:52Z
14734,Ahmed Reda Tagnaouti,464,Morocco,C,22,GK,official,3,0,AS FAR Rabat,Morocco,30,1996-04-05,Morocco,192,,R,870000,,,available,,,,56,,,,,586,AS FAR Rabat,29,CAF Champions League,229,28,2424,0,0,0.0,0.03,0,0,0,439,68.6,7.03,0,0,14,8,132,0,12,0,6,0,50,17,2,0,0,0,0,210,551,0,1,0,2026-06-02T17:00:00+00:00,2026-06-07T16:02:52Z
2985,Sofyan Amrabat,464,Morocco,C,4,MF,official,74,0,Real Betis,Spain,29,1996-08-21,Morocco,183,,R,11600000,2026-06-30,2638480,injured,79,Can Polish Skills,Not Specifically,66,49,54,56,57,56,Real Betis,3,La Liga,294,25,1613,1,0,0.29,0.74,10,2,10,1112,91.0,6.92,30,16,14,20,115,3,66,62,7,11,0,6,2,0,7,10,8,89,1312,26,17,0,2026-06-02T17:00:00+00:00,2026-06-07T16:02:52Z
1451,Ayyoub Bouaddi,464,Morocco,C,6,MF,official,3,0,Lille,France,18,2007-10-02,Morocco,185,,R,54000000,2029-06-30,1043120,available,75,Much Room to Grow,Very Unlikely,47,47,52,50,55,106,Lille,6,Ligue 1,317,45,3163,0,1,2.51,1.91,23,5,23,1424,85.7,6.72,82,48,35,44,207,11,205,153,37,26,0,3,4,1,42,70,26,71,2051,49,1,0,2026-06-02T17:00:00+00:00,2026-06-07T16:02:52Z
350,Chemsdine Talbi,464,Morocco,C,7,MF,official,5,0,Sunderland,England,21,2005-05-09,Morocco,175,,R,23000000,2030-06-30,2761200,available,77,Almost Reached,Not Specifically,45,55,41,50,61,7,Sunderland,1,Premier League,337,33,1710,4,1,2.25,0.96,28,12,14,437,81.2,6.62,12,7,3,19,66,5,33,64,1,13,0,2,0,0,17,39,54,28,699,5,11,0,2026-03-31T18:00:00+00:00,2026-06-07T16:02:52Z
1044,Azzedine Ounahi,464,Morocco,C,8,MF,official,48,9,Girona FC,Spain,26,2000-04-19,Morocco,182,,R,10300000,2030-06-30,2945280,available,79,Can Polish Skills,Not Specifically,48,56,38,60,62,39,Girona FC,3,La Liga,294,24,1766,5,2,3.37,4.4,51,19,36,908,85.7,7.24,23,14,16,9,80,16,158,150,6,5,0,7,2,0,68,132,41,47,1438,18,16,3,2026-06-02T17:00:00+00:00,2026-06-07T16:02:52Z
3511,Ismael Saibari,464,Morocco,C,11,MF,official,30,9,PSV Eindhoven,Netherlands,25,2001-01-28,Morocco,185,,R,44000000,2029-06-30,,available,,,,41,56,39,50,56,115,PSV Eindhoven,10,Eredivisie,279,34,2337,16,8,11.85,6.69,84,35,52,983,83.3,7.27,39,23,6,7,96,15,129,154,19,27,0,1,3,0,41,82,20,47,1499,34,20,6,2026-06-02T17:00:00+00:00,2026-06-07T16:02:52Z
1706,Samir El Mourabet,464,Morocco,C,15,MF,official,3,0,RC Strasbourg,France,20,2005-10-06,Morocco,186,,L,17500000,2030-06-30,4908,doubtful,60,Much Room to Grow,Unlikely,47,52,55,59,57,112,RC Strasbourg,6,Ligue 1,317,38,2484,1,2,0.38,2.4,14,1,29,1712,90.0,7.0,88,46,35,28,157,8,147,100,11,18,0,9,3,0,20,31,20,101,2140,25,3,0,2026-06-02T17:00:00+00:00,2026-06-07T16:02:52Z
8630,Gessime Yassine,464,Morocco,C,16,MF,official,5,0,RC Strasbourg,France,20,2005-11-22,Morocco,168,,L,10900000,2030-06-30,,available,,,,37,50,45,52,45,112,RC Strasbourg,6,Ligue 1,317,20,641,0,1,1.2,1.34,12,2,11,243,82.7,6.88,25,12,4,4,39,5,68,55,0,0,0,10,1,0,17,37,21,9,447,10,3,0,2026-06-02T17:00:00+00:00,2026-06-07T16:02:52Z
1619,Bilal El Khannouss,464,Morocco,C,23,MF,official,36,3,VfB Stuttgart,Germany,22,2004-05-10,Morocco,180,,R,32000000,2026-06-30,2454400,available,80,Can Polish Skills,Unlikely,36,55,37,56,62,84,VfB Stuttgart,8,Europa League,280,43,2583,9,7,5.31,7.33,75,28,68,1469,80.8,7.08,48,33,17,9,104,26,126,130,28,31,0,11,6,0,31,56,124,97,2012,30,21,2,2026-06-02T17:00:00+00:00,2026-06-07T16:02:52Z
1070,Neil El Aynaoui,464,Morocco,C,24,MF,official,15,2,AS Roma,Italy,24,2001-07-02,Morocco,186,,R,22000000,2030-06-30,2822560,available,76,Can Polish Skills,Not Specifically,39,51,43,52,47,65,AS Roma,4,Serie A,358,39,1708,2,2,1.88,1.35,13,6,18,972,90.8,6.81,45,27,34,26,92,2,100,99,23,24,0,2,3,0,14,28,23,43,1285,33,11,2,2026-03-31T18:00:00+00:00,2026-06-07T16:02:52Z
453,Jurriën Timber,469,Netherlands,F,2,DF,official,24,0,Arsenal,England,24,2001-06-17,Netherlands,179,,R,73000000,2028-06-30,6749600,doubtful,88,Almost Reached,Not Specifically,63,40,72,50,44,18,Arsenal,1,Premier League,337,45,3363,4,6,6.84,2.07,34,10,37,1467,85.3,6.88,87,50,34,69,137,5,191,148,45,31,0,1,4,0,24,51,56,70,2241,47,10,0,2025-11-17T19:45:00+00:00,2026-06-07T16:02:52Z
325,Virgil van Dijk,469,Netherlands,F,4,DF,official,91,12,Liverpool FC,England,34,1991-07-08,Netherlands,195,,R,18600000,2027-06-30,21476000,available,92,Unlikely to Improve,Very Unlikely,,,,,,1,Liverpool FC,1,Premier League,337,54,4851,8,3,5.9,1.81,50,19,19,3814,89.4,7.27,30,19,38,345,140,9,269,106,217,72,0,10,3,0,2,3,1,419,4442,36,23,3,2026-06-03T18:45:00+00:00,2026-06-07T16:02:52Z
857,Nathan Aké,469,Netherlands,F,5,DF,official,59,5,Manchester City,England,31,1995-02-18,Netherlands,180,,L,13700000,2027-06-30,10124400,available,82,Unlikely to Improve,Not Specifically,,,,,,12,Manchester City,1,Premier League,337,56,1664,0,0,1.56,0.62,15,3,12,1261,91.0,6.91,19,12,14,70,57,8,73,36,44,24,0,6,1,0,0,1,7,58,1488,5,19,0,2026-06-03T18:45:00+00:00,2026-06-07T16:02:52Z
484,Jan Paul van Hecke,469,Netherlands,F,6,DF,official,11,0,Brighton & Hove Albion,England,25,2000-06-08,Netherlands,189,,R,38000000,2027-06-30,3374800,available,85,Almost Reached,Very Unlikely,,,,,,5,Brighton & Hove Albion,1,Premier League,337,40,3321,3,3,3.58,1.77,24,10,13,2550,86.9,7.16,55,31,46,195,113,7,216,138,115,84,0,7,7,0,4,7,23,290,3088,27,16,0,2026-06-03T18:45:00+00:00,2026-06-07T16:02:52Z
483,Mats Wieffer,469,Netherlands,F,12,DF,official,15,1,Brighton & Hove Albion,England,26,1999-11-16,Netherlands,188,,R,24000000,2029-06-30,3374800,doubtful,79,Almost Reached,Unlikely,,,,,,5,Brighton & Hove Albion,1,Premier League,337,28,1946,2,3,1.91,1.68,19,6,19,893,83.9,6.73,68,44,26,71,106,5,142,147,44,46,0,6,4,0,9,21,17,76,1455,31,9,0,2026-06-03T18:45:00+00:00,2026-06-07T16:02:52Z
736,Micky van de Ven,469,Netherlands,F,15,DF,official,20,1,Tottenham Hotspur,England,25,2001-04-19,Netherlands,193,,L,63000000,2029-06-30,5215600,available,81,Can Polish Skills,Unlikely,,,,,,9,Tottenham Hotspur,1,Premier League,337,47,3763,6,1,2.83,0.5,20,9,8,2119,90.6,6.8,52,29,30,153,162,4,147,119,52,56,0,4,7,1,13,17,3,213,2588,42,19,1,2026-06-03T18:45:00+00:00,2026-06-07T16:02:52Z
3981,Denzel Dumfries,469,Netherlands,F,22,DF,official,71,11,Inter,Italy,30,1996-04-18,Netherlands,189,,R,26000000,2028-06-30,5215600,available,80,Unlikely to Improve,Unlikely,54,57,55,46,63,77,Inter,4,Serie A,358,30,1782,5,2,5.06,1.89,32,7,18,516,82.0,6.73,25,14,12,28,52,10,85,90,34,31,0,3,1,0,8,27,45,18,909,24,20,5,2026-03-31T18:45:00+00:00,2026-06-07T16:02:52Z
401,Jorrel Hato,469,Netherlands,F,25,DF,official,8,0,Chelsea,England,20,2006-03-07,Netherlands,182,,L,36000000,2032-06-30,6136000,available,77,Can Polish Skills,Very Unlikely,,,,,,13,Chelsea,1,Premier League,337,56,2265,2,1,1.36,1.09,15,5,17,1428,91.9,6.64,47,23,27,77,95,3,109,103,41,39,0,8,5,0,15,26,10,48,1854,26,11,0,2026-06-03T18:45:00+00:00,2026-06-07T16:02:52Z
3775,Wout Weghorst,469,Netherlands,F,9,FW,official,52,14,AFC Ajax,Netherlands,33,1992-08-07,Netherlands,197,,R,2100000,2026-06-30,2515760,available,80,Unlikely to Improve,Unlikely,,,,,,122,AFC Ajax,10,Eredivisie,279,34,1737,4,4,5.36,2.27,40,13,36,482,70.1,6.57,10,6,4,21,27,8,122,117,72,55,0,3,3,0,4,16,5,11,730,28,19,3,2026-06-03T18:45:00+00:00,2026-06-07T16:02:52Z
3940,Memphis Depay,469,Netherlands,F,10,FW,official,109,55,Corinthians,Brazil,32,1994-02-13,Netherlands,176,,R,7200000,2026-07-31,5583760,available,80,Unlikely to Improve,Somewhat,,,,,,167,Corinthians,32,Copa Libertadores,96,32,2058,7,3,7.32,4.32,58,22,43,739,79.8,6.88,8,3,2,2,57,19,76,137,9,22,0,2,1,0,20,62,81,50,1171,26,17,10,2026-06-03T18:45:00+00:00,2026-06-07T16:02:52Z
331,Cody Gakpo,469,Netherlands,F,11,FW,official,49,19,Liverpool FC,England,27,1999-05-07,Netherlands,193,,R,63000000,2030-06-30,10124400,available,82,Almost Reached,Unlikely,,,,,,1,Liverpool FC,1,Premier League,337,51,3511,9,6,11.47,7.33,110,32,77,984,80.2,6.89,35,19,14,26,111,43,202,217,65,65,0,10,3,0,43,93,120,30,1706,51,25,10,2026-06-03T18:45:00+00:00,2026-06-07T16:02:52Z
1092,Noa Lang,469,Netherlands,F,17,FW,official,15,3,Galatasaray,Türkiye,26,1999-06-17,Netherlands,173,,R,24000000,2026-06-30,4724720,available,82,Almost Reached,Somewhat,,,,,,125,Galatasaray,11,Trendyol Super Lig,380,19,958,2,3,2.17,3.32,20,9,24,445,82.2,7.03,8,7,4,4,37,6,36,48,4,4,0,7,2,0,15,32,65,31,657,7,13,1,2026-06-03T18:45:00+00:00,2026-06-07T16:02:52Z
515,Donyell Malen,469,Netherlands,F,18,FW,official,52,13,AS Roma,Italy,27,1999-01-19,Netherlands,176,,R,48000000,2030-06-30,7976800,available,79,Almost Reached,Not Specifically,,,,,,65,AS Roma,4,Serie A,358,20,1688,15,2,14.89,2.54,76,34,11,245,77.1,7.17,5,3,2,2,36,21,59,112,10,18,0,2,1,0,19,56,7,2,559,12,25,6,2026-06-03T18:45:00+00:00,2026-06-07T16:02:52Z
352,Brian Brobbey,469,Netherlands,F,19,FW,official,11,1,Sunderland,England,24,2002-02-01,Netherlands,180,,R,26000000,2029-06-30,3804320,available,79,Almost Reached,Not Specifically,,,,,,7,Sunderland,1,Premier League,337,35,1978,7,1,6.36,0.67,36,18,15,276,72.1,6.63,9,2,0,15,45,7,110,148,63,70,0,3,6,0,2,17,2,6,541,35,16,1,2026-06-03T18:45:00+00:00,2026-06-07T16:02:52Z
4092,Crysencio Summerville,469,Netherlands,F,24,FW,official,1,0,West Ham United,England,24,2001-10-30,Netherlands,174,,R,33000000,2029-06-30,3068000,available,75,Can Polish Skills,Very Unlikely,,,,,,8,West Ham United,1,Premier League,337,34,2713,7,3,6.53,3.34,62,19,31,718,83.4,7.13,50,32,17,30,138,25,187,180,7,17,0,8,4,0,58,119,65,18,1355,54,1,0,2026-06-03T18:45:00+00:00,2026-06-07T16:02:52Z
482,Bart Verbruggen,469,Netherlands,F,1,GK,official,28,0,Brighton & Hove Albion,England,23,2002-08-18,Netherlands,193,,R,37000000,2028-06-30,1534000,available,82,Can Polish Skills,Not Specifically,,,,,,5,Brighton & Hove Albion,1,Premier League,337,40,3420,0,0,,0.12,0,0,1,1543,75.9,7.06,1,1,0,32,334,0,15,5,11,1,106,50,1,0,1,1,0,578,1866,2,23,0,2026-06-03T18:45:00+00:00,2026-06-07T16:02:52Z
342,Robin Roefs,469,Netherlands,F,13,GK,official,1,0,Sunderland,England,23,2003-01-17,Netherlands,193,,L,26000000,2030-06-30,2147600,available,80,Almost Reached,Unlikely,,,,,,7,Sunderland,1,Premier League,337,37,3270,0,0,,0.15,0,0,4,1374,63.8,7.03,0,0,0,34,352,0,34,2,22,0,110,47,2,0,1,1,0,708,1759,0,7,0,2026-06-03T18:45:00+00:00,2026-06-07T16:02:52Z
2135,Mark Flekken,469,Netherlands,F,23,GK,official,11,0,Bayer 04 Leverkusen,Germany,32,1993-06-13,Netherlands,194,,B,6400000,2028-06-30,5092880,available,80,Unlikely to Improve,Unlikely,,,,,,85,Bayer 04 Leverkusen,7,Champions League,268,34,3060,0,0,,0.05,0,0,2,1035,73.0,7.03,1,0,0,23,299,0,16,3,9,0,121,53,1,0,2,3,0,421,1387,1,25,0,2026-06-03T18:45:00+00:00,2026-06-07T16:02:52Z
1303,Marten de Roon,469,Netherlands,F,3,MF,official,43,1,Atalanta,Italy,35,1991-03-29,Netherlands,185,,R,3100000,2026-06-30,1902160,available,83,Unlikely to Improve,Very Unlikely,,,,,,71,Atalanta,4,Serie A,358,51,3918,2,4,1.11,2.76,23,6,34,2672,85.5,6.96,103,57,40,92,164,5,185,172,67,59,0,8,5,0,4,9,20,270,3153,53,1,0,2026-06-03T18:45:00+00:00,2026-06-07T16:02:52Z
791,Justin Kluivert,469,Netherlands,F,7,MF,official,12,0,Bournemouth,England,27,1999-05-05,Netherlands,171,,R,29000000,2028-06-30,5522400,available,82,Almost Reached,Not Specifically,,,,,,2,Bournemouth,1,Premier League,337,22,1017,2,0,1.99,1.55,17,4,22,362,82.0,6.56,10,6,4,3,47,6,40,80,6,22,0,2,2,0,11,27,43,19,556,19,14,0,2026-06-03T18:45:00+00:00,2026-06-07T16:02:52Z
327,Ryan Gravenberch,469,Netherlands,F,8,MF,official,26,1,Liverpool FC,England,24,2002-05-16,Netherlands,190,,R,98000000,2032-06-30,12272000,available,83,Can Polish Skills,Unlikely,,,,,,1,Liverpool FC,1,Premier League,337,51,4131,6,6,2.56,3.5,52,18,41,2492,88.6,7.02,75,43,72,62,193,17,207,169,34,26,0,10,4,0,36,69,10,109,3168,50,23,0,2026-06-03T18:45:00+00:00,2026-06-07T16:02:52Z
850,Tijjani Reijnders,469,Netherlands,F,14,MF,official,31,7,Manchester City,England,27,1998-07-29,Netherlands,185,,R,58000000,2030-06-30,10124400,available,82,Almost Reached,Unlikely,,,,,,12,Manchester City,1,Premier League,337,59,2724,6,6,8.17,2.95,89,28,42,1385,90.4,6.79,18,9,18,26,93,24,77,108,7,8,0,7,0,0,33,64,71,45,1859,28,25,6,2026-06-03T18:45:00+00:00,2026-06-07T16:02:52Z
3512,Guus Til,469,Netherlands,F,16,MF,official,6,1,PSV Eindhoven,Netherlands,28,1997-12-22,Netherlands,183,,R,15500000,2028-06-30,1595360,available,80,Almost Reached,Very Unlikely,,,,,,115,PSV Eindhoven,10,Eredivisie,279,37,2772,16,7,10.61,4.67,67,29,51,775,83.4,6.88,32,14,8,26,66,15,93,129,36,40,0,4,3,0,3,22,35,9,1159,33,3,0,2026-06-03T18:45:00+00:00,2026-06-07T16:02:52Z
2178,Teun Koopmeiners,469,Netherlands,F,20,MF,official,28,3,Juventus,Italy,28,1998-02-28,Netherlands,183,,L,13200000,2029-06-30,5890560,available,78,Can Polish Skills,Unlikely,,,,,,73,Juventus,4,Serie A,358,49,2685,2,1,3.29,2.43,37,11,23,1616,89.9,6.79,47,20,24,53,110,14,110,117,39,31,0,5,1,0,7,15,62,110,2034,48,10,1,2026-06-03T18:45:00+00:00,2026-06-07T16:02:52Z
3662,Frenkie de Jong,469,Netherlands,F,21,MF,official,65,2,FC Barcelona,Spain,29,1997-05-12,Netherlands,180,,R,42000000,2029-06-30,12701520,available,86,Can Polish Skills,Not Specifically,,,,,,44,FC Barcelona,3,La Liga,294,37,2421,1,8,1.29,4.32,8,2,50,2195,94.2,7.21,59,27,25,21,138,3,124,69,15,13,0,4,3,0,10,13,11,89,2477,23,11,0,2026-06-03T18:45:00+00:00,2026-06-07T16:02:52Z
3373,Quinten Timber,469,Netherlands,F,26,MF,official,11,1,Olympique de Marseille,France,24,2001-06-17,Netherlands,177,,R,24000000,2030-06-30,3068000,available,77,Almost Reached,Not Specifically,,,,,,98,Olympique de Marseille,6,Ligue 1,317,16,1181,0,0,1.07,1.07,10,2,8,513,86.0,6.63,32,17,9,5,49,3,72,65,2,2,0,5,4,0,17,33,7,15,739,15,13,1,2026-06-03T18:45:00+00:00,2026-06-07T16:02:52Z
55974,Tim Payne,482,New Zealand,G,2,DF,official,51,3,Wellington Phoenix,,32,1994-01-10,New Zealand,179,,R,340000,2028-06-30,42952,available,,Almost Reached,Very Unlikely,,,,,,2387,Wellington Phoenix,31,International Friendly Games,133,2,62,0,0,,,,,,,,6.4,,,,,,,,,,,,,,,,,,,,,5,0,2026-06-06T20:00:00+00:00,2026-06-07T16:02:52Z
55976,Francis De Vries,482,New Zealand,G,3,DF,official,20,1,Auckland FC,,31,1994-11-28,New Zealand,181,,L,630000,2029-06-30,,available,,,,,,,,,2388,Auckland FC,31,International Friendly Games,133,2,12,0,0,,,,,,,,6.6,,,,,,,,,,,,,,,,,,,,,6,0,2026-06-06T20:00:00+00:00,2026-06-07T16:02:52Z
6069,Tyler Bindon,482,New Zealand,G,4,DF,official,25,3,Sheffield United,England,21,2005-01-27,New Zealand,188,,R,1500000,2026-06-30,1104480,available,72,Can Polish Skills,Unlikely,,,,,,219,Sheffield United,12,Championship,243,39,1973,1,0,1.48,0.34,14,3,5,1251,86.3,6.94,32,24,32,173,90,3,134,71,85,45,0,0,1,0,3,4,4,148,1623,18,7,0,2026-06-06T20:00:00+00:00,2026-06-07T16:02:52Z
9105,Michael Boxall,482,New Zealand,G,5,DF,official,63,1,Minnesota United,USA,37,1988-08-18,New Zealand,188,,R,155000,2026-12-31,,available,,,,,,,,,291,Minnesota United,18,MLS,159,44,3406,1,1,0.83,1.91,5,1,16,1177,89.1,6.97,27,16,30,235,84,3,127,84,68,33,0,8,0,0,4,8,16,97,1898,42,7,0,2026-06-06T20:00:00+00:00,2026-06-07T16:02:52Z
6946,Liberato Cacace,482,New Zealand,G,13,DF,official,37,1,Wrexham,Wales,25,2000-09-27,New Zealand,184,,L,2300000,2028-06-30,1534000,available,74,Almost Reached,Not Specifically,,,,,,206,Wrexham,12,Championship,243,20,787,1,0,0.3,0.72,8,2,8,251,73.3,6.74,8,5,9,14,43,3,28,46,3,7,0,5,0,0,5,20,32,25,467,9,7,0,2026-06-06T20:00:00+00:00,2026-06-07T16:02:52Z
55981,Nando Pijnaker,482,New Zealand,G,15,DF,official,25,0,Auckland FC,,27,1999-02-25,New Zealand,192,,L,410000,2027-06-30,,available,,,,,,,,,2388,Auckland FC,31,International Friendly Games,133,2,10,0,0,,,,,,,,6.6,,,,,,,,,,,,,,,,,,,,,7,0,2026-06-06T20:00:00+00:00,2026-06-07T16:02:52Z
9220,Finn Surman,482,New Zealand,G,16,DF,official,19,2,Portland Timbers,USA,22,2003-09-23,New Zealand,190,,R,1600000,2026-12-31,,available,,,,,,,,,294,Portland Timbers,18,MLS,159,50,4296,0,1,1.67,0.5,15,4,10,2464,91.2,7.04,67,38,61,339,140,3,187,102,99,59,0,10,1,0,1,4,2,163,3171,22,4,0,2026-06-06T20:00:00+00:00,2026-06-07T16:02:52Z
59660,Callan Elliot,482,New Zealand,G,24,DF,official,11,0,Auckland FC,,26,1999-07-07,New Zealand,175,,R,405000,2027-06-30,,available,,,,,,,,,2388,Auckland FC,31,International Friendly Games,133,2,10,0,0,,,,,,,,6.7,,,,,,,,,,,,,,,,,,,,,2,0,2026-06-06T20:00:00+00:00,2026-06-07T16:02:52Z
43059,Tommy Smith,482,New Zealand,G,26,DF,official,56,2,Braintree Town,England,36,1990-03-31,New Zealand,186,,L,110000,,122720,available,69,Unlikely to Improve,Unlikely,,,,,,1894,Braintree Town,31,International Friendly Games,133,1,22,0,0,,,0,0,0,7,57.1,6.8,0,0,1,0,0,0,0,1,0,0,0,0,0,0,0,0,0,5,10,1,7,0,2026-06-06T20:00:00+00:00,2026-06-07T16:02:52Z
4472,Chris Wood,482,New Zealand,G,9,FW,official,90,45,Nottingham Forest,England,34,1991-12-07,New Zealand,191,,R,6300000,2027-06-30,,available,,,,,,,,,15,Nottingham Forest,1,Premier League,337,21,1143,5,0,6.52,0.65,27,12,6,202,67.3,6.65,1,1,1,14,14,0,46,66,37,49,0,10,0,0,1,2,1,2,307,8,7,0,2026-06-06T20:00:00+00:00,2026-06-07T16:02:52Z
55977,Kosta Barbarouses,482,New Zealand,G,17,FW,official,76,10,Western Sydney Wanderers,,36,1990-02-19,New Zealand,171,,B,305000,2026-06-30,,available,,,,,,,,,2386,Western Sydney Wanderers,31,International Friendly Games,133,2,12,0,0,,,,,,,,6.4,,,,,,,,,,,,,,,,,,,,,6,0,2026-06-06T20:00:00+00:00,2026-06-07T16:02:52Z
33693,Ben Waine,482,New Zealand,G,18,FW,official,31,9,Port Vale,England,24,2001-11-06,New Zealand,179,,R,535000,2027-06-30,,available,,,,,,,,,1417,Port Vale,31,International Friendly Games,133,8,441,2,0,1.0,,10,6,1,47,61.7,6.88,3,2,1,8,11,2,20,37,8,9,0,0,1,0,4,9,5,2,123,10,7,0,2026-06-06T20:00:00+00:00,2026-06-07T16:02:52Z
55983,Jesse Randall,482,New Zealand,G,21,FW,official,11,2,Auckland FC,,23,2002-08-19,New Zealand,176,,R,930000,2028-06-30,,available,,,,,,,,,2388,Auckland FC,31,International Friendly Games,133,2,29,0,0,,,,,,,,6.8,,,,,,,,,,,,,,,,,,,,,4,0,2026-06-06T20:00:00+00:00,2026-06-07T16:02:52Z
6460,Max Crocombe,482,New Zealand,G,1,GK,official,24,0,Millwall,England,32,1993-08-12,New Zealand,193,,R,1000000,,,available,,,,,,,,,210,Millwall,12,Championship,243,50,1980,0,0,,0.03,0,0,1,620,42.6,7.12,2,2,0,22,182,0,14,0,9,0,73,52,0,0,0,0,0,488,822,0,7,0,2026-06-06T20:00:00+00:00,2026-06-07T16:02:52Z
13806,Alex Paulsen,482,New Zealand,G,12,GK,official,8,0,KS Lechia Gdańsk,Poland,23,2002-07-04,New Zealand,184,,R,780000,2026-06-30,613600,available,72,Can Polish Skills,Very Unlikely,,,,,,430,KS Lechia Gdańsk,25,Ekstraklasa,271,28,2460,0,0,,0.08,0,0,0,540,62.4,6.7,1,1,1,18,197,0,18,0,8,0,64,46,1,0,3,3,0,306,766,0,7,0,2026-06-06T20:00:00+00:00,2026-06-07T16:02:52Z
59659,Michael Woud,482,New Zealand,G,22,GK,official,6,0,Auckland FC,,27,1999-01-16,New Zealand,196,,R,380000,2027-06-30,122720,available,66,Can Still Improve,Somewhat,,,,,,2388,Auckland FC,31,International Friendly Games,133,2,0,0,0,,,,,,,,,,,,,,,,,,,,,,,,,,,,,2,0,2026-06-06T20:00:00+00:00,2026-06-07T16:02:52Z
50286,Joe Bell,482,New Zealand,G,6,MF,official,32,1,Viking FK,Norway,27,1999-04-27,New Zealand,182,,R,3600000,2027-12-31,184080,injured,74,Almost Reached,Very Unlikely,,,,,,2076,Viking FK,31,International Friendly Games,133,7,520,0,1,0.39,1.44,7,1,4,265,87.5,7.0,12,5,4,9,25,3,21,18,4,3,0,6,0,0,0,2,3,23,345,2,5,0,2026-06-06T20:00:00+00:00,2026-06-07T16:02:52Z
28863,Matthew Garbett,482,New Zealand,G,7,MF,official,37,5,Peterborough United,England,24,2002-04-13,New Zealand,188,,R,440000,2027-06-30,245440,available,69,Can Polish Skills,Unlikely,,,,,,1254,Peterborough United,31,International Friendly Games,133,1,66,0,0,0.05,,1,0,0,12,83.3,6.7,0,0,0,2,2,0,1,4,0,0,0,0,1,0,0,1,0,2,22,1,6,0,2026-06-06T20:00:00+00:00,2026-06-07T16:02:52Z
6528,Marko Stamenić,482,New Zealand,G,8,MF,official,39,3,Swansea City,Wales,24,2002-02-19,New Zealand,188,,R,3100000,2029-06-30,920400,available,71,Can Polish Skills,Unlikely,,,,,,208,Swansea City,12,Championship,243,40,2568,3,3,2.33,0.97,25,9,11,1468,85.8,6.77,55,32,47,55,112,9,115,129,36,44,0,2,7,0,8,18,6,134,1823,54,7,0,2026-06-06T20:00:00+00:00,2026-06-07T16:02:52Z
55975,Sarpreet Singh,482,New Zealand,G,10,MF,official,28,3,Wellington Phoenix,,27,1999-02-20,New Zealand,172,,L,485000,2026-06-30,56021,available,69,Can Polish Skills,Not Specifically,,,,,,2387,Wellington Phoenix,31,International Friendly Games,133,2,84,0,0,,,,,,,,6.0,,,,,,,,,,,,,,,,,,,,,6,0,2026-06-06T20:00:00+00:00,2026-06-07T16:02:52Z
5955,Elijah Just,482,New Zealand,G,11,MF,official,44,9,Motherwell,Scotland,26,2000-05-01,New Zealand,174,,L,2700000,2027-05-31,,available,,,,,,,,,225,Motherwell,13,Scottish Premiership,345,36,2510,7,7,6.22,2.9,70,23,48,1073,78.5,7.1,50,31,18,18,126,24,167,180,21,34,0,7,4,0,41,92,53,63,1686,44,7,0,2026-06-06T20:00:00+00:00,2026-06-07T16:02:52Z
55978,Alex Rufer,482,New Zealand,G,14,MF,official,26,0,Wellington Phoenix,,29,1996-06-12,New Zealand,184,,R,655000,2026-06-30,,available,,,,,,,,,2387,Wellington Phoenix,31,International Friendly Games,133,2,45,0,0,,,,,,,,6.5,,,,,,,,,,,,,,,,,,,,,7,0,2026-06-06T20:00:00+00:00,2026-06-07T16:02:52Z
29212,Benjamin Old,482,New Zealand,G,19,MF,official,23,2,Saint-Étienne,France,23,2002-08-13,New Zealand,172,,L,1900000,2028-06-30,245440,available,70,Can Still Improve,Unlikely,,,,,,1300,Saint-Étienne,6,Ligue 1,317,3,180,0,0,0.76,,0,0,2,145,91.0,6.65,2,1,0,4,15,0,7,5,0,0,0,4,1,0,1,2,2,9,188,1,2,0,2026-06-06T20:00:00+00:00,2026-06-07T16:02:52Z
29409,Callum McCowatt,482,New Zealand,G,20,MF,official,32,4,Silkeborg IF,Denmark,27,1999-04-30,New Zealand,178,,R,2700000,2027-12-31,,available,,,,,,,,,1374,Silkeborg IF,31,International Friendly Games,133,1,11,0,0,,,,,,,,6.3,,,,,,,,,,,,,,,,,,,,,5,0,2026-06-06T20:00:00+00:00,2026-06-07T16:02:52Z
5330,Ryan Thomas,482,New Zealand,G,23,MF,official,25,3,PEC Zwolle,Netherlands,31,1994-12-20,New Zealand,174,,R,670000,2028-06-30,122720,available,72,Unlikely to Improve,Extremely,47,48,56,47,46,177,PEC Zwolle,10,Eredivisie,279,29,1677,1,1,0.42,1.95,10,2,12,778,79.8,7.13,55,38,37,84,101,4,122,94,29,19,0,0,5,0,15,27,9,95,1158,30,0,0,,2026-06-07T16:02:52Z
59661,Lachlan Bayliss,482,New Zealand,G,25,MF,official,4,0,Newcastle Jets,,23,2002-07-24,New Zealand,179,,R,505000,2026-06-30,,available,,,,,,,,,2389,Newcastle Jets,31,International Friendly Games,133,2,11,0,0,,,,,,,,6.8,,,,,,,,,,,,,,,,,,,,,2,0,2026-06-06T20:00:00+00:00,2026-06-07T16:02:52Z
464,Kristoffer Ajer,488,Norway,I,3,DF,official,51,2,Brentford,England,28,1998-04-17,Norway,196,,R,19500000,2030-06-30,3374800,available,78,Can Polish Skills,Somewhat,44,37,63,42,43,16,Brentford,1,Premier League,337,43,2149,0,2,0.87,0.71,12,4,8,858,80.9,6.65,42,27,18,132,72,2,120,101,69,49,0,8,4,0,4,15,9,100,1230,25,13,1,2026-06-01T17:00:00+00:00,2026-06-07T16:02:52Z
2590,Leo Østigård,488,Norway,I,4,DF,official,37,1,Stade Rennais,France,26,1999-11-28,Norway,182,,R,14300000,2030-06-30,1411280,available,78,Almost Reached,Unlikely,59,38,76,45,40,97,Stade Rennais,4,Serie A,358,32,2579,5,1,,,,,,,,7.18,,,,,,,,,,,,,,,,,,,,,14,0,2026-06-01T17:00:00+00:00,2026-06-07T16:02:52Z
529,David Møller Wolfe,488,Norway,I,5,DF,official,21,1,Wolverhampton,England,24,2002-04-23,Norway,185,,L,9200000,2030-06-30,3068000,available,78,Can Polish Skills,Unlikely,38,38,59,43,44,11,Wolverhampton,1,Premier League,337,43,1339,2,3,0.48,1.05,5,2,12,345,73.3,6.75,20,11,9,40,38,2,46,37,14,9,0,7,0,0,4,11,44,37,632,14,15,1,2026-06-01T17:00:00+00:00,2026-06-07T16:02:52Z
3671,Fredrik André Bjørkan,488,Norway,I,15,DF,official,20,1,Bodø/Glimt,Norway,27,1998-08-21,Norway,180,,L,3700000,2029-07-31,306800,available,76,Almost Reached,Unlikely,49,43,63,57,52,121,Bodø/Glimt,7,Champions League,268,22,1726,1,3,1.36,3.78,10,2,17,1213,85.8,6.91,38,25,16,45,79,5,98,98,13,14,0,9,0,0,24,42,33,77,1680,26,8,0,2026-06-01T17:00:00+00:00,2026-06-07T16:02:52Z
1838,Marcus Pedersen,488,Norway,I,16,DF,official,32,0,Torino,Italy,25,2000-07-16,Norway,178,,R,3300000,2027-06-30,,available,,,,39,43,60,51,53,78,Torino,4,Serie A,358,36,2341,1,2,1.81,1.94,17,4,22,617,77.6,6.58,26,16,12,27,63,5,49,102,7,25,0,5,1,0,10,25,118,68,1156,34,17,0,2026-06-01T17:00:00+00:00,2026-06-07T16:02:52Z
957,Torbjørn Heggem,488,Norway,I,17,DF,official,14,0,Bologna,Italy,27,1999-01-12,Norway,192,,L,12200000,2029-06-30,1043120,available,76,Almost Reached,Unlikely,55,38,65,47,43,66,Bologna,4,Serie A,358,48,2694,0,0,1.4,0.21,16,3,6,1573,92.1,6.69,46,28,30,126,127,5,118,108,49,50,0,7,0,1,9,13,2,164,1922,40,15,0,2026-06-01T17:00:00+00:00,2026-06-07T16:02:52Z
6222,Sondre Langås,488,Norway,I,24,DF,official,3,0,Derby County,England,25,2001-02-02,Norway,190,,R,3600000,2029-06-30,613600,available,75,Can Polish Skills,Unlikely,46,34,63,44,37,216,Derby County,12,Championship,243,27,2058,3,1,2.46,0.27,18,7,7,740,79.1,6.7,33,22,32,134,63,2,107,82,61,50,0,4,3,0,2,4,3,111,1176,15,10,0,2026-06-01T17:00:00+00:00,2026-06-07T16:02:52Z
16898,Henrik Sælebakke Falchener,488,Norway,I,25,DF,official,1,0,Viking FK,Norway,23,2003-05-08,Norway,195,,R,6400000,2029-12-31,122720,available,72,Can Polish Skills,Somewhat,50,35,57,45,41,2076,Viking FK,31,International Friendly Games,133,10,855,2,1,1.24,0.34,8,3,3,620,88.2,7.37,18,10,10,70,38,0,72,30,48,16,0,10,2,0,0,1,0,49,769,11,3,0,2026-06-01T17:00:00+00:00,2026-06-07T16:02:52Z
464,Kristoffer Ajer,488,Norway,I,,DF,official,50,2,Brentford,England,28,1998-04-17,Norway,196,,R,19500000,2030-06-30,3374800,available,78,Can Polish Skills,Somewhat,44,37,63,42,43,16,Brentford,1,Premier League,337,43,2149,0,2,0.87,0.71,12,4,8,858,80.9,6.65,42,27,18,132,72,2,120,101,69,49,0,8,4,0,4,15,9,100,1230,25,13,1,2026-06-01T17:00:00+00:00,2026-06-07T16:02:52Z
774,Alexander Sørloth,488,Norway,I,7,FW,official,71,26,Atlético Madrid,Spain,30,1995-12-05,Norway,195,,L,21000000,2028-06-30,4049760,available,82,Unlikely to Improve,Very Unlikely,44,70,23,53,58,54,Atlético Madrid,3,La Liga,294,54,2742,19,1,15.98,1.93,103,51,18,631,68.0,6.78,14,7,2,45,54,21,195,231,139,101,0,11,3,0,20,51,15,14,1110,48,17,8,2026-06-01T17:00:00+00:00,2026-06-07T16:02:52Z
852,Erling Haaland,488,Norway,I,9,FW,official,49,55,Manchester City,England,25,2000-07-21,Norway,194,,L,218000000,2034-06-30,27612000,available,92,Can Polish Skills,Not Specifically,72,94,30,70,58,12,Manchester City,1,Premier League,337,54,4143,38,9,34.57,3.42,171,86,35,522,65.9,7.26,17,11,6,50,57,28,159,141,90,59,0,5,2,0,19,38,3,17,1021,33,15,23,2026-03-31T16:00:00+00:00,2026-06-07T16:02:52Z
531,Jørgen Strand Larsen,488,Norway,I,11,FW,official,27,6,Crystal Palace,England,26,2000-02-06,Norway,193,,R,46000000,2030-06-30,6749600,available,82,Almost Reached,Unlikely,43,65,24,50,48,14,Crystal Palace,1,Premier League,337,14,911,3,0,2.22,0.67,23,7,3,231,64.5,6.44,2,0,1,14,19,5,54,104,36,58,0,15,2,0,6,16,0,11,380,21,14,3,2026-06-01T17:00:00+00:00,2026-06-07T16:02:52Z
2897,Antonio Nusa,488,Norway,I,20,FW,official,23,8,RB Leipzig,Germany,21,2005-04-17,Norway,180,,R,31000000,2029-06-30,3068000,available,77,Can Still Improve,Somewhat,38,62,37,64,56,80,RB Leipzig,5,Bundesliga,228,35,2320,5,4,4.79,4.96,65,21,39,669,80.0,7.07,30,16,9,10,108,21,173,154,6,19,0,9,0,0,70,142,69,39,1301,11,15,6,2026-06-01T17:00:00+00:00,2026-06-07T16:02:52Z
2159,Julian Ryerson,488,Norway,I,26,FW,official,42,1,Borussia Dortmund,Germany,28,1997-11-17,Norway,183,,R,24000000,2028-06-30,5092880,available,82,Almost Reached,Not Specifically,41,50,55,53,55,92,Borussia Dortmund,7,Champions League,268,45,3064,0,18,1.14,11.39,16,1,79,1260,82.5,7.04,54,31,25,54,172,8,133,200,16,21,0,3,6,0,33,88,311,99,2296,36,17,1,2026-06-01T17:00:00+00:00,2026-06-07T16:02:52Z
852,Erling Haaland,488,Norway,I,,FW,official,49,55,Manchester City,England,25,2000-07-21,Norway,194,,L,218000000,2034-06-30,27612000,available,92,Can Polish Skills,Not Specifically,72,94,30,70,58,12,Manchester City,1,Premier League,337,54,4143,38,9,34.57,3.42,171,86,35,522,65.9,7.26,17,11,6,50,57,28,159,141,90,59,0,5,2,0,19,38,3,17,1021,33,15,23,2026-03-31T16:00:00+00:00,2026-06-07T16:02:52Z
1561,Ørjan Nyland,488,Norway,I,1,GK,official,70,0,Sevilla,Spain,35,1990-09-10,Norway,192,,R,930000,2026-06-30,736320,available,77,Unlikely to Improve,Unlikely,41,,,,,52,Sevilla,3,La Liga,294,39,630,0,0,,0.01,0,0,0,213,68.1,6.76,0,0,0,8,50,0,2,1,2,0,15,62,0,0,0,0,0,104,269,0,15,0,2026-06-01T17:00:00+00:00,2026-06-07T16:02:52Z
8733,Sander Tangvik,488,Norway,I,12,GK,official,0,0,Hamburger SV,Germany,23,2002-11-29,Norway,193,,R,2700000,2030-06-30,1043120,available,73,Can Polish Skills,Unlikely,37,,,,,96,Hamburger SV,5,Bundesliga,228,16,90,0,0,,0.0,0,0,0,51,66.7,8.8,0,0,0,3,10,0,1,0,0,0,7,23,0,0,0,0,0,26,68,0,3,0,2026-06-01T17:00:00+00:00,2026-06-07T16:02:52Z
6027,Egil Selvik,488,Norway,I,13,GK,official,6,0,Watford,England,28,1997-07-30,Norway,191,,L,1600000,2028-06-30,1595360,available,74,Almost Reached,Somewhat,58,,,,,202,Watford,12,Championship,243,42,3645,0,0,,0.07,0,0,0,1174,65.8,6.9,0,0,0,66,306,0,19,1,14,0,117,63,2,0,0,0,0,609,1556,0,15,0,2026-06-01T17:00:00+00:00,2026-06-07T16:02:52Z
1561,Ørjan Nyland,488,Norway,I,,GK,official,69,0,Sevilla,Spain,35,1990-09-10,Norway,192,,R,930000,2026-06-30,736320,available,77,Unlikely to Improve,Unlikely,41,,,,,52,Sevilla,3,La Liga,294,39,630,0,0,,0.01,0,0,0,213,68.1,6.76,0,0,0,8,50,0,2,1,2,0,15,62,0,0,0,0,0,104,269,0,15,0,2026-06-01T17:00:00+00:00,2026-06-07T16:02:52Z
2595,Morten Thorsby,488,Norway,I,2,MF,official,31,0,Cremonese,Italy,30,1996-05-05,Norway,189,,R,3100000,2028-06-30,981760,available,75,Unlikely to Improve,Unlikely,35,51,38,41,50,64,Cremonese,4,Serie A,358,13,644,1,0,0.82,0.23,11,4,3,226,74.3,6.65,15,5,2,13,25,2,66,63,45,47,0,6,2,0,1,2,1,9,306,10,14,0,2026-06-01T17:00:00+00:00,2026-06-07T16:02:52Z
3673,Patrick Berg,488,Norway,I,6,MF,official,42,0,Bodø/Glimt,Norway,28,1997-11-24,Norway,180,,R,7500000,2028-07-31,429520,available,80,Almost Reached,Unlikely,59,55,59,59,60,121,Bodø/Glimt,7,Champions League,268,24,2190,1,2,2.79,5.45,47,15,38,1403,86.2,7.37,61,40,28,51,132,20,89,59,6,4,0,9,1,0,15,27,145,154,1894,12,17,0,2026-06-01T17:00:00+00:00,2026-06-07T16:02:52Z
829,Sander Berge,488,Norway,I,8,MF,official,65,1,Fulham,England,28,1998-02-14,Norway,195,,R,26000000,2029-06-30,3988400,available,78,Can Polish Skills,Not Specifically,47,57,50,64,57,6,Fulham,1,Premier League,337,44,3020,0,1,1.58,1.24,14,3,21,1765,90.0,6.86,63,44,25,55,137,6,135,114,51,34,0,2,3,0,6,18,13,87,2125,35,17,0,2026-06-01T17:00:00+00:00,2026-06-07T16:02:52Z
447,Martin Ødegaard,488,Norway,I,10,MF,official,67,4,Arsenal,England,27,1998-12-17,Norway,178,,L,71000000,2028-06-30,13806000,available,92,Almost Reached,Unlikely,50,70,36,74,82,18,Arsenal,1,Premier League,337,38,1983,1,7,3.68,4.71,38,15,55,1217,85.0,7.0,29,14,8,11,102,10,65,71,5,7,0,3,0,0,15,36,41,103,1484,12,7,1,2025-09-09T18:45:00+00:00,2026-06-07T16:02:52Z
2056,Fredrik Aursnes,488,Norway,I,14,MF,official,21,1,Benfica,Portugal,30,1995-12-10,Norway,179,,R,14000000,2029-06-30,2945280,available,81,Unlikely to Improve,Very Unlikely,59,53,59,57,62,37,Benfica,2,Liga Portugal Betclic,305,42,3511,4,7,3.73,5.64,41,11,77,1875,85.6,7.03,73,45,42,39,176,12,148,167,39,45,0,6,2,0,18,40,131,141,2504,33,1,0,2026-06-01T17:00:00+00:00,2026-06-07T16:02:52Z
2850,Kristian Thorstvedt,488,Norway,I,18,MF,official,36,4,Sassuolo,Italy,27,1999-03-13,Norway,187,,L,10300000,2027-06-30,797680,available,75,Almost Reached,Somewhat,50,55,45,48,54,61,Sassuolo,4,Serie A,358,33,2479,4,4,6.06,2.01,44,13,32,1064,82.4,6.88,43,19,32,41,105,13,149,138,29,49,0,6,6,0,19,44,13,46,1540,35,11,0,2026-06-01T17:00:00+00:00,2026-06-07T16:02:52Z
3021,Thelo Aasgaard,488,Norway,I,19,MF,official,7,5,Rangers,Scotland,24,2002-05-02,Norway,188,,R,2500000,2029-06-30,,available,,,,47,50,44,51,47,145,Rangers,13,Scottish Premiership,345,46,2318,7,5,7.02,1.78,58,22,42,854,83.0,6.92,39,18,14,25,82,17,161,125,27,39,0,12,4,0,44,61,50,39,1335,33,8,4,2026-06-01T17:00:00+00:00,2026-06-07T16:02:52Z
2064,Andreas Schjelderup,488,Norway,I,21,MF,official,11,1,Benfica,Portugal,22,2004-06-01,Norway,177,,R,31000000,2028-06-30,1472640,available,80,Almost Reached,Unlikely,47,67,34,58,52,37,Benfica,2,Liga Portugal Betclic,305,48,2298,10,6,8.25,8.85,60,18,57,845,79.9,7.31,41,20,4,10,92,32,144,149,9,15,0,6,2,0,49,110,91,31,1370,32,11,1,2026-06-01T17:00:00+00:00,2026-06-07T16:02:52Z
3651,Oscar Bobb,488,Norway,I,22,MF,official,19,2,Fulham,England,22,2003-07-12,Norway,174,,L,29000000,2031-06-30,3681600,available,79,Can Polish Skills,Not Specifically,48,60,35,67,61,6,Fulham,1,Premier League,337,16,755,0,0,1.34,0.93,12,4,16,290,81.0,6.7,17,8,6,3,33,4,44,39,3,2,0,5,0,0,13,21,12,6,446,5,9,0,2026-06-01T17:00:00+00:00,2026-06-07T16:02:52Z
3681,Jens Petter Hauge,488,Norway,I,23,MF,official,15,1,Bodø/Glimt,Norway,26,1999-10-12,Norway,184,,R,12500000,2028-12-31,429520,available,79,Almost Reached,Unlikely,40,60,34,59,55,121,Bodø/Glimt,7,Champions League,268,24,1904,7,6,4.39,7.16,33,13,53,1220,84.3,7.46,44,27,4,12,97,7,121,133,4,9,0,9,1,0,47,96,44,70,1657,17,9,1,2026-06-01T17:00:00+00:00,2026-06-07T16:02:52Z
12373,César Blackman,496,Panama,L,2,DF,official,40,3,ŠK Slovan Bratislava,Slovakia,28,1998-04-02,Panama,174,,R,2600000,2028-06-30,,available,,,,,,,,,374,ŠK Slovan Bratislava,8,Europa League,280,6,90,0,0,0.19,,1,0,1,37,83.8,6.4,2,2,3,1,4,0,5,7,0,0,0,0,0,0,0,2,1,2,59,5,27,2,2026-06-06T19:00:00+00:00,2026-06-07T16:02:52Z
6393,José Córdoba,496,Panama,L,3,DF,official,32,1,Norwich City,England,25,2001-06-03,Panama,188,,L,4700000,2028-06-30,429520,available,72,Can Still Improve,Not Specifically,,,,,,209,Norwich City,12,Championship,243,37,2435,1,1,0.91,0.78,10,2,8,1709,83.9,6.86,37,23,33,150,169,2,130,101,44,43,0,3,5,0,24,34,14,245,2177,34,23,1,2026-06-06T19:00:00+00:00,2026-06-07T16:02:52Z
54039,Fidel Escobar,496,Panama,L,4,DF,official,99,4,Deportivo Saprissa,,31,1995-01-09,Panama,181,,R,370000,2026-12-31,61360,available,66,Can Polish Skills,Very Unlikely,,,,,,2402,Deportivo Saprissa,31,International Friendly Games,133,3,65,0,0,,,,,,,,5.6,,,,,,,,,,,,,,,,,,,,,18,1,2026-06-06T19:00:00+00:00,2026-06-07T16:02:52Z
54042,Edgardo Fariña,496,Panama,L,5,DF,official,18,0,Pari Nizhny Novgorod,,24,2001-09-21,Panama,194,,R,905000,2028-06-30,,available,,,,,,,,,2405,Pari Nizhny Novgorod,31,International Friendly Games,133,3,24,0,0,,,,,,,,6.3,,,,,,,,,,,,,,,,,,,,,20,0,2026-06-06T19:00:00+00:00,2026-06-07T16:02:52Z
16748,Jiovany Ramos,496,Panama,L,13,DF,official,23,2,Academia Puerto Cabello,Venezuela,29,1997-01-26,Panama,186,,R,365000,2026-12-31,,available,,,,,,,,,748,Academia Puerto Cabello,33,Copa Sudamericana,114,7,623,1,0,0.74,0.06,5,1,1,329,83.0,6.9,17,12,18,31,40,1,41,23,16,9,0,6,1,0,5,10,1,45,452,2,10,1,2026-06-06T19:00:00+00:00,2026-06-07T16:02:52Z
9102,Carlos Harvey,496,Panama,L,14,DF,official,28,3,Minnesota United,USA,26,2000-02-03,Panama,184,,R,630000,2028-12-31,,injured,,,,,,,,,291,Minnesota United,18,MLS,159,36,1734,2,1,1.5,0.79,21,10,11,698,82.7,6.91,59,33,27,86,90,3,140,125,44,52,0,1,0,0,15,34,3,64,1132,29,25,1,2026-06-06T19:00:00+00:00,2026-06-07T16:02:52Z
16742,Éric Davis,496,Panama,L,15,DF,official,107,9,CD Plaza Amador,,35,1991-03-31,Panama,176,,L,49000,2026-12-31,,available,,,,,,,,,2404,CD Plaza Amador,31,International Friendly Games,133,5,69,0,0,,,,,,,,6.5,,,,,,,,,,,,,,,,,,,,,22,1,2026-06-06T19:00:00+00:00,2026-06-07T16:02:52Z
16746,Andrés Andrade,496,Panama,L,16,DF,official,50,1,LASK,Austria,27,1998-10-16,Panama,187,,L,2400000,2028-06-30,368160,available,74,Unlikely to Improve,Somewhat,,,,,,1404,LASK,31,International Friendly Games,133,4,81,0,0,,,,,,,,6.0,,,,,,,,,,,,,,,,,,,,,15,0,2026-06-06T19:00:00+00:00,2026-06-07T16:02:52Z
4082,Amir Murillo,496,Panama,L,23,DF,official,94,9,Beşiktaş JK,Türkiye,30,1996-02-11,Panama,183,,R,6600000,2028-06-30,2883920,available,77,Unlikely to Improve,Not Specifically,,,,,,196,Beşiktaş JK,11,Trendyol Super Lig,380,13,957,1,1,0.84,1.01,13,4,13,351,82.3,6.64,12,8,6,21,57,6,43,43,8,8,0,4,4,0,9,18,29,23,599,14,22,1,2026-06-06T19:00:00+00:00,2026-06-07T16:02:52Z
16740,Roderick Miller,496,Panama,L,25,DF,official,50,2,Turan Tovuz,,34,1992-04-03,Panama,189,,L,210000,2026-06-30,245440,available,72,Almost Reached,Not Specifically,,,,,,2406,Turan Tovuz,31,International Friendly Games,133,5,119,0,0,,,,,,,,6.6,,,,,,,,,,,,,,,,,,,,,11,0,2026-06-06T19:00:00+00:00,2026-06-07T16:02:52Z
16615,Jorge Gutiérrez,496,Panama,L,26,DF,official,18,0,Deportivo La Guaira,Venezuela,27,1998-09-01,Panama,171,,L,825000,2026-12-31,,available,,,,,,,,,773,Deportivo La Guaira,32,Copa Libertadores,96,6,537,0,1,0.15,0.59,3,1,3,204,78.9,6.55,15,12,2,11,29,0,31,25,4,5,0,12,1,0,4,6,16,33,342,7,21,0,2026-06-06T19:00:00+00:00,2026-06-07T16:02:52Z
54044,Tomás Rodríguez,496,Panama,L,9,FW,official,13,4,Deportivo Saprissa,,27,1999-03-09,Panama,178,,R,1000000,2026-12-31,,available,,,,,,,,,2402,Deportivo Saprissa,31,International Friendly Games,133,3,24,0,0,,,,,,,,6.5,,,,,,,,,,,,,,,,,,,,,19,3,2026-06-06T19:00:00+00:00,2026-06-07T16:02:52Z
16745,José Fajardo,496,Panama,L,17,FW,official,68,17,Universidad Católica del Ecuador,Ecuador,32,1993-08-18,Panama,180,,R,570000,,245440,available,74,Unlikely to Improve,Unlikely,,,,,,803,Universidad Católica del Ecuador,32,Copa Libertadores,96,2,164,2,0,2.56,0.01,8,5,0,23,82.6,7.85,1,0,1,4,0,0,9,9,3,4,0,0,1,0,2,3,0,0,61,1,22,4,2026-06-06T19:00:00+00:00,2026-06-07T16:02:52Z
16744,Cecilio Waterman,496,Panama,L,18,FW,official,55,15,Universidad de Concepción,,35,1991-04-13,Panama,180,,R,340000,,122720,available,72,Unlikely to Improve,Not Specifically,,,,,,2401,Universidad de Concepción,31,International Friendly Games,133,5,111,0,1,,,,,,,,6.9,,,,,,,,,,,,,,,,,,,,,15,1,2026-06-06T19:00:00+00:00,2026-06-07T16:02:52Z
21220,Azarias Londoño,496,Panama,L,24,FW,official,11,0,Universidad Católica del Ecuador,Ecuador,24,2001-06-21,Panama,185,,R,1200000,2026-12-31,,available,,,,,,,,,803,Universidad Católica del Ecuador,32,Copa Libertadores,96,1,0,0,0,,,0,0,0,0,,,0,0,0,0,0,0,0,0,0,0,0,0,0,0,0,0,0,0,0,0,12,0,2026-06-06T19:00:00+00:00,2026-06-07T16:02:52Z
16739,Luis Mejía,496,Panama,L,1,GK,official,56,0,Nacional,Uruguay,35,1991-03-16,Panama,191,,L,145000,2026-12-31,184080,injured,69,Almost Reached,Unlikely,54,,,,,784,Nacional,32,Copa Libertadores,96,5,405,0,0,,0.02,0,0,0,83,62.7,7.34,0,0,0,5,30,0,2,0,1,0,18,8,1,0,0,0,0,53,121,0,21,0,2026-03-27T17:00:00+00:00,2026-06-07T16:02:52Z
16747,César Samudio,496,Panama,L,12,GK,official,5,0,CD Marathon,,32,1994-02-23,Panama,187,,R,310000,,,available,,,,,,,,,2407,CD Marathon,31,International Friendly Games,133,5,0,0,0,,,,,,,,,,,,,,,,,,,,,,,,,,,,,21,0,2026-06-06T19:00:00+00:00,2026-06-07T16:02:52Z
8050,Orlando Mosquera,496,Panama,L,22,GK,official,48,0,Al-Fayha,Saudi Arabia,31,1994-12-25,Panama,191,,R,675000,2028-06-30,,available,,,,,,,,,269,Al-Fayha,17,Saudi Pro League,339,32,2880,0,0,0.8,0.05,0,0,2,1010,71.8,7.01,0,0,0,31,230,0,12,2,7,0,97,50,0,0,0,0,0,469,1328,0,27,0,2026-06-06T19:00:00+00:00,2026-06-07T16:02:52Z
16741,Cristian Martínez,496,Panama,L,6,MF,official,66,2,Hapoel Ironi Kiryat Shmona,,29,1997-02-06,Panama,170,,R,775000,2027-06-30,,available,,,,,,,,,2403,Hapoel Ironi Kiryat Shmona,31,International Friendly Games,133,5,139,0,0,,,,,,,,6.47,,,,,,,,,,,,,,,,,,,,,26,2,2026-06-06T19:00:00+00:00,2026-06-07T16:02:52Z
10334,José Luis Rodríguez,496,Panama,L,7,MF,official,70,8,FC Juárez,Mexico,27,1998-06-19,Panama,180,,L,2600000,2028-06-30,,available,,,,,,,,,306,FC Juárez,20,Liga MX Clausura,297,38,2845,4,8,3.16,4.4,48,18,57,842,84.3,6.89,36,21,13,22,107,10,165,143,15,19,0,1,1,0,67,116,201,33,1534,24,23,3,2026-06-06T19:00:00+00:00,2026-06-07T16:02:52Z
10068,Adalberto Carrasquilla,496,Panama,L,8,MF,official,73,3,Pumas UNAM,Mexico,27,1998-11-28,Panama,170,,R,3800000,2027-12-31,552240,available,72,Almost Reached,Not Specifically,46,55,41,61,56,313,Pumas UNAM,20,Liga MX Clausura,297,38,2852,2,6,2.29,4.31,38,11,47,1427,82.2,6.92,25,18,23,22,166,12,127,143,17,15,0,9,4,0,26,45,58,147,1923,54,16,1,2026-03-31T17:30:00+00:00,2026-06-07T16:02:52Z
10127,Ismael Díaz,496,Panama,L,10,MF,official,57,17,Club León,Mexico,29,1997-05-12,Panama,181,,R,1700000,2028-06-30,552240,available,75,Almost Reached,Somewhat,,,,,,318,Club León,20,Liga MX Clausura,297,27,1930,10,6,8.3,1.23,56,24,35,637,83.7,6.89,16,10,7,22,76,9,100,123,20,23,0,4,0,0,46,89,12,27,1035,20,24,7,2026-06-06T19:00:00+00:00,2026-06-07T16:02:52Z
10252,Yoel Bárcenas,496,Panama,L,11,MF,official,104,10,Mazatlán FC,Mexico,32,1993-10-23,Panama,175,,R,705000,,368160,available,73,Unlikely to Improve,Unlikely,,,,,,315,Mazatlán FC,20,Liga MX Clausura,297,30,2256,3,1,2.33,3.06,30,14,40,914,83.2,6.82,42,27,13,33,144,5,114,125,19,15,0,5,1,0,27,59,98,83,1402,20,17,1,2026-06-06T19:00:00+00:00,2026-06-07T16:02:52Z
54040,Alberto Quintero,496,Panama,L,19,MF,official,141,7,CD Plaza Amador,,38,1987-12-18,Panama,167,,R,77000,2027-12-31,,available,,,,,,,,,2404,CD Plaza Amador,31,International Friendly Games,133,3,0,0,0,,,,,,,,,,,,,,,,,,,,,,,,,,,,,5,0,2026-06-06T19:00:00+00:00,2026-06-07T16:02:52Z
9054,Aníbal Godoy,496,Panama,L,20,MF,official,159,4,San Diego FC,USA,36,1990-02-10,Panama,182,,L,97000,2026-12-31,,injured,,,,59,47,57,54,50,296,San Diego FC,18,MLS,159,46,2897,1,2,1.59,2.73,21,7,21,2899,92.1,7.05,60,32,30,25,177,3,165,131,27,16,0,8,3,0,16,32,13,143,3317,59,19,0,2026-03-31T17:30:00+00:00,2026-06-07T16:02:52Z
16743,César Yanis,496,Panama,L,21,MF,official,56,5,Cobresal,Chile,30,1996-01-28,Panama,160,,L,370000,,,available,,,,,,,,,760,Cobresal,33,Copa Sudamericana,114,1,90,0,1,0.03,0.63,1,0,4,41,87.8,7.3,1,1,0,1,6,1,4,5,0,1,0,0,0,0,2,4,4,5,62,1,21,2,2026-06-06T19:00:00+00:00,2026-06-07T16:02:52Z
16915,Gustavo Velázquez,458,Paraguay,D,2,DF,official,13,1,Cerro Porteño,Paraguay,35,1991-04-17,Paraguay,179,,R,435000,2026-12-31,184080,available,74,Unlikely to Improve,Not Specifically,,,,,,791,Cerro Porteño,32,Copa Libertadores,96,6,539,0,0,0.05,0.15,1,0,3,181,75.7,7.12,9,8,13,44,24,0,31,19,16,6,0,1,1,0,0,2,5,38,293,3,18,0,2026-06-05T22:15:00+00:00,2026-06-07T16:02:52Z
345,Omar Alderete,458,Paraguay,D,3,DF,official,36,3,Sunderland,England,29,1996-12-26,Paraguay,187,,L,15900000,2029-06-30,4602000,doubtful,84,Almost Reached,Not Specifically,,,,,,7,Sunderland,1,Premier League,337,37,2892,1,1,1.81,0.91,25,9,10,1367,80.7,6.82,35,21,34,215,108,7,152,125,89,67,0,3,4,0,19,25,11,215,1854,34,23,3,2026-06-05T22:15:00+00:00,2026-06-07T16:02:52Z
16918,Juan Cáceres,458,Paraguay,D,4,DF,official,17,0,Dynamo Moscow,,26,2000-06-01,Paraguay,177,,R,3600000,2029-12-31,,available,,,,,,,,,2385,Dynamo Moscow,31,International Friendly Games,133,3,90,0,1,,,,,,,,6.6,,,,,,,,,,,,,,,,,,,,,16,0,2026-06-05T22:15:00+00:00,2026-06-07T16:02:52Z
4893,Fabián Balbuena,458,Paraguay,D,5,DF,official,48,2,Grêmio,Brazil,34,1991-08-23,Paraguay,188,,R,815000,2027-06-30,1165840,injured,76,Unlikely to Improve,Not Specifically,,,,,,154,Grêmio,33,Copa Sudamericana,114,21,1045,1,0,0.21,0.2,4,1,1,714,86.0,6.97,14,8,18,67,31,0,45,20,24,9,0,1,0,0,2,3,1,92,853,2,22,0,2026-06-05T22:15:00+00:00,2026-06-07T16:02:52Z
4,Junior Alonso,458,Paraguay,D,6,DF,official,71,3,Atlético Mineiro,Brazil,33,1993-02-09,Paraguay,185,,L,1400000,2026-12-31,1349920,available,74,Unlikely to Improve,Unlikely,,,,,,155,Atlético Mineiro,33,Copa Sudamericana,114,54,3853,1,1,0.94,0.91,21,5,10,2615,89.3,6.95,48,27,51,197,144,4,165,123,96,72,0,13,3,0,4,5,12,232,3169,34,22,1,2026-06-05T22:15:00+00:00,2026-06-07T16:02:52Z
16912,José Canale,458,Paraguay,D,13,DF,official,2,0,CA Lanús,Argentina,29,1996-07-20,Paraguay,187,,L,2100000,2026-12-31,184080,available,76,Almost Reached,Unlikely,,,,,,785,CA Lanús,32,Copa Libertadores,96,6,532,0,0,0.32,0.06,4,1,0,239,90.4,6.9,9,7,1,29,29,2,26,14,9,7,0,6,2,0,2,3,0,20,309,4,3,0,2026-06-05T22:15:00+00:00,2026-06-07T16:02:52Z
26,Gustavo Gómez,458,Paraguay,D,15,DF,official,89,4,Palmeiras,Brazil,33,1993-05-06,Paraguay,185,,R,3300000,2027-12-31,2331680,available,78,Unlikely to Improve,Unlikely,,,,,,162,Palmeiras,32,Copa Libertadores,96,55,4327,5,1,3.37,2.05,34,9,19,2143,83.9,7.16,69,39,53,245,116,5,245,173,155,95,0,7,2,0,4,5,31,304,2768,53,21,0,2026-06-05T22:15:00+00:00,2026-06-07T16:02:52Z
16913,Alexandro Maidana,458,Paraguay,D,26,DF,official,2,1,CA Talleres,,20,2005-07-26,Paraguay,178,,L,1500000,2029-12-31,,available,,,,,,,,,2391,CA Talleres,31,International Friendly Games,133,3,0,0,0,,,,,,,,,,,,,,,,,,,,,,,,,,,,,3,0,2026-06-05T22:15:00+00:00,2026-06-07T16:02:52Z
23755,Agustín Sández,458,Paraguay,D,,DF,preliminary,5,0,Rosario Central,Argentina,25,2001-01-16,Paraguay,184,,L,2700000,2027-12-31,,available,,,,45,42,60,45,46,792,Rosario Central,32,Copa Libertadores,96,5,411,0,0,0.06,0.31,2,1,5,185,84.3,7.0,5,3,6,11,21,0,18,18,7,6,0,0,3,0,5,10,10,12,289,5,9,0,2025-09-09T23:30:00+00:00,2026-06-07T16:02:52Z
178,Alan Benítez,458,Paraguay,D,,DF,preliminary,8,0,Libertad,Paraguay,32,1994-01-25,Paraguay,177,,R,315000,2026-12-31,61360,available,70,Can Polish Skills,Somewhat,41,42,58,46,50,795,Libertad,32,Copa Libertadores,96,1,20,0,0,,0.49,0,0,0,13,100.0,7.7,0,0,0,1,1,0,1,0,0,0,0,1,0,0,1,1,1,0,17,0,2,0,2026-03-31T18:00:00+00:00,2026-06-07T16:02:52Z
2032,Alan Núñez,458,Paraguay,D,,DF,preliminary,0,0,CD Nacional,Portugal,21,2004-10-01,Paraguay,176,,R,755000,,,available,,,,55,45,64,55,53,23,CD Nacional,2,Liga Portugal Betclic,305,28,1673,1,2,0.96,2.63,3,1,20,507,77.5,6.81,34,22,20,50,52,0,57,59,7,8,0,4,2,0,9,13,55,87,894,26,0,0,,2026-06-07T16:02:52Z
59662,Alcides Benítez,458,Paraguay,D,,DF,preliminary,0,0,Belgrano,,23,2002-06-08,,,,,,,,available,,,,,,,,,,Belgrano,,,,,,,,,,,,,,,,,,,,,,,,,,,,,,,,,,,,0,0,,2026-06-07T16:02:52Z
22147,Blás Riveros,458,Paraguay,D,,DF,preliminary,15,0,Cerro Porteño,Paraguay,28,1998-02-03,Paraguay,178,,L,960000,2026-12-31,122720,injured,73,Almost Reached,Somewhat,37,44,55,50,49,791,Cerro Porteño,,,,,,,,,,,,,,,,,,,,,,,,,,,,,,,,,,,,5,0,2025-09-09T23:30:00+00:00,2026-06-07T16:02:52Z
4551,Diego León,458,Paraguay,D,,DF,preliminary,1,0,Manchester United,England,19,2007-04-03,Paraguay,177,,,3600000,,,available,,,,,,,,,17,Manchester United,1,Premier League,337,4,0,0,0,,,0,0,0,0,,,0,0,0,0,0,0,0,0,0,0,0,0,0,0,0,0,0,0,0,0,0,0,,2026-06-07T16:02:52Z
3947,Mateo Gamarra,458,Paraguay,D,,DF,preliminary,3,0,Olimpia,Paraguay,25,2000-10-20,Paraguay,185,,L,1900000,2026-12-31,184080,available,71,Can Polish Skills,Not Specifically,62,38,75,42,37,746,Olimpia,33,Copa Sudamericana,114,5,450,1,0,0.53,0.21,7,2,1,300,83.7,7.2,3,2,11,40,18,0,41,26,32,18,0,5,1,0,1,1,1,43,394,4,1,0,2024-09-11T00:30:00+00:00,2026-06-07T16:02:52Z
22114,Ronaldo De Jesus,458,Paraguay,D,,DF,preliminary,0,0,CA Lanús,Argentina,25,2001-04-21,Paraguay,192,,R,1500000,2027-12-31,56389,available,72,Can Polish Skills,Not Specifically,51,37,68,42,37,785,CA Lanús,32,Copa Libertadores,96,6,18,0,0,,0.01,0,0,0,13,76.9,6.55,0,0,0,2,3,0,2,0,2,0,0,6,0,0,0,0,0,2,15,0,2,0,2025-03-26T00:00:00+00:00,2026-06-07T16:02:52Z
56078,Saúl Salcedo,458,Paraguay,D,,DF,preliminary,2,0,Newell's Old Boys,,28,1997-08-28,Paraguay,183,,,855000,,245440,available,76,Almost Reached,Somewhat,,,,,,,Newell's Old Boys,,,,,,,,,,,,,,,,,,,,,,,,,,,,,,,,,,,,2,0,2024-11-19T20:00:00+00:00,2026-06-07T16:02:52Z
983,Antonio Sanabria,458,Paraguay,D,9,FW,official,48,7,Cremonese,Italy,30,1996-03-04,Paraguay,181,,R,1600000,2028-06-30,3006640,available,76,Unlikely to Improve,Not Specifically,,,,,,64,Cremonese,4,Serie A,358,30,940,1,1,2.58,0.25,12,4,6,174,82.8,6.51,3,2,1,15,11,4,53,68,28,39,0,2,0,0,7,9,2,3,295,15,19,4,2026-06-05T22:15:00+00:00,2026-06-07T16:02:52Z
54884,Alejandro Romero,458,Paraguay,D,17,FW,official,33,6,Al-Ain,,31,1995-01-11,Paraguay,171,,L,4099999,2026-06-30,,available,,,,,,,,,2356,Al-Ain,31,International Friendly Games,133,1,0,0,0,,,,,,,,,,,,,,,,,,,,,,,,,,,,,21,0,2026-06-05T22:15:00+00:00,2026-06-07T16:02:52Z
16914,Alex Arce,458,Paraguay,D,18,FW,official,15,1,Independiente Rivadavia,Argentina,30,1995-06-16,Paraguay,187,,R,3200000,2028-12-31,490880,available,77,Unlikely to Improve,Not Specifically,,,,,,774,Independiente Rivadavia,32,Copa Libertadores,96,5,402,8,0,3.98,0.11,18,8,3,79,67.1,8.04,3,2,0,2,11,2,27,33,18,18,0,4,0,0,2,2,3,6,132,10,13,0,2026-06-05T22:15:00+00:00,2026-06-07T16:02:52Z
1710,Julio Enciso,458,Paraguay,D,19,FW,official,32,4,RC Strasbourg,France,22,2004-01-23,Paraguay,173,,R,24000000,2029-06-30,1902160,available,78,Can Polish Skills,Not Specifically,,,,,,112,RC Strasbourg,6,Ligue 1,317,33,2276,9,6,10.77,5.33,83,32,35,762,84.0,7.19,24,12,10,13,82,21,134,152,13,23,0,10,1,0,66,115,72,23,1301,25,16,4,2026-06-05T22:15:00+00:00,2026-06-07T16:02:52Z
16919,Gabriel Ávalos,458,Paraguay,D,21,FW,official,23,2,CA Independiente,,35,1990-10-12,Paraguay,188,,R,730000,2026-12-31,674960,available,74,Unlikely to Improve,Unlikely,,,,,,2390,CA Independiente,31,International Friendly Games,133,3,69,0,0,,,,,,,,6.8,,,,,,,,,,,,,,,,,,,,,15,0,2026-06-05T22:15:00+00:00,2026-06-07T16:02:52Z
286,Isidro Pitta,458,Paraguay,D,25,FW,official,5,0,Red Bull Bragantino,Brazil,26,1999-08-14,Paraguay,183,,R,7700000,2028-12-31,613600,available,75,Almost Reached,Unlikely,,,,,,168,Red Bull Bragantino,33,Copa Sudamericana,114,51,2725,16,6,10.8,3.09,87,33,34,559,73.0,6.87,10,7,2,28,52,17,106,153,53,60,0,9,4,0,13,31,18,22,913,52,10,0,2026-06-05T22:15:00+00:00,2026-06-07T16:02:52Z
240,Adam Bareiro,458,Paraguay,D,,FW,preliminary,8,0,Boca Juniors,Argentina,29,1996-07-26,Paraguay,184,,R,3600000,2028-12-31,490880,injured,74,Almost Reached,Not Specifically,50,67,29,48,48,780,Boca Juniors,32,Copa Libertadores,96,3,208,1,0,0.48,0.03,3,2,0,45,80.0,6.63,2,2,1,4,4,0,16,20,9,5,0,1,3,1,1,2,1,2,86,9,7,0,2024-09-11T00:30:00+00:00,2026-06-07T16:02:52Z
19361,Adrián Alcaraz,458,Paraguay,D,,FW,preliminary,0,0,Olimpia,Paraguay,26,1999-09-28,Paraguay,185,,R,1000000,2026-12-31,61360,available,70,Can Polish Skills,Not Specifically,48,62,39,55,42,746,Olimpia,33,Copa Sudamericana,114,7,507,0,0,1.3,0.27,23,5,1,98,59.2,6.43,2,0,1,5,10,7,39,46,27,23,0,6,1,0,1,13,0,3,183,8,1,0,2025-09-09T23:30:00+00:00,2026-06-07T16:02:52Z
265,Ángel Romero,458,Paraguay,D,,FW,preliminary,51,8,Boca Juniors,Argentina,33,1992-07-04,Paraguay,177,,R,825000,2026-12-31,490880,available,73,Unlikely to Improve,Not Specifically,41,61,31,51,61,780,Boca Juniors,32,Copa Libertadores,96,6,46,0,0,0.16,0.03,5,1,0,13,69.2,6.25,0,0,1,0,1,1,6,3,4,3,0,4,0,0,0,0,1,1,27,0,13,0,2025-09-09T23:30:00+00:00,2026-06-07T16:02:52Z
23779,Carlos González,458,Paraguay,D,,FW,preliminary,15,0,Independiente del Valle,Ecuador,33,1993-02-04,Paraguay,183,,R,1000000,2027-12-31,245440,available,76,Unlikely to Improve,Not Specifically,53,64,33,47,43,793,Independiente del Valle,32,Copa Libertadores,96,6,522,6,0,5.77,0.35,30,13,7,86,70.9,7.12,8,4,2,1,12,5,40,45,21,27,0,5,1,0,4,7,0,4,186,5,2,0,2023-09-12T22:00:00+00:00,2026-06-07T16:02:52Z
23825,Lorenzo Melgarejo,458,Paraguay,D,,FW,preliminary,5,0,Libertad,Paraguay,35,1990-08-10,Paraguay,178,,L,265000,2027-06-30,429520,available,75,Unlikely to Improve,Not Specifically,49,55,49,50,53,795,Libertad,32,Copa Libertadores,96,5,437,4,0,2.12,0.37,17,6,5,87,66.7,7.06,2,0,1,1,10,2,18,32,7,10,0,9,0,0,1,11,8,0,168,4,0,0,,2026-06-07T16:02:52Z
183,Óscar Romero,458,Paraguay,D,,FW,preliminary,55,4,Internacional,Brazil,33,1992-07-04,Paraguay,176,,L,950000,,245440,available,74,Unlikely to Improve,Unlikely,,,,,,161,Internacional,9,Brasileirão Serie A,29,32,514,0,1,0.27,1.08,8,1,14,300,84.3,6.72,13,8,4,5,27,3,36,40,3,12,0,0,0,0,2,9,30,28,431,9,0,0,,2026-06-07T16:02:52Z
10096,Robert Morales,458,Paraguay,D,,FW,preliminary,2,1,Pumas UNAM,Mexico,27,1999-03-17,Paraguay,179,,R,3800000,2026-12-31,,available,,,,43,66,26,58,49,313,Pumas UNAM,20,Liga MX Clausura,297,23,1940,9,2,7.83,2.89,51,24,22,307,76.5,7.06,19,15,4,25,31,11,86,123,27,48,0,9,1,0,9,24,12,21,606,28,2,0,2023-09-12T22:00:00+00:00,2026-06-07T16:02:52Z
22719,Rodney Redes,458,Paraguay,D,,FW,preliminary,0,0,LDU,Ecuador,26,2000-02-22,Paraguay,175,,R,1100000,2026-12-31,,available,68,Can Still Improve,Not Specifically,43,57,46,53,56,778,LDU,32,Copa Libertadores,96,6,227,0,0,0.92,0.13,8,5,2,52,67.3,6.54,3,2,1,1,15,2,10,11,2,6,0,5,0,0,2,5,3,5,94,1,0,0,,2026-06-07T16:02:52Z
54883,Ronaldo Martinez,458,Paraguay,D,,FW,preliminary,4,0,Talleres,,30,1996-04-25,Paraguay,178,,R,3800000,,429520,available,74,Unlikely to Improve,Not Specifically,,,,,,,Talleres,,,,,,,,,,,,,,,,,,,,,,,,,,,,,,,,,,,,2,0,2025-09-09T23:30:00+00:00,2026-06-07T16:02:52Z
16916,Roberto Fernández,458,Paraguay,D,1,GK,official,31,0,Cerro Porteño,Paraguay,38,1988-03-29,Paraguay,191,,R,110000,2026-12-31,,available,,,,,,,,,791,Cerro Porteño,32,Copa Libertadores,96,6,0,0,0,,,0,0,0,0,,,0,0,0,0,0,0,0,0,0,0,0,2,0,0,0,0,0,0,0,0,15,0,2026-06-05T22:15:00+00:00,2026-06-07T16:02:52Z
16917,Orlando Gill,458,Paraguay,D,12,GK,official,6,0,San Lorenzo,Argentina,25,2000-06-11,Paraguay,198,,L,5600000,2027-12-31,429520,available,73,Can Polish Skills,Unlikely,,,,,,742,San Lorenzo,33,Copa Sudamericana,114,6,540,0,0,,0.01,0,0,0,90,75.6,6.7,0,0,0,5,45,0,0,1,0,0,12,5,2,0,0,0,0,37,141,1,7,0,2026-06-05T22:15:00+00:00,2026-06-07T16:02:52Z
16910,Gastón Olveira,458,Paraguay,D,22,GK,official,1,0,Olimpia,Paraguay,33,1993-04-21,Paraguay,186,,R,515000,2026-12-31,245440,available,75,Unlikely to Improve,Not Specifically,,,,,,746,Olimpia,33,Copa Sudamericana,114,7,630,0,0,,0.01,0,0,0,196,71.9,7.51,0,0,0,5,69,0,3,0,1,0,26,6,0,0,0,0,0,100,263,0,3,0,2026-06-05T22:15:00+00:00,2026-06-07T16:02:52Z
9622,Carlos Coronel,458,Paraguay,D,,GK,preliminary,9,0,São Paulo,Brazil,29,1996-12-29,Paraguay,190,,R,1400000,2028-12-31,,available,,,,46,,,,,158,São Paulo,33,Copa Sudamericana,114,25,180,0,0,,0.0,0,0,0,43,39.5,7.3,0,0,0,3,11,0,1,0,1,0,6,23,1,0,0,0,0,28,61,0,20,0,2025-09-09T23:30:00+00:00,2026-06-07T16:02:52Z
21940,Juan Espínola,458,Paraguay,D,,GK,preliminary,1,0,Barracas Central,Argentina,31,1994-11-02,Paraguay,188,,R,680000,2026-12-31,245440,available,76,Almost Reached,Not Specifically,59,,,,,734,Barracas Central,33,Copa Sudamericana,114,6,360,0,0,,0.02,0,0,0,102,32.4,7.62,0,0,0,2,35,0,1,1,1,0,20,8,0,0,0,0,0,100,132,1,15,0,2025-09-04T23:30:00+00:00,2026-06-07T16:02:52Z
19100,Santiago Rojas,458,Paraguay,D,,GK,preliminary,2,0,Nacional Asunción,Paraguay,30,1996-04-05,Paraguay,189,,B,550000,2026-12-31,122720,available,73,Can Polish Skills,Not Specifically,52,,,,,769,Nacional Asunción,33,Copa Sudamericana,114,1,90,0,0,,0.0,0,0,0,25,72.0,6.9,0,0,0,0,4,0,1,0,0,0,0,1,0,0,0,0,0,8,28,0,6,0,2023-11-21T23:00:00+00:00,2026-06-07T16:02:52Z
37,Ramón Sosa,458,Paraguay,D,7,MF,official,29,1,Palmeiras,Brazil,26,1999-08-31,Paraguay,178,,R,10300000,2030-06-30,797680,available,75,Almost Reached,Not Specifically,,,,,,162,Palmeiras,32,Copa Libertadores,96,48,1887,9,4,7.92,3.05,58,17,31,589,79.8,6.85,12,5,5,21,84,15,124,151,36,41,0,6,2,0,37,81,92,34,1053,28,24,1,2026-06-05T22:15:00+00:00,2026-06-07T16:02:52Z
488,Diego Gómez,458,Paraguay,D,8,MF,official,24,3,Brighton & Hove Albion,England,23,2003-03-27,Paraguay,185,,R,27000000,2030-06-30,2454400,available,75,Can Polish Skills,Unlikely,,,,,,5,Brighton & Hove Albion,1,Premier League,337,37,2484,10,1,8.12,1.61,54,21,26,863,78.0,6.81,86,54,25,38,126,14,176,197,60,42,0,4,6,0,20,45,24,48,1395,63,16,1,2026-06-05T22:15:00+00:00,2026-06-07T16:02:52Z
9678,Miguel Almirón,458,Paraguay,D,10,MF,official,76,10,Atlanta United,USA,32,1994-02-10,Paraguay,174,,L,8700000,2027-12-31,6872320,available,72,Unlikely to Improve,Not Specifically,,,,,,277,Atlanta United,18,MLS,159,40,3371,6,6,10.84,7.52,87,28,59,1559,83.5,7.22,57,35,14,10,163,34,189,167,7,19,0,2,0,0,56,96,73,92,2235,33,21,1,2026-06-05T22:15:00+00:00,2026-06-07T16:02:52Z
42,Mauricio,458,Paraguay,D,11,MF,official,3,0,Palmeiras,Brazil,24,2001-06-22,Paraguay,174,,L,15800000,2028-12-31,,injured,,,,,,,,,162,Palmeiras,32,Copa Libertadores,96,58,2801,5,8,6.91,3.73,72,22,43,1053,84.4,6.82,32,16,21,17,116,26,101,107,22,32,0,7,0,0,8,24,47,61,1452,28,3,0,2026-06-05T22:15:00+00:00,2026-06-07T16:02:52Z
9106,Andrés Cubas,458,Paraguay,D,14,MF,official,33,0,Vancouver Whitecaps,Canada,30,1996-05-22,Paraguay,165,,R,3800000,2028-06-30,,available,,,,,,,,,278,Vancouver Whitecaps,18,MLS,159,42,3305,0,2,0.71,2.7,14,3,19,1888,89.1,7.01,136,83,65,42,232,5,202,193,20,23,0,6,5,0,17,29,8,176,2409,91,16,0,2026-06-05T22:15:00+00:00,2026-06-07T16:02:52Z
143,Damián Bobadilla,458,Paraguay,D,16,MF,official,19,1,São Paulo,Brazil,24,2001-07-11,Paraguay,181,,R,5300000,2027-12-31,736320,injured,72,Can Polish Skills,Unlikely,,,,,,158,São Paulo,33,Copa Sudamericana,114,54,3537,5,6,4.31,4.1,51,19,44,1888,87.4,6.97,84,48,39,41,165,19,139,151,19,18,0,11,5,0,18,40,29,114,2400,57,19,0,2026-06-05T22:15:00+00:00,2026-06-07T16:02:52Z
9383,Braian Ojeda,458,Paraguay,D,20,MF,official,17,0,Orlando City SC,USA,25,2000-06-27,Paraguay,173,,R,3700000,2029-06-30,613600,available,72,Can Polish Skills,Not Specifically,,,,,,280,Orlando City SC,18,MLS,158,15,1337,0,1,0.32,0.62,11,0,9,651,89.9,6.69,21,9,15,14,81,5,71,58,7,7,0,18,0,0,10,17,6,45,843,20,8,0,2026-06-05T22:15:00+00:00,2026-06-07T16:02:52Z
13574,Matías Galarza,458,Paraguay,D,23,MF,official,15,3,Atlanta United,USA,24,2002-02-11,Paraguay,175,,L,2800000,2026-06-30,,available,,,,,,,,,277,Atlanta United,18,MLS,158,10,667,0,0,0.82,0.59,18,5,10,324,77.5,6.76,26,18,4,6,28,6,54,51,10,14,0,5,2,0,3,10,19,24,483,18,14,2,2026-06-05T22:15:00+00:00,2026-06-07T16:02:52Z
225,Gustavo Caballero,458,Paraguay,D,24,MF,official,2,1,Portsmouth,England,24,2001-09-21,Paraguay,186,,R,955000,2028-12-31,,available,,,,,,,,,212,Portsmouth,12,Championship,243,13,761,1,0,1.18,0.64,15,4,9,170,75.9,6.53,17,9,5,7,32,9,37,49,4,10,0,0,1,0,6,16,40,15,340,11,3,1,2026-06-05T22:15:00+00:00,2026-06-07T16:02:52Z
23820,Álvaro Campuzano,458,Paraguay,D,,MF,preliminary,4,0,Libertad,Paraguay,30,1995-06-12,Paraguay,185,,R,775000,2026-12-31,,available,,,,48,46,60,49,43,795,Libertad,32,Copa Libertadores,96,5,444,0,0,0.03,0.07,1,0,2,211,86.3,7.0,21,9,9,13,28,0,39,31,11,8,0,8,2,0,2,3,0,13,293,10,5,0,2024-09-11T00:30:00+00:00,2026-06-07T16:02:52Z
10312,Diego González,458,Paraguay,D,,MF,preliminary,4,0,Atlas FC,Mexico,23,2003-01-07,Paraguay,177,,L,5200000,,,available,,,,40,67,28,57,62,305,Atlas FC,20,Liga MX Clausura,297,34,2615,6,7,6.65,5.46,75,24,55,782,74.6,6.99,38,22,13,47,139,15,142,192,17,24,0,4,1,0,44,104,127,53,1476,31,0,0,,2026-06-07T16:02:52Z
5648,Enso González,458,Paraguay,D,,MF,preliminary,0,0,Wolverhampton,England,21,2005-01-20,Paraguay,168,,L,2800000,2029-06-30,1534000,available,68,Much Room to Grow,Not Specifically,,,,,,11,Wolverhampton,1,Premier League,337,4,0,0,0,,,0,0,0,0,,,0,0,0,0,0,0,0,0,0,0,0,0,0,0,0,0,0,0,0,0,0,0,,2026-06-07T16:02:52Z
4029,Hugo Cuenca,458,Paraguay,D,,MF,preliminary,3,0,Burgos Club de Fútbol,Spain,21,2005-01-08,Paraguay,183,,L,310000,2026-06-30,,available,,,,,,,,,1401,Burgos Club de Fútbol,4,Serie A,358,1,0,0,0,,,0,0,0,0,,,0,0,0,0,0,0,0,0,0,0,0,0,0,0,0,0,0,0,0,0,3,0,2024-10-15T23:00:00+00:00,2026-06-07T16:02:52Z
16911,Lucas Romero,458,Paraguay,D,,MF,preliminary,2,0,Universidad de Chile,Chile,23,2002-08-29,Paraguay,189,,R,360000,2026-12-31,,available,,,,44,43,56,49,40,765,Universidad de Chile,33,Copa Sudamericana,114,1,0,0,0,,,0,0,0,0,,,0,0,0,0,0,0,0,0,0,0,0,0,0,0,0,0,0,0,0,0,3,0,2026-03-31T18:00:00+00:00,2026-06-07T16:02:52Z
4939,Mathias Villasanti,458,Paraguay,D,,MF,preliminary,51,0,Grêmio,Brazil,29,1997-01-24,Paraguay,178,,R,4099999,2029-12-31,736320,available,76,Almost Reached,Very Unlikely,47,48,52,50,48,154,Grêmio,9,Brasileirão Serie A,29,18,1160,0,0,0.13,0.36,6,0,8,536,84.0,6.84,40,28,25,29,75,1,81,82,14,13,0,5,0,0,14,23,4,39,757,28,18,0,2025-06-11T00:45:00+00:00,2026-06-07T16:02:52Z
22137,Piris da Motta,458,Paraguay,D,,MF,preliminary,9,0,Cerro Porteño,Paraguay,31,1994-07-26,Paraguay,178,,R,655000,2027-12-31,184080,available,72,Unlikely to Improve,Unlikely,49,50,56,50,47,791,Cerro Porteño,,,,5,405,0,0,0.03,0.03,2,0,0,144,77.8,6.82,8,4,5,12,14,2,17,20,5,3,0,0,1,0,0,1,1,30,196,10,0,0,,2026-06-07T16:02:52Z
3874,Rubén Lezcano,458,Paraguay,D,,MF,preliminary,0,0,Olimpia,Paraguay,22,2004-02-09,Paraguay,175,,L,3400000,2026-12-31,184080,available,70,Can Polish Skills,Not Specifically,48,61,40,55,56,746,Olimpia,33,Copa Sudamericana,114,7,306,2,0,0.73,0.26,6,2,8,102,82.4,6.89,2,1,4,7,8,1,12,11,4,2,0,6,0,0,3,8,5,10,159,1,2,0,2025-06-11T00:45:00+00:00,2026-06-07T16:02:52Z
3407,Nélson Semedo,491,Portugal,K,2,DF,official,49,0,Fenerbahçe,Türkiye,32,1993-11-16,Portugal,177,,R,5500000,2027-06-30,5092880,available,77,Unlikely to Improve,Unlikely,,,,,,134,Fenerbahçe,11,Trendyol Super Lig,380,39,2901,1,3,0.69,1.67,23,3,30,1377,86.1,6.8,69,44,34,56,163,7,162,144,13,28,0,7,3,0,39,84,68,117,2139,32,20,0,2026-06-06T17:45:00+00:00,2026-06-07T16:02:52Z
845,Rúben Dias,491,Portugal,K,3,DF,official,75,3,Manchester City,England,29,1997-05-14,Portugal,188,,R,65000000,2029-06-30,12272000,available,88,Almost Reached,Very Unlikely,,,,,,12,Manchester City,1,Premier League,337,44,2655,2,0,0.86,0.8,13,4,7,2223,93.4,7.14,20,9,24,137,84,4,104,65,69,36,0,3,3,0,5,8,12,116,2536,21,20,0,2026-06-06T17:45:00+00:00,2026-06-07T16:02:52Z
2067,Tomás Araújo,491,Portugal,K,4,DF,official,4,0,Benfica,Portugal,24,2002-05-16,Portugal,186,,R,33000000,2029-06-30,1656720,available,80,Can Polish Skills,Not Specifically,,,,,,37,Benfica,2,Liga Portugal Betclic,305,40,2340,1,2,1.48,1.23,18,5,13,1521,88.1,7.06,43,30,39,84,101,4,86,57,37,30,0,3,4,0,4,8,8,178,1854,8,5,0,2026-06-06T17:45:00+00:00,2026-06-07T16:02:52Z
1795,Diogo Dalot,491,Portugal,K,5,DF,official,34,3,Manchester United,England,27,1999-03-18,Portugal,184,,R,28000000,2028-06-30,5215600,available,80,Can Polish Skills,Unlikely,,,,,,17,Manchester United,1,Premier League,337,37,2796,1,3,2.72,2.52,26,7,31,1222,85.4,6.87,54,32,29,95,148,3,137,94,52,20,0,5,5,0,18,29,63,74,1917,26,22,1,2026-06-06T17:45:00+00:00,2026-06-07T16:02:52Z
1781,Renato Veiga,491,Portugal,K,13,DF,official,12,1,Villarreal,Spain,22,2003-07-29,Portugal,190,,L,24000000,2032-06-30,3374800,available,79,Can Polish Skills,Unlikely,,,,,,41,Villarreal,3,La Liga,294,46,3359,1,0,1.06,0.45,18,5,7,2175,88.4,6.76,27,12,33,192,119,5,97,95,60,40,0,7,4,1,3,7,5,280,2609,35,18,1,2026-06-06T17:45:00+00:00,2026-06-07T16:02:52Z
1214,Gonçalo Inácio,491,Portugal,K,14,DF,official,21,2,Sporting CP,Portugal,24,2001-08-25,Portugal,186,,L,42000000,2030-06-30,1902160,available,79,Can Polish Skills,Not Specifically,,,,,,22,Sporting CP,2,Liga Portugal Betclic,305,43,3461,3,3,1.55,2.13,14,4,19,3281,89.3,7.46,53,30,38,123,181,5,159,117,72,67,0,2,2,1,8,9,4,362,3696,25,18,0,2026-06-06T17:45:00+00:00,2026-06-07T16:02:52Z
8331,João Cancelo,491,Portugal,K,20,DF,official,67,12,FC Barcelona,Spain,32,1994-05-27,Portugal,182,,R,9600000,2026-06-30,15278640,available,82,Unlikely to Improve,Not Specifically,,,,,,44,FC Barcelona,3,La Liga,294,27,1441,2,3,0.89,2.25,17,6,20,880,87.8,7.06,36,25,17,29,79,7,107,95,13,12,0,6,4,0,40,70,50,48,1283,22,16,2,2026-06-06T17:45:00+00:00,2026-06-07T16:02:52Z
2642,Samú Costa,491,Portugal,K,24,DF,official,5,0,Mallorca,Spain,25,2000-11-27,Portugal,183,,L,14600000,2028-06-30,2638480,available,80,Can Polish Skills,Unlikely,,,,,,43,Mallorca,3,La Liga,294,37,2764,7,2,4.04,1.15,40,17,18,1346,80.6,6.97,70,38,27,91,124,8,227,210,78,41,0,5,7,0,13,49,30,136,1955,66,6,0,2026-06-06T17:45:00+00:00,2026-06-07T16:02:52Z
3470,Nuno Mendes,491,Portugal,K,25,DF,official,43,1,Paris Saint-Germain,France,23,2002-06-19,Portugal,180,,L,77000000,2029-06-30,7854080,available,85,Can Polish Skills,Not Specifically,46,52,61,58,64,114,Paris Saint-Germain,6,Ligue 1,317,43,2680,6,7,5.69,6.06,47,21,54,1963,88.9,7.17,52,35,32,52,184,12,183,147,21,22,0,6,2,0,61,112,80,160,2777,26,21,1,2026-03-31T23:00:00+00:00,2026-06-07T16:02:52Z
7880,Cristiano Ronaldo,491,Portugal,K,7,FW,official,227,143,Al-Nassr,Saudi Arabia,41,1985-02-05,Portugal,187,,R,12500000,2027-06-30,,available,,,,,,,,,267,Al-Nassr,17,Saudi Pro League,339,30,2612,28,2,26.06,0.7,161,60,25,578,84.1,7.19,3,2,3,8,17,45,49,74,13,30,0,7,1,0,14,27,9,14,903,12,20,13,2026-06-06T17:45:00+00:00,2026-06-07T16:02:52Z
2256,Gonçalo Ramos,491,Portugal,K,9,FW,official,24,10,Paris Saint-Germain,France,24,2001-06-20,Portugal,185,,R,32000000,2028-06-30,5583760,available,84,Almost Reached,Unlikely,54,74,33,53,49,114,Paris Saint-Germain,6,Ligue 1,317,52,1702,10,1,12.15,1.54,76,36,23,454,83.0,6.66,21,17,6,12,38,13,101,111,28,34,0,8,2,1,22,46,1,5,763,25,16,2,2026-03-31T23:00:00+00:00,2026-06-07T16:02:52Z
7881,João Félix,491,Portugal,K,11,FW,official,53,12,Al-Nassr,Saudi Arabia,26,1999-11-10,Portugal,181,,R,24000000,2027-06-30,35588800,available,86,Can Polish Skills,Not Specifically,,,,,,267,Al-Nassr,17,Saudi Pro League,339,33,2918,20,13,13.54,4.35,116,51,97,1049,81.9,7.75,31,17,7,12,85,25,172,183,18,23,0,7,5,0,48,106,133,84,1737,57,23,4,2026-06-06T17:45:00+00:00,2026-06-07T16:02:52Z
1219,Francisco Trincão,491,Portugal,K,16,FW,official,17,3,Sporting CP,Portugal,26,1999-12-29,Portugal,184,,L,42000000,2030-06-30,4295200,available,86,Almost Reached,Unlikely,,,,,,22,Sporting CP,2,Liga Portugal Betclic,305,45,3806,11,14,9.93,8.51,101,31,101,1725,85.6,7.16,51,32,18,20,153,36,154,179,12,7,0,5,1,0,62,138,155,74,2504,31,19,3,2026-06-06T17:45:00+00:00,2026-06-07T16:02:52Z
1997,Rafael Leão,491,Portugal,K,17,FW,official,44,5,AC Milan,Italy,26,1999-06-10,Portugal,188,,R,48000000,2028-06-30,6565520,available,83,Almost Reached,Unlikely,,,,,,63,AC Milan,4,Serie A,358,32,1966,10,3,10.24,3.4,67,25,24,612,83.3,6.9,6,3,5,7,47,20,100,112,31,28,0,7,4,0,27,60,25,21,966,19,18,1,2026-06-06T17:45:00+00:00,2026-06-07T16:02:52Z
394,Pedro Neto,491,Portugal,K,18,FW,official,24,2,Chelsea,England,26,2000-03-09,Portugal,172,,L,58000000,2031-06-30,5522400,available,79,Can Polish Skills,Somewhat,,,,,,13,Chelsea,1,Premier League,337,53,3771,10,10,7.99,9.01,72,25,83,1460,87.8,6.95,26,14,11,17,131,29,147,223,15,36,0,4,6,1,74,162,258,59,2305,24,19,1,2026-06-06T17:45:00+00:00,2026-06-07T16:02:52Z
1750,Gonçalo Guedes,491,Portugal,K,19,FW,official,34,8,Real Sociedad,Spain,29,1996-11-29,Portugal,179,,R,5700000,2028-06-30,3497520,injured,78,Almost Reached,Somewhat,,,,,,48,Real Sociedad,3,La Liga,294,40,2334,9,8,6.27,2.86,62,23,37,709,74.3,6.93,32,22,4,10,77,20,110,133,16,26,0,4,5,0,19,46,81,58,1175,22,3,1,2026-06-06T17:45:00+00:00,2026-06-07T16:02:52Z
2183,Francisco Conceição,491,Portugal,K,26,FW,official,16,3,Juventus,Italy,23,2002-12-14,Portugal,170,,L,28000000,2030-06-30,7179120,available,83,Almost Reached,Very Unlikely,,,,,,73,Juventus,4,Serie A,358,45,2694,4,5,9.05,6.37,93,30,53,1049,87.1,7.0,37,27,9,5,119,36,162,174,2,15,0,5,3,0,71,139,125,48,1720,40,19,3,2026-06-06T17:45:00+00:00,2026-06-07T16:02:52Z
996,Diogo Costa,491,Portugal,K,1,GK,official,42,0,FC Porto,Portugal,26,1999-09-19,Portugal,186,,R,42000000,2030-06-30,4908800,available,86,Almost Reached,Unlikely,,,,,,35,FC Porto,2,Liga Portugal Betclic,305,46,3987,0,0,,0.15,0,0,0,1409,76.3,7.06,0,0,0,44,334,0,15,1,9,0,89,28,2,0,1,1,0,574,1755,0,21,0,2026-06-06T17:45:00+00:00,2026-06-07T16:02:52Z
538,José Sá,491,Portugal,K,12,GK,official,5,0,Wolverhampton,England,33,1993-01-17,Portugal,192,,R,4800000,2027-06-30,4417920,available,77,Unlikely to Improve,Not Specifically,,,,,,11,Wolverhampton,1,Premier League,337,35,2160,0,0,,0.08,0,0,1,737,60.7,6.78,1,0,0,46,223,0,22,2,17,1,65,64,2,0,0,0,0,444,998,0,21,0,2026-06-06T17:45:00+00:00,2026-06-07T16:02:52Z
1211,Rui Silva,491,Portugal,K,22,GK,official,3,0,Sporting CP,Portugal,32,1994-02-07,Portugal,191,,L,6700000,2028-06-30,1534000,available,79,Unlikely to Improve,Not Specifically,,,,,,22,Sporting CP,2,Liga Portugal Betclic,305,43,3899,0,0,,0.01,0,0,0,1050,85.0,7.06,0,0,1,30,337,0,6,1,4,1,108,37,3,0,0,0,0,275,1424,0,19,0,2026-06-06T17:45:00+00:00,2026-06-07T16:02:52Z
844,Matheus Nunes,491,Portugal,K,6,MF,official,19,2,Manchester City,England,27,1998-08-27,Portugal,183,,R,43000000,2028-06-30,7976800,available,81,Almost Reached,Very Unlikely,46,56,40,65,64,12,Manchester City,1,Premier League,337,58,4015,1,7,0.49,2.28,10,3,37,2955,89.1,6.94,76,58,44,136,236,3,216,149,58,33,0,7,6,0,35,70,82,155,3932,35,11,0,2026-03-31T23:00:00+00:00,2026-06-07T16:02:52Z
1794,Bruno Fernandes,491,Portugal,K,8,MF,official,88,29,Manchester United,England,31,1994-09-08,Portugal,179,,R,37000000,2027-06-30,18408000,available,87,Unlikely to Improve,Very Unlikely,,,,,,17,Manchester United,1,Premier League,337,37,3201,9,22,12.65,11.9,90,26,143,2123,82.1,7.62,58,36,22,43,174,32,130,151,21,35,0,5,2,0,16,37,190,249,2810,24,22,7,2026-06-06T17:45:00+00:00,2026-06-07T16:02:52Z
848,Bernardo Silva,491,Portugal,K,10,MF,official,108,14,Manchester City,England,31,1994-08-10,Portugal,173,,L,26000000,2026-06-30,15340000,available,91,Unlikely to Improve,Unlikely,,,,,,12,Manchester City,1,Premier League,337,56,3798,3,5,3.37,4.67,37,10,57,2843,90.5,6.78,66,38,27,43,184,15,129,180,6,26,0,7,9,1,26,58,88,152,3420,53,21,3,2026-06-06T17:45:00+00:00,2026-06-07T16:02:52Z
2247,João Neves,491,Portugal,K,15,MF,official,21,3,Paris Saint-Germain,France,21,2004-09-27,Portugal,174,,R,148000000,2029-06-30,9265360,available,86,Can Polish Skills,Unlikely,66,53,63,64,57,114,Paris Saint-Germain,6,Ligue 1,317,39,2492,7,4,4.38,3.59,45,15,27,1806,91.3,7.12,59,33,28,21,141,10,153,109,42,34,0,10,1,0,14,27,4,102,2253,24,21,3,2026-03-31T23:00:00+00:00,2026-06-07T16:02:52Z
7995,Rúben Neves,491,Portugal,K,21,MF,official,66,1,Al-Hilal,Saudi Arabia,29,1997-03-13,Portugal,181,,R,24000000,2029-06-30,25403040,available,81,Almost Reached,Unlikely,,,,,,262,Al-Hilal,17,Saudi Pro League,339,31,2749,11,7,8.86,3.23,50,18,64,2237,89.5,7.85,53,36,24,68,169,11,95,75,17,23,0,2,2,0,11,23,258,300,2858,13,22,1,2026-06-06T17:45:00+00:00,2026-06-07T16:02:52Z
2248,Vitinha,491,Portugal,K,23,MF,official,37,0,Paris Saint-Germain,France,26,2000-02-13,Portugal,172,,R,102000000,2029-06-30,6626880,available,89,Almost Reached,Unlikely,51,55,42,63,62,114,Paris Saint-Germain,6,Ligue 1,317,50,3755,7,8,4.59,6.5,81,25,60,4568,93.5,7.58,51,35,46,41,238,28,112,95,7,10,0,8,1,0,19,26,37,364,5032,25,22,0,2026-03-31T23:00:00+00:00,2026-06-07T16:02:52Z
53906,Pedro Miguel,461,Qatar,B,2,DF,official,99,3,Al-Sadd,,35,1990-08-06,Qatar,188,,R,160000,2030-06-30,,available,,,,,,,,,2392,Al-Sadd,31,International Friendly Games,133,2,180,0,0,,,,,,,,7.65,,,,,,,,,,,,,,,,,,,,,17,2,2026-06-06T20:00:00+00:00,2026-06-07T16:02:52Z
53919,Lucas Mendes,461,Qatar,B,3,DF,official,25,1,Al-Wakrah,,35,1990-07-03,Qatar,184,,L,315000,2027-06-30,,available,,,,,,,,,2354,Al-Wakrah,31,International Friendly Games,133,2,12,0,0,,,,,,,,6.8,,,,,,,,,,,,,,,,,,,,,22,2,2026-06-06T20:00:00+00:00,2026-06-07T16:02:52Z
53910,Issa Laye,461,Qatar,B,4,DF,official,4,0,Al-Arabi SC,,28,1997-12-22,Qatar,188,,R,210000,2030-06-30,,available,,,,,,,,,2396,Al-Arabi SC,31,International Friendly Games,133,2,157,0,0,,,,,,,,7.0,,,,,,,,,,,,,,,,,,,,,2,0,2026-06-06T20:00:00+00:00,2026-06-07T16:02:52Z
53908,Jassem Gaber Abdulsallam,461,Qatar,B,5,DF,official,32,1,Al-Rayyan,,24,2002-02-20,Qatar,183,,R,475000,2030-06-30,184080,available,61,Much Room to Grow,Somewhat,,,,,,2394,Al-Rayyan,31,International Friendly Games,133,2,137,0,0,,,,,,,,6.65,,,,,,,,,,,,,,,,,,,,,20,1,2026-06-06T20:00:00+00:00,2026-06-07T16:02:52Z
53905,Ayoub Al Oui,461,Qatar,B,13,DF,official,6,0,Al-Gharafa,,21,2005-03-11,Qatar,178,,R,360000,,,available,,,,,,,,,2393,Al-Gharafa,31,International Friendly Games,133,2,123,0,0,,,,,,,,6.3,,,,,,,,,,,,,,,,,,,,,4,0,2026-06-06T20:00:00+00:00,2026-06-07T16:02:52Z
35888,Homam Al-Amin,461,Qatar,B,14,DF,official,68,3,Cultural Leonesa,Spain,26,1999-08-25,Qatar,186,,L,460000,2026-06-30,,available,,,,,,,,,1450,Cultural Leonesa,31,International Friendly Games,133,18,696,0,0,0.74,,13,7,5,240,84.2,6.52,10,6,8,16,32,1,32,31,12,9,0,7,2,0,3,3,21,27,376,10,20,0,2026-06-06T20:00:00+00:00,2026-06-07T16:02:52Z
53907,Boualem Khoukhi,461,Qatar,B,16,DF,official,116,20,Al-Sadd,,35,1990-07-09,Qatar,183,,R,190000,2027-06-30,,available,,,,,,,,,2392,Al-Sadd,31,International Friendly Games,133,2,149,0,0,,,,,,,,6.8,,,,,,,,,,,,,,,,,,,,,20,1,2026-06-06T20:00:00+00:00,2026-06-07T16:02:52Z
53925,Sultan Al-Brake,461,Qatar,B,18,DF,official,17,0,Al Duhail,,30,1996-04-07,Qatar,175,,L,325000,,,available,,,,,,,,,2314,Al Duhail,31,International Friendly Games,133,2,8,0,0,,,,,,,,6.7,,,,,,,,,,,,,,,,,,,,,16,0,2026-06-06T20:00:00+00:00,2026-06-07T16:02:52Z
59395,Alhashmi Mohialdin,461,Qatar,B,25,DF,official,8,0,Al-Arabi SC,,22,2003-08-15,Qatar,184,,R,240000,,,available,,,,,,,,,2396,Al-Arabi SC,,,,,,,,,,,,,,,,,,,,,,,,,,,,,,,,,,,,0,0,,2026-06-07T16:02:52Z
55391,Bassam Al Rawi,461,Qatar,B,,DF,preliminary,70,2,Al-Duhail,,28,1997-12-16,Qatar,175,,,360000,,,available,,,,,,,,,,Al-Duhail,,,,,,,,,,,,,,,,,,,,,,,,,,,,,,,,,,,,16,0,2025-06-10T13:45:00+00:00,2026-06-07T16:02:52Z
59663,Niall Mason,461,Qatar,B,,DF,preliminary,0,0,Qatar SC,,29,1997-01-10,,180,,R,,,61360,available,67,Can Polish Skills,Unlikely,,,,,,,Qatar SC,,,,,,,,,,,,,,,,,,,,,,,,,,,,,,,,,,,,0,0,,2026-06-07T16:02:52Z
53921,Rayyan Ahmed Al-Ali,461,Qatar,B,,DF,preliminary,1,0,Al-Gharafa,,20,2006-03-26,Qatar,,,,195000,,,available,,,,,,,,,,Al-Gharafa,31,International Friendly Games,133,,,,,,,,,,,,,,,,,,,,,,,,,,,,,,,,,2,0,2026-06-06T20:00:00+00:00,2026-06-07T16:02:52Z
54364,Tarek Salman,461,Qatar,B,,DF,preliminary,90,0,Al-Sadd,,28,1997-12-05,Qatar,179,,,540000,,,available,,,,,,,,,,Al-Sadd,,,,,,,,,,,,,,,,,,,,,,,,,,,,,,,,,,,,22,0,2025-10-14T17:00:00+00:00,2026-06-07T16:02:52Z
53917,Ahmed Alaaeldin,461,Qatar,B,7,FW,official,68,9,Al-Rayyan,,33,1993-01-31,Qatar,177,,L,290000,2027-06-30,,available,,,,,,,,,2394,Al-Rayyan,31,International Friendly Games,133,2,63,0,0,,,,,,,,6.45,,,,,,,,,,,,,,,,,,,,,18,2,2026-06-06T20:00:00+00:00,2026-06-07T16:02:52Z
53911,Edmilson Junior,461,Qatar,B,8,FW,official,16,0,Al Duhail,,31,1994-08-19,Qatar,180,,R,1900000,,,available,,,,,,,,,2314,Al Duhail,31,International Friendly Games,133,2,136,0,0,,,,,,,,6.8,,,,,,,,,,,,,,,,,,,,,11,0,2026-06-06T20:00:00+00:00,2026-06-07T16:02:52Z
53928,Mohammed Muntari,461,Qatar,B,9,FW,official,67,16,Al-Gharafa,,32,1993-12-20,Qatar,194,,B,195000,2026-06-30,,available,,,,,,,,,2393,Al-Gharafa,31,International Friendly Games,133,2,0,0,0,,,,,,,,,,,,,,,,,,,,,,,,,,,,,10,0,2026-06-06T20:00:00+00:00,2026-06-07T16:02:52Z
53923,Hassan Al Haydos,461,Qatar,B,10,FW,official,186,41,Al-Sadd,,35,1990-12-11,Qatar,174,,R,330000,2026-06-30,,available,,,,,,,,,2392,Al-Sadd,31,International Friendly Games,133,2,16,0,0,,,,,,,,6.9,,,,,,,,,,,,,,,,,,,,,13,4,2026-06-06T20:00:00+00:00,2026-06-07T16:02:52Z
53913,Akram Afif,461,Qatar,B,11,FW,official,125,39,Al-Sadd,,29,1996-11-18,Qatar,177,,R,7500000,,,available,,,,,,,,,2392,Al-Sadd,31,International Friendly Games,133,2,136,0,0,,,,,,,,6.8,,,,,,,,,,,,,,,,,,,,,25,12,2026-06-06T20:00:00+00:00,2026-06-07T16:02:52Z
53912,Yusuf Abdurisag,461,Qatar,B,15,FW,official,39,3,Al-Wakrah,,26,1999-08-06,Qatar,175,,R,290000,2026-06-30,306800,available,68,Can Polish Skills,Unlikely,,,,,,2354,Al-Wakrah,31,International Friendly Games,133,2,137,0,0,,,,,,,,6.3,,,,,,,,,,,,,,,,,,,,,19,1,2026-06-06T20:00:00+00:00,2026-06-07T16:02:52Z
53915,Almoez Ali,461,Qatar,B,19,FW,official,115,55,Al Duhail,,29,1996-08-19,Qatar,180,,B,2400000,,,available,,,,,,,,,2314,Al Duhail,31,International Friendly Games,133,1,20,0,0,,,,,,,,5.8,,,,,,,,,,,,,,,,,,,,,23,14,2026-05-28T18:45:00+00:00,2026-06-07T16:02:52Z
53922,Tahsin Mohammed Jamshid,461,Qatar,B,24,FW,official,3,0,Al Duhail,,19,2006-06-16,Qatar,177,,R,210000,,,available,,,,,,,,,2314,Al Duhail,31,International Friendly Games,133,2,24,0,0,,,,,,,,6.6,,,,,,,,,,,,,,,,,,,,,6,0,2026-06-06T20:00:00+00:00,2026-06-07T16:02:52Z
54842,Mohammed Waad,461,Qatar,B,26,FW,official,10,0,Al-Shamal,,23,2002-10-25,Qatar,183,,,465000,,,available,,,,,,,,,,Al-Shamal,,,,,,,,,,,,,,,,,,,,,,,,,,,,,,,,,,,,18,0,2025-10-08T15:00:00+00:00,2026-06-07T16:02:52Z
57901,Saoud Mubarak,461,Qatar,B,,FW,preliminary,2,0,Al-Duhail,,22,2004-02-20,Qatar,177,,,155000,,,available,,,,,,,,,,Al-Duhail,,,,,,,,,,,,,,,,,,,,,,,,,,,,,,,,,,,,2,0,2024-03-26T19:00:00+00:00,2026-06-07T16:02:52Z
54363,Sebastian Soria,461,Qatar,B,,FW,preliminary,124,39,Qatar SC,,42,1983-11-08,Qatar,186,,,52000,,,available,,,,,,,,,,Qatar SC,,,,,,,,,,,,,,,,,,,,,,,,,,,,,,,,,,,,1,0,2025-10-14T17:00:00+00:00,2026-06-07T16:02:52Z
53904,Mahmud Abunad,461,Qatar,B,1,GK,official,5,0,Al-Rayyan,,26,2000-02-05,Qatar,191,,L,420000,2030-06-30,,available,,,,,,,,,2394,Al-Rayyan,31,International Friendly Games,133,2,180,0,0,,,,,,,,7.0,,,,,,,,,,,,,,,,,,,,,6,0,2026-06-06T20:00:00+00:00,2026-06-07T16:02:52Z
53924,Salah Zakaria,461,Qatar,B,21,GK,official,8,0,Al Duhail,,27,1999-04-24,Qatar,185,,R,440000,2026-06-30,,available,,,,,,,,,2314,Al Duhail,31,International Friendly Games,133,2,0,0,0,,,,,,,,,,,,,,,,,,,,,,,,,,,,,21,0,2026-06-06T20:00:00+00:00,2026-06-07T16:02:52Z
54366,Meshaal Barsham,461,Qatar,B,22,GK,official,52,0,Al-Sadd,,28,1998-02-14,Qatar,180,,R,660000,,,available,,,,,,,,,2392,Al-Sadd,31,International Friendly Games,133,1,0,0,0,,,,,,,,,,,,,,,,,,,,,,,,,,,,,24,0,2026-06-06T20:00:00+00:00,2026-06-07T16:02:52Z
59674,Fahad Younis,461,Qatar,B,,GK,preliminary,0,0,Al-Sailiya,,31,1994-07-30,,,,,,,,available,,,,,,,,,,Al-Sailiya,,,,,,,,,,,,,,,,,,,,,,,,,,,,,,,,,,,,0,0,,2026-06-07T16:02:52Z
54365,Shehab Ellethy,461,Qatar,B,,GK,preliminary,1,0,Al-Shahaniya,,26,2000-04-18,Qatar,180,,,340000,,,available,,,,,,,,,,Al-Shahaniya,,,,,,,,,,,,,,,,,,,,,,,,,,,,,,,,,,,,6,0,2025-10-14T17:00:00+00:00,2026-06-07T16:02:52Z
53926,Abdelaziz Hatem,461,Qatar,B,6,MF,official,117,11,Al-Rayyan,,35,1990-10-28,Qatar,183,,L,245000,,,available,,,,,,,,,2394,Al-Rayyan,31,International Friendly Games,133,2,0,0,0,,,,,,,,,,,,,,,,,,,,,,,,,,,,,21,0,2026-06-06T20:00:00+00:00,2026-06-07T16:02:52Z
53916,Karim Boudiaf,461,Qatar,B,12,MF,official,118,5,Al Duhail,,35,1990-09-16,Qatar,190,,R,160000,,1718080,available,74,Unlikely to Improve,Unlikely,,,,,,2314,Al Duhail,31,International Friendly Games,133,2,77,0,0,,,,,,,,6.7,,,,,,,,,,,,,,,,,,,,,6,0,2026-06-06T20:00:00+00:00,2026-06-07T16:02:52Z
53927,Ahmed Al-Ganehi,461,Qatar,B,17,MF,official,13,1,Al-Gharafa,,25,2000-09-22,Qatar,178,,R,475000,2026-06-30,,available,,,,,,,,,2393,Al-Gharafa,31,International Friendly Games,133,2,0,0,0,,,,,,,,,,,,,,,,,,,,,,,,,,,,,21,1,2026-06-06T20:00:00+00:00,2026-06-07T16:02:52Z
53921,Rayyan Ahmed Al-Ali,461,Qatar,B,20,MF,official,48,0,Al-Arabi,,33,1993-01-25,Qatar,,,,195000,,,available,,,,,,,,,,Al-Arabi,31,International Friendly Games,133,,,,,,,,,,,,,,,,,,,,,,,,,,,,,,,,,2,0,2026-06-06T20:00:00+00:00,2026-06-07T16:02:52Z
53918,Assim Madibo,461,Qatar,B,23,MF,official,51,0,Al-Wakrah,,29,1996-10-22,Qatar,168,,R,325000,2026-06-30,,available,,,,,,,,,2354,Al-Wakrah,31,International Friendly Games,133,2,76,0,0,,,,,,,,7.1,,,,,,,,,,,,,,,,,,,,,8,0,2026-06-06T20:00:00+00:00,2026-06-07T16:02:52Z
53914,Mohamed Naceur Almanai,461,Qatar,B,26,MF,official,9,0,Al Shamal SC,,22,2003-10-30,Qatar,189,,R,470000,,,available,,,,,,,,,2395,Al Shamal SC,31,International Friendly Games,133,2,39,0,0,,,,,,,,6.55,,,,,,,,,,,,,,,,,,,,,5,0,2026-06-06T20:00:00+00:00,2026-06-07T16:02:52Z
54842,Mohammed Waad,461,Qatar,B,,MF,preliminary,49,0,Al-Shamal,,26,1999-09-18,Qatar,183,,,465000,,,available,,,,,,,,,,Al-Shamal,,,,,,,,,,,,,,,,,,,,,,,,,,,,,,,,,,,,18,0,2025-10-08T15:00:00+00:00,2026-06-07T16:02:52Z
23941,Mohammed Al Dawsari,479,Saudi Arabia,H,2,DF,official,21,0,Al-Taawoun,Saudi Arabia,26,1999-10-02,Saudi Arabia,179,,,24000,,,available,,,,,,,,,266,Al-Taawoun,,,,,,,,,,,,,,,,,,,,,,,,,,,,,,,,,,,,0,0,,2026-06-07T16:02:52Z
8288,Ali Lajami,479,Saudi Arabia,H,3,DF,official,21,1,Al-Hilal,Saudi Arabia,30,1996-04-25,Saudi Arabia,175,,R,825000,2028-06-30,,available,,,,,,,,,262,Al-Hilal,17,Saudi Pro League,339,32,654,0,0,0.64,0.14,4,0,2,415,92.3,6.64,8,4,24,16,34,0,22,30,12,15,0,2,0,0,1,2,1,40,527,11,20,1,2026-06-05T23:00:00+00:00,2026-06-07T16:02:52Z
7886,Abdulelah Al-Amri,479,Saudi Arabia,H,4,DF,official,42,1,Al-Nassr,Saudi Arabia,29,1997-01-15,Saudi Arabia,185,,R,1000000,2028-06-30,,available,,,,,,,,,267,Al-Nassr,17,Saudi Pro League,339,28,1812,2,2,1.18,0.59,16,3,4,913,87.8,7.07,33,21,42,68,108,3,84,68,38,24,0,7,2,0,5,9,5,115,1160,17,10,0,2026-06-05T23:00:00+00:00,2026-06-07T16:02:52Z
8253,Hassan Altambakti,479,Saudi Arabia,H,5,DF,official,51,1,Al-Hilal,Saudi Arabia,27,1999-02-09,Saudi Arabia,182,,R,1900000,2027-06-30,,available,,,,59,33,75,47,38,262,Al-Hilal,17,Saudi Pro League,339,30,2358,1,0,1.22,0.4,8,3,5,1427,90.3,7.07,84,44,39,85,119,3,127,95,20,33,0,2,4,0,7,11,8,102,1800,44,18,0,2026-05-31T00:00:00+00:00,2026-06-07T16:02:52Z
1418,Saud Abdulhamid,479,Saudi Arabia,H,12,DF,official,54,1,RC Lens,France,26,1999-07-18,Saudi Arabia,178,,R,4600000,2026-06-30,1902160,available,74,Almost Reached,Not Specifically,,,,,,99,RC Lens,6,Ligue 1,317,37,1849,3,7,2.14,3.28,16,6,35,857,87.0,7.09,44,28,15,30,89,2,86,81,11,16,0,2,5,1,10,22,59,38,1353,29,26,0,2026-06-05T23:00:00+00:00,2026-06-07T16:02:52Z
7882,Nawaf Boushal,479,Saudi Arabia,H,13,DF,official,24,0,Al-Nassr,Saudi Arabia,26,1999-09-16,Saudi Arabia,178,,R,1500000,2027-06-30,,available,,,,52,37,64,47,43,267,Al-Nassr,17,Saudi Pro League,339,33,1899,0,6,,0.99,0,0,20,830,84.6,6.92,63,51,31,71,90,0,109,67,17,9,0,7,2,1,12,26,52,54,1339,24,12,0,2026-05-31T00:00:00+00:00,2026-06-07T16:02:52Z
8931,Hassan Murtadh Al-Musallam,479,Saudi Arabia,H,14,DF,official,20,2,Al-Ettifaq,Saudi Arabia,33,1992-09-26,Saudi Arabia,,,,,,,available,,,,,,,,,260,Al-Ettifaq,17,Saudi Pro League,339,6,0,0,0,,,0,0,0,0,,,0,0,0,0,0,0,0,0,0,0,0,0,0,0,0,0,0,0,0,0,0,0,,2026-06-07T16:02:52Z
8252,Moteb Al-Harbi,479,Saudi Arabia,H,24,DF,official,12,0,Al-Hilal,Saudi Arabia,26,2000-02-19,Saudi Arabia,171,,L,1200000,2029-06-30,2331680,available,72,Can Polish Skills,Unlikely,,,,,,262,Al-Hilal,17,Saudi Pro League,339,31,1841,2,2,0.84,0.5,8,4,5,1111,91.1,6.84,41,28,34,38,95,2,80,50,14,15,0,2,0,0,12,24,18,58,1435,14,8,0,2026-06-05T23:00:00+00:00,2026-06-07T16:02:52Z
8146,Jehad Thakri,479,Saudi Arabia,H,25,DF,official,7,0,Al-Qadsiah,Saudi Arabia,24,2001-07-21,Saudi Arabia,184,,R,950000,2029-06-30,1043120,available,71,Almost Reached,Unlikely,,,,,,272,Al-Qadsiah,17,Saudi Pro League,339,30,1527,0,0,0.62,0.32,8,0,1,906,90.4,6.73,24,12,16,55,82,3,67,63,29,20,0,3,5,0,2,6,2,69,1114,28,6,0,2026-06-05T23:00:00+00:00,2026-06-07T16:02:52Z
8131,Mohammed Abu Al-Shamat,479,Saudi Arabia,H,26,DF,official,6,0,Al-Qadsiah,Saudi Arabia,23,2002-08-11,Saudi Arabia,170,,R,1400000,2031-06-30,490880,available,73,Almost Reached,Unlikely,,,,,,272,Al-Qadsiah,17,Saudi Pro League,339,31,2497,2,8,3.94,2.54,45,11,44,1445,83.2,7.24,76,50,40,51,131,13,162,130,19,15,0,3,3,1,40,76,102,137,2228,30,2,0,2026-06-05T23:00:00+00:00,2026-06-07T16:02:52Z
8125,Zakaria Hawsawi,479,Saudi Arabia,H,,DF,preliminary,1,0,Al-Ahli,Saudi Arabia,25,2001-01-11,Saudi Arabia,175,,L,1100000,2026-06-30,,available,,,,30,38,56,44,39,258,Al-Ahli,17,Saudi Pro League,339,25,1614,1,1,0.96,1.31,3,2,9,538,76.6,6.84,34,20,26,26,84,0,91,84,8,7,0,4,4,0,31,60,41,65,931,23,0,0,,2026-06-07T16:02:52Z
7875,Ayman Yahya,479,Saudi Arabia,H,8,FW,official,26,0,Al-Nassr,Saudi Arabia,25,2001-05-14,Saudi Arabia,168,,B,1400000,2028-06-30,920400,available,66,Can Still Improve,Not Specifically,,,,,,267,Al-Nassr,17,Saudi Pro League,339,28,1276,2,2,1.09,0.26,19,8,11,706,84.8,6.77,33,23,18,15,85,3,75,87,20,16,0,7,5,0,11,23,36,46,1022,33,15,0,2026-06-05T23:00:00+00:00,2026-06-07T16:02:52Z
8122,Firas Al-Buraikan,479,Saudi Arabia,H,9,FW,official,69,15,Al-Ahli,Saudi Arabia,26,2000-05-14,Saudi Arabia,181,,L,3700000,2028-06-30,,available,,,,51,62,38,52,41,258,Al-Ahli,17,Saudi Pro League,339,34,1763,5,1,3.1,0.74,19,9,15,324,71.0,6.76,39,27,8,31,54,5,103,94,39,23,0,5,1,0,6,19,21,13,577,25,26,6,2026-05-31T00:00:00+00:00,2026-06-07T16:02:52Z
7999,Salem Al-Dawsari,479,Saudi Arabia,H,10,FW,official,109,27,Al-Hilal,Saudi Arabia,34,1991-08-19,Saudi Arabia,171,,R,1300000,2027-06-30,,available,,,,,,,,,262,Al-Hilal,17,Saudi Pro League,339,26,1894,8,8,8.98,3.12,54,20,39,808,84.3,7.28,22,15,6,9,69,16,83,97,6,5,0,2,0,0,28,68,60,21,1214,21,20,2,2026-06-05T23:00:00+00:00,2026-06-07T16:02:52Z
8169,Saleh Al-Shehri,479,Saudi Arabia,H,11,FW,official,55,18,Al-Ittihad,Saudi Arabia,32,1993-11-01,Saudi Arabia,184,,R,530000,2027-06-30,,available,,,,,,,,,271,Al-Ittihad,17,Saudi Pro League,339,22,455,3,2,3.74,0.11,20,6,8,117,76.9,6.57,5,2,1,2,14,6,31,34,13,8,0,10,0,0,6,10,0,3,196,10,24,5,2026-06-05T23:00:00+00:00,2026-06-07T16:02:52Z
8049,Khalid Al-Ghannam,479,Saudi Arabia,H,17,FW,official,6,0,Al-Ettifaq,Saudi Arabia,25,2000-11-08,Saudi Arabia,171,,R,825000,2028-06-30,859040,available,69,Can Polish Skills,Unlikely,,,,,,260,Al-Ettifaq,17,Saudi Pro League,339,33,2185,13,6,6.26,2.27,43,29,43,540,75.4,7.28,28,18,6,9,70,8,123,144,4,14,0,5,3,0,50,107,59,43,982,26,6,0,2026-06-05T23:00:00+00:00,2026-06-07T16:02:52Z
8301,Abdullah Jaman,479,Saudi Arabia,H,19,FW,official,49,12,Al-Shabab,Saudi Arabia,26,1999-09-13,Saudi Arabia,,,,,,,available,,,,,,,,,264,Al-Shabab,17,Saudi Pro League,339,6,0,0,0,,,0,0,0,0,,,0,0,0,0,0,0,0,0,0,0,0,0,0,0,0,0,0,0,0,0,0,0,,2026-06-07T16:02:52Z
7921,Sultan Mandash,479,Saudi Arabia,H,20,FW,official,6,2,Al-Hilal,Saudi Arabia,31,1994-10-17,Saudi Arabia,175,,L,390000,2028-06-30,,available,,,,,,,,,262,Al-Hilal,17,Saudi Pro League,339,20,466,4,2,1.06,0.99,8,5,10,165,90.9,7.12,15,10,2,5,24,0,38,43,2,2,0,2,3,0,11,29,11,4,290,15,3,1,2026-06-05T23:00:00+00:00,2026-06-07T16:02:52Z
8141,Abdullah Al-Salem,479,Saudi Arabia,H,,FW,preliminary,3,0,Al-Qadsiah,Saudi Arabia,33,1992-12-19,Saudi Arabia,183,,R,265000,2027-06-30,,available,,,,52,63,35,55,42,272,Al-Qadsiah,17,Saudi Pro League,339,34,637,4,0,3.28,0.28,22,8,5,176,83.5,6.63,5,3,3,3,12,2,23,26,12,13,0,3,0,0,3,5,5,8,248,5,7,0,2025-06-29T02:15:00+00:00,2026-06-07T16:02:52Z
7871,Nawaf Al-Aqidi,479,Saudi Arabia,H,1,GK,official,22,0,Al-Nassr,Saudi Arabia,26,2000-05-10,Saudi Arabia,188,,R,755000,2028-06-30,2577120,available,70,Can Polish Skills,Unlikely,56,,,,,267,Al-Nassr,17,Saudi Pro League,339,25,960,0,1,,,0,0,1,242,74.8,6.83,1,1,0,5,97,0,4,0,3,0,25,19,0,1,0,0,0,114,335,0,13,0,2026-03-31T16:00:00+00:00,2026-06-07T16:02:52Z
17201,Mohammed Al-Owais,479,Saudi Arabia,H,21,GK,official,63,0,Al Ula,,34,1991-10-10,Saudi Arabia,185,,L,290000,,,available,,,,54,,,,,2400,Al Ula,31,International Friendly Games,133,2,180,0,0,,,,,,,,7.7,,,,,,,,,,,,,,,,,,,,,10,0,2026-05-31T00:00:00+00:00,2026-06-07T16:02:52Z
8384,Ahmed Al-Kassar,479,Saudi Arabia,H,22,GK,official,9,0,Al-Qadsiah,Saudi Arabia,35,1991-05-08,Saudi Arabia,187,,R,185000,2027-06-30,,available,,,,,,,,,272,Al-Qadsiah,17,Saudi Pro League,339,24,205,0,0,,0.0,0,0,0,54,77.8,6.83,0,0,0,3,14,0,2,1,2,0,2,25,0,0,0,0,0,25,69,0,25,0,2026-06-05T23:00:00+00:00,2026-06-07T16:02:52Z
7925,Abdulquddus Atiah,479,Saudi Arabia,H,,GK,preliminary,1,0,Al-Taawoun,Saudi Arabia,29,1997-03-01,Saudi Arabia,183,,R,250000,2026-06-30,,available,,,,,,,,,266,Al-Taawoun,17,Saudi Pro League,339,34,90,0,0,,,0,0,0,15,60.0,6.3,0,0,0,2,4,0,0,0,0,0,5,46,0,0,0,0,0,6,23,0,2,0,2026-06-05T23:00:00+00:00,2026-06-07T16:02:52Z
7991,Nasser Al-Dawsari,479,Saudi Arabia,H,6,MF,official,43,0,Al-Hilal,Saudi Arabia,27,1998-12-19,Saudi Arabia,178,,L,775000,2027-06-30,,available,,,,,,,,,262,Al-Hilal,17,Saudi Pro League,339,27,1637,0,1,0.91,0.22,14,3,15,829,89.0,6.84,51,26,28,24,64,3,77,59,13,5,0,2,0,0,6,17,40,47,1117,19,18,0,2026-06-05T23:00:00+00:00,2026-06-07T16:02:52Z
8139,Musab Al Juwayr,479,Saudi Arabia,H,7,MF,official,34,6,Al-Qadsiah,Saudi Arabia,22,2003-06-20,Saudi Arabia,178,,R,4700000,2030-06-30,2761200,available,75,Can Polish Skills,Unlikely,,,,,,272,Al-Qadsiah,17,Saudi Pro League,339,31,2537,6,11,5.7,5.15,48,17,85,2019,84.9,7.37,44,31,14,3,132,11,85,105,9,12,0,3,0,0,15,37,185,154,2545,18,18,3,2026-06-05T23:00:00+00:00,2026-06-07T16:02:52Z
7883,Abdullah Al-Khaibari,479,Saudi Arabia,H,15,MF,official,39,0,Al-Nassr,Saudi Arabia,29,1996-08-16,Saudi Arabia,178,,R,725000,2029-06-30,,available,,,,,,,,,267,Al-Nassr,17,Saudi Pro League,339,32,1697,0,1,0.35,0.44,10,0,14,893,95.1,6.77,33,19,11,11,74,3,61,71,7,12,0,6,3,0,5,14,1,53,1046,34,16,0,2026-06-05T23:00:00+00:00,2026-06-07T16:02:52Z
8118,Ziyad Aljohani,479,Saudi Arabia,H,16,MF,official,12,0,Al-Ahli,Saudi Arabia,24,2001-11-11,Saudi Arabia,180,,L,775000,2030-06-30,,available,,,,,,,,,258,Al-Ahli,17,Saudi Pro League,339,31,1532,0,1,0.77,0.3,12,4,15,625,88.2,6.7,33,22,12,18,67,5,67,68,9,9,0,5,6,0,7,11,11,62,831,33,13,0,2026-06-05T23:00:00+00:00,2026-06-07T16:02:52Z
8308,Ala'a Al-Hejji,479,Saudi Arabia,H,18,MF,official,2,0,Neom SC,Saudi Arabia,30,1995-12-03,Saudi Arabia,173,,R,145000,2028-06-30,,available,,,,,,,,,259,Neom SC,17,Saudi Pro League,339,26,1356,3,1,1.55,1.54,13,6,24,715,86.0,6.8,29,22,22,20,68,3,62,59,8,12,0,7,1,0,8,20,18,42,943,14,2,0,2026-06-05T23:00:00+00:00,2026-06-07T16:02:52Z
7998,Mohamed Kanno,479,Saudi Arabia,H,23,MF,official,76,8,Al-Hilal,Saudi Arabia,31,1994-09-22,Saudi Arabia,191,,R,930000,2027-06-30,,available,,,,,,,,,262,Al-Hilal,17,Saudi Pro League,339,34,2077,5,3,2.39,1.81,30,19,21,1274,90.5,7.18,54,35,27,20,110,5,124,77,53,16,0,2,2,0,8,20,19,58,1574,31,18,1,2026-06-05T23:00:00+00:00,2026-06-07T16:02:52Z
8128,Saleh Abu Al-Shamat,479,Saudi Arabia,H,,MF,preliminary,11,2,Al-Ahli,Saudi Arabia,23,2002-08-11,Saudi Arabia,171,,R,365000,2028-06-30,1840800,available,72,Almost Reached,Unlikely,48,58,40,63,57,258,Al-Ahli,17,Saudi Pro League,339,31,794,1,3,2.18,1.9,21,9,20,381,78.2,6.86,24,15,11,7,59,3,56,49,6,5,0,5,4,0,18,31,50,39,615,10,3,1,2026-05-31T00:00:00+00:00,2026-06-07T16:02:52Z
2373,Aaron Hickey,466,Scotland,C,2,DF,official,21,0,Brentford,England,23,2002-06-10,Scotland,185,,B,16500000,2028-06-30,3068000,available,79,Can Polish Skills,Not Specifically,,,,,,16,Brentford,1,Premier League,337,34,1048,1,0,0.61,0.14,9,2,3,422,85.3,6.69,19,10,9,31,56,3,49,46,11,11,0,8,0,0,3,14,11,33,662,11,7,0,2026-06-06T20:00:00+00:00,2026-06-07T16:02:52Z
326,Andy Robertson,466,Scotland,C,3,DF,official,94,4,Liverpool FC,England,32,1994-03-11,Scotland,178,,L,10700000,2026-06-30,10738000,available,84,Unlikely to Improve,Unlikely,,,,,,1,Liverpool FC,1,Premier League,337,56,1981,3,2,1.46,2.0,14,5,38,1331,85.9,6.84,20,15,17,49,81,6,46,45,18,15,0,10,1,0,5,12,96,123,1740,13,21,1,2026-06-06T20:00:00+00:00,2026-06-07T16:02:52Z
5890,Grant Hanley,466,Scotland,C,5,DF,official,68,2,Hibernian,Scotland,34,1991-11-20,Scotland,188,,R,195000,2027-05-31,1840800,available,74,Unlikely to Improve,Not Specifically,,,,,,229,Hibernian,13,Scottish Premiership,345,28,1932,0,0,1.52,0.01,14,7,0,1054,89.3,6.74,22,15,23,149,51,2,112,69,71,41,0,3,0,1,1,2,0,112,1371,18,20,0,2026-06-06T20:00:00+00:00,2026-06-07T16:02:52Z
3387,Kieran Tierney,466,Scotland,C,6,DF,official,56,2,Celtic,Scotland,29,1997-06-05,Scotland,178,,L,7700000,2030-06-30,3068000,available,81,Can Still Improve,Somewhat,,,,,,132,Celtic,13,Scottish Premiership,345,49,3223,4,9,3.19,4.72,30,9,59,2109,81.1,7.1,73,46,20,171,132,9,168,119,54,61,0,6,2,0,14,24,180,241,3139,20,11,1,2026-06-06T20:00:00+00:00,2026-06-07T16:02:52Z
8032,Jack Hendry,466,Scotland,C,13,DF,official,38,3,Al-Ettifaq,Saudi Arabia,31,1995-05-07,Scotland,195,,R,2400000,2026-06-30,1779440,available,76,Unlikely to Improve,Unlikely,,,,,,260,Al-Ettifaq,17,Saudi Pro League,339,30,2558,1,0,1.35,0.09,5,1,5,1414,90.8,6.78,18,11,15,123,98,1,83,56,40,14,0,4,6,1,3,6,7,149,1702,30,16,0,2026-06-06T20:00:00+00:00,2026-06-07T16:02:52Z
4153,John Souttar,466,Scotland,C,15,DF,official,24,2,Rangers,Scotland,29,1996-09-25,Scotland,185,,R,2100000,2027-05-31,1104480,available,72,Can Polish Skills,Extremely,,,,,,145,Rangers,13,Scottish Premiership,345,40,2785,0,0,1.24,0.2,20,5,13,2062,90.3,7.21,32,20,17,214,106,6,167,89,107,51,0,7,3,0,4,5,6,209,2471,22,17,0,2026-06-06T20:00:00+00:00,2026-06-07T16:02:52Z
6543,Dominic Hyam,466,Scotland,C,16,DF,official,4,0,Wrexham,Wales,30,1995-12-20,Scotland,183,,R,2100000,2027-06-30,1227200,available,72,Unlikely to Improve,Very Unlikely,,,,,,206,Wrexham,12,Championship,243,46,3920,1,0,1.52,0.21,14,3,4,1946,81.8,6.8,42,25,46,323,127,3,198,151,121,91,0,5,3,0,5,6,5,342,2624,40,4,0,2026-06-06T20:00:00+00:00,2026-06-07T16:02:52Z
818,Nathan Patterson,466,Scotland,C,22,DF,official,26,1,Everton U21,,24,2001-10-16,Scotland,189,,R,16300000,2027-06-30,2454400,available,73,Can Polish Skills,Somewhat,,,,,,2318,Everton U21,1,Premier League,337,28,266,0,0,,,,,,,,6.88,,,,,,,,,,,,,,,,,,,,,4,0,2026-06-06T20:00:00+00:00,2026-06-07T16:02:52Z
3398,Tony Ralston,466,Scotland,C,24,DF,official,27,1,Celtic,Scotland,27,1998-11-16,Scotland,178,,R,1500000,2027-05-31,,available,,,,,,,,,132,Celtic,13,Scottish Premiership,345,43,1637,0,0,0.3,0.1,9,3,10,1291,86.3,6.89,41,20,15,79,77,1,115,69,37,23,0,6,4,0,7,9,37,142,1719,24,19,0,2026-06-06T20:00:00+00:00,2026-06-07T16:02:52Z
3340,Scott McKenna,466,Scotland,C,26,DF,official,50,1,GNK Dinamo Zagreb,Croatia,29,1996-11-12,Scotland,188,,L,3700000,2029-06-30,859040,available,77,Can Polish Skills,Unlikely,,,,,,133,GNK Dinamo Zagreb,8,Europa League,280,10,909,0,0,0.09,0.53,2,0,4,726,92.1,6.91,9,7,6,67,30,1,45,29,31,21,0,0,0,0,1,1,0,64,854,6,19,0,2026-06-06T20:00:00+00:00,2026-06-07T16:02:52Z
6100,Lyndon Dykes,466,Scotland,C,9,FW,official,51,10,Charlton Athletic,England,30,1995-10-07,Scotland,188,,R,1100000,2026-06-30,1227200,available,72,Unlikely to Improve,Unlikely,,,,,,201,Charlton Athletic,12,Championship,243,20,1525,3,3,3.75,1.37,31,11,16,338,53.0,6.63,12,5,6,39,36,9,148,223,107,170,0,4,3,0,8,14,6,13,605,31,16,1,2026-06-06T20:00:00+00:00,2026-06-07T16:02:52Z
1843,Che Adams,466,Scotland,C,10,FW,official,47,13,Torino,Italy,29,1996-07-13,Scotland,175,,R,4800000,2027-06-30,3374800,available,80,Unlikely to Improve,Unlikely,,,,,,78,Torino,4,Serie A,358,38,2110,8,2,5.95,2.28,58,21,28,590,74.7,6.77,14,8,2,13,56,20,84,114,39,59,0,7,0,0,13,28,15,53,877,18,16,4,2026-06-06T20:00:00+00:00,2026-06-07T16:02:52Z
7003,Ross Stewart,466,Scotland,C,14,FW,official,3,0,Southampton,England,29,1996-08-31,Scotland,188,,R,4099999,,1472640,available,74,Unlikely to Improve,Somewhat,,,,,,205,Southampton,12,Championship,243,34,1351,11,3,6.67,0.63,37,21,16,342,68.7,6.8,15,7,3,20,26,5,85,118,56,69,0,6,0,0,2,14,5,9,536,18,1,0,2026-06-06T20:00:00+00:00,2026-06-07T16:02:52Z
4027,Ben Gannon-Doak,466,Scotland,C,17,FW,official,14,1,Bournemouth,England,20,2005-11-11,Scotland,174,,R,15500000,2030-06-30,2454400,available,79,Can Still Improve,Not Specifically,,,,,,2,Bournemouth,1,Premier League,337,20,167,0,1,0.3,0.12,3,1,1,68,76.5,6.48,7,3,2,1,8,1,12,20,1,6,0,2,0,0,3,10,5,3,113,4,14,1,2026-06-06T20:00:00+00:00,2026-06-07T16:02:52Z
6153,George Hirst,466,Scotland,C,18,FW,official,10,1,Ipswich Town,England,27,1999-02-15,Scotland,191,,R,10900000,2029-06-30,2147600,available,76,Almost Reached,Not Specifically,,,,,,200,Ipswich Town,12,Championship,243,44,2150,10,3,13.4,1.83,68,27,21,380,65.3,6.56,11,8,2,24,32,15,107,152,66,68,0,2,1,0,9,28,6,8,690,36,12,0,2026-06-06T20:00:00+00:00,2026-06-07T16:02:52Z
5774,Lawrence Shankland,466,Scotland,C,20,FW,official,20,7,Heart of Midlothian,Scotland,30,1995-08-10,Scotland,185,,R,3200000,2028-05-31,429520,available,75,Unlikely to Improve,Unlikely,,,,,,231,Heart of Midlothian,13,Scottish Premiership,345,29,2410,16,3,11.82,0.75,86,37,33,740,70.7,6.99,22,16,6,29,111,21,92,168,44,80,0,6,3,0,12,35,18,53,1141,22,11,4,2026-06-06T20:00:00+00:00,2026-06-07T16:02:52Z
3029,Findlay Curtis,466,Scotland,C,25,FW,official,3,1,Rangers,Scotland,19,2006-10-01,Scotland,178,,R,930000,2026-05-31,,available,,,,,,,,,145,Rangers,13,Scottish Premiership,345,33,448,2,1,0.84,0.43,13,6,5,147,78.2,6.79,12,8,4,5,23,4,33,43,5,11,0,0,0,0,2,17,14,8,269,7,4,1,2026-06-06T20:00:00+00:00,2026-06-07T16:02:52Z
4789,Angus Gunn,466,Scotland,C,1,GK,official,22,0,Nottingham Forest,England,30,1996-01-22,Scotland,196,,R,1600000,2026-06-30,1534000,available,76,Unlikely to Improve,Unlikely,,,,,,15,Nottingham Forest,1,Premier League,337,21,45,0,0,,0.0,0,0,0,19,31.6,6.5,0,0,0,1,4,0,0,0,0,0,0,25,0,0,0,0,0,19,21,0,13,0,2026-06-06T20:00:00+00:00,2026-06-07T16:02:52Z
3026,Liam Kelly,466,Scotland,C,12,GK,official,3,0,Rangers,Scotland,30,1996-01-23,Scotland,183,,R,865000,2026-06-30,245440,available,71,Can Polish Skills,Very Unlikely,,,,,,145,Rangers,13,Scottish Premiership,345,52,0,0,0,,,0,0,0,0,,,0,0,0,0,0,0,0,0,0,0,0,69,0,0,0,0,0,0,0,0,15,0,2026-06-06T20:00:00+00:00,2026-06-07T16:02:52Z
5780,Craig Gordon,466,Scotland,C,21,GK,official,84,0,Heart of Midlothian,Scotland,43,1982-12-31,Scotland,193,,R,27000,2026-05-31,,available,,,,,,,,,231,Heart of Midlothian,13,Scottish Premiership,345,21,226,0,0,,,0,0,0,78,37.2,6.77,0,0,0,2,19,0,1,0,0,0,7,18,0,0,0,0,0,70,99,0,12,0,2026-06-06T20:00:00+00:00,2026-06-07T16:02:52Z
1088,Scott McTominay,466,Scotland,C,4,MF,official,70,15,SSC Napoli,Italy,29,1996-12-08,Scotland,193,,R,38000000,2028-06-30,5645120,available,88,Almost Reached,Very Unlikely,,,,,,62,SSC Napoli,4,Serie A,358,42,3521,14,3,15.03,2.24,119,41,34,1680,88.9,7.05,38,18,27,56,159,32,210,190,57,48,0,3,1,0,35,71,14,63,2344,33,20,7,2026-06-06T20:00:00+00:00,2026-06-07T16:02:52Z
510,John McGinn,466,Scotland,C,7,MF,official,86,20,Aston Villa,England,31,1994-10-18,Scotland,175,,L,14500000,2028-06-30,7056400,available,79,Unlikely to Improve,Unlikely,,,,,,3,Aston Villa,1,Premier League,337,45,3039,10,7,5.46,4.93,41,20,53,1064,82.6,7.01,40,24,16,21,130,10,147,169,16,21,0,7,4,0,24,49,119,96,1644,45,18,2,2026-06-06T20:00:00+00:00,2026-06-07T16:02:52Z
8374,Tyler Fletcher,466,Scotland,C,8,MF,official,2,0,Manchester United U21,,19,2007-03-19,Scotland,184,,R,,,,available,,,,,,,,,2317,Manchester United U21,1,Premier League,337,14,17,0,0,,,,,,,,6.6,,,,,,,,,,,,,,,,,,,,,2,0,2026-06-06T20:00:00+00:00,2026-06-07T16:02:52Z
3900,Ryan Christie,466,Scotland,C,11,MF,official,68,10,Bournemouth,England,31,1995-02-22,Scotland,178,,L,9700000,2027-06-30,3681600,available,78,Unlikely to Improve,Unlikely,,,,,,2,Bournemouth,1,Premier League,337,28,1060,2,0,1.73,0.8,25,8,12,581,78.3,6.73,31,22,13,17,67,10,85,84,15,15,0,0,2,1,18,39,23,64,834,19,19,4,2026-06-06T20:00:00+00:00,2026-06-07T16:02:52Z
966,Lewis Ferguson,466,Scotland,C,19,MF,official,24,1,Bologna,Italy,26,1999-08-24,Scotland,181,,R,13000000,2028-06-30,1288560,available,78,Almost Reached,Unlikely,,,,,,66,Bologna,4,Serie A,358,52,2859,1,0,3.11,1.94,30,8,26,1722,87.7,6.71,46,23,25,47,120,13,165,156,69,64,0,7,7,1,4,10,38,119,2121,64,10,1,2026-06-06T20:00:00+00:00,2026-06-07T16:02:52Z
6386,Kenny McLean,466,Scotland,C,23,MF,official,58,3,Norwich City,England,34,1992-01-08,Scotland,183,,L,380000,2028-06-30,1534000,available,74,Unlikely to Improve,Unlikely,,,,,,209,Norwich City,12,Championship,243,45,3654,3,3,2.49,6.29,32,12,54,2468,80.2,7.17,70,45,34,78,220,11,199,145,37,38,0,1,3,0,24,37,167,388,3174,28,21,1,2026-06-06T20:00:00+00:00,2026-06-07T16:02:52Z
4298,Billy Gilmour,466,Scotland,C,,MF,official,45,2,SSC Napoli,Italy,24,2001-06-11,Scotland,169,,R,18800000,2029-06-30,3374800,injured,81,Almost Reached,Unlikely,44,55,35,55,62,62,SSC Napoli,4,Serie A,358,27,887,1,0,0.68,1.21,10,3,7,858,89.9,6.94,14,7,11,10,59,4,35,30,5,11,0,3,0,0,9,11,6,53,963,10,18,1,2026-05-30T12:00:00+00:00,2026-06-07T16:02:52Z
1704,Mamadou Sarr,486,Senegal,I,2,DF,official,7,0,Chelsea,England,20,2005-08-29,Senegal,194,,R,27000000,2033-06-30,2454400,available,77,Can Polish Skills,Unlikely,57,34,69,44,42,13,Chelsea,1,Premier League,337,15,300,0,0,0.44,0.01,1,0,1,259,95.4,6.57,3,2,3,12,12,0,9,10,4,2,0,1,1,0,1,2,0,8,303,4,9,0,2026-05-31T19:30:00+00:00,2026-06-07T16:02:52Z
7992,Kalidou Koulibaly,486,Senegal,I,3,DF,official,102,2,Al-Hilal,Saudi Arabia,34,1991-06-20,Senegal,187,,R,4800000,2027-06-30,30495920,injured,87,Unlikely to Improve,Unlikely,67,42,82,52,46,262,Al-Hilal,17,Saudi Pro League,339,18,1596,1,2,1.71,0.3,11,3,11,971,89.1,7.42,36,24,25,60,102,2,82,49,39,18,0,0,2,0,4,6,3,112,1194,13,19,1,2026-01-14T17:00:00+00:00,2026-06-07T16:02:52Z
15372,Abdoulaye Seck,486,Senegal,I,4,DF,official,22,4,Maccabi Haifa,Israel,34,1992-06-04,Senegal,192,,R,540000,2026-06-30,552240,available,74,Unlikely to Improve,Unlikely,60,40,58,47,37,1339,Maccabi Haifa,30,Africa Cup of Nations 2023,211,6,180,1,0,,,,,,,,7.35,,,,,,,,,,,,,,,,,,,,,23,2,2026-05-31T19:30:00+00:00,2026-06-07T16:02:52Z
3728,Ismail Jakobs,486,Senegal,I,14,DF,official,29,0,Galatasaray,Türkiye,26,1999-08-17,Senegal,184,,L,8700000,2027-06-30,2699840,available,73,Almost Reached,Somewhat,38,50,48,45,56,125,Galatasaray,11,Trendyol Super Lig,380,41,2181,0,1,0.45,2.12,9,0,18,944,81.7,6.67,44,25,23,71,100,4,101,76,28,22,0,7,1,0,12,21,77,92,1501,24,17,0,2026-05-31T19:30:00+00:00,2026-06-07T16:02:52Z
2233,Krépin Diatta,486,Senegal,I,15,DF,official,60,2,AS Monaco,Monaco,27,1999-02-25,Senegal,173,,R,5800000,2026-06-30,,available,,,,35,64,31,61,59,101,AS Monaco,6,Ligue 1,317,23,1250,0,2,1.43,2.35,8,1,20,551,77.9,6.88,36,22,18,33,65,2,88,53,35,14,0,1,1,0,7,15,39,41,897,13,21,0,2026-05-31T19:30:00+00:00,2026-06-07T16:02:52Z
1106,Moussa Niakhaté,486,Senegal,I,19,DF,official,30,0,Olympique Lyonnais,France,30,1996-03-08,Senegal,190,,L,14600000,2028-06-30,3681600,available,77,Unlikely to Improve,Very Unlikely,59,38,69,40,35,100,Olympique Lyonnais,6,Ligue 1,317,43,3677,1,2,2.74,2.17,9,2,17,2993,90.2,7.1,46,30,44,223,188,2,214,112,122,55,0,10,1,1,7,9,11,248,3541,49,19,0,2026-05-31T19:30:00+00:00,2026-06-07T16:02:52Z
1486,Antoine Mendy,486,Senegal,I,24,DF,official,6,0,Nice,France,22,2004-05-26,Senegal,186,,R,5800000,2028-06-30,122720,available,73,Can Polish Skills,Unlikely,51,39,65,47,42,103,Nice,6,Ligue 1,317,46,3231,2,0,3.34,0.69,30,11,6,1891,85.2,6.88,78,49,29,163,160,6,213,133,90,47,0,8,2,0,7,20,34,187,2551,42,14,0,2026-03-31T19:00:00+00:00,2026-06-07T16:02:52Z
1638,El Hadji Malick Diouf,486,Senegal,I,25,DF,official,19,1,West Ham United,England,21,2004-12-28,Senegal,183,,L,29000000,2030-06-30,2761200,available,76,Can Polish Skills,Unlikely,51,55,55,57,55,8,West Ham United,1,Premier League,337,35,2906,0,5,0.58,2.49,19,4,33,1127,75.2,6.72,45,20,33,118,130,5,143,125,49,39,0,8,5,0,24,48,120,197,1967,30,12,0,2026-05-31T19:30:00+00:00,2026-06-07T16:02:52Z
7692,Ilay Camara,486,Senegal,I,,DF,preliminary,3,0,RSC Anderlecht,Belgium,23,2003-01-18,Senegal,174,,R,4099999,2030-06-30,,available,,,,39,56,49,40,62,240,RSC Anderlecht,14,Pro League,338,27,1237,2,1,1.01,2.4,15,7,18,614,83.2,6.55,20,14,26,17,69,2,48,77,5,19,0,10,1,0,11,18,35,32,969,27,5,0,2026-05-31T19:30:00+00:00,2026-06-07T16:02:52Z
2073,Moustapha Mbow,486,Senegal,I,,DF,preliminary,0,0,Paris FC,France,26,2000-03-08,Senegal,187,,R,6600000,2028-06-30,429520,available,73,Almost Reached,Unlikely,61,34,68,48,40,108,Paris FC,6,Ligue 1,317,36,2986,0,1,1.12,0.58,12,4,4,1783,91.8,6.89,58,33,45,175,149,1,147,87,66,38,0,3,3,0,6,7,2,190,2223,28,4,0,2026-05-31T19:30:00+00:00,2026-06-07T16:02:52Z
4105,Assane Diao,486,Senegal,I,7,FW,official,5,0,Como,Italy,20,2005-09-07,Senegal,185,,R,31000000,2029-06-30,920400,available,77,Can Still Improve,Somewhat,34,52,33,42,52,69,Como,4,Serie A,358,21,1162,2,1,2.69,1.14,32,11,9,348,81.0,6.75,17,6,5,10,37,13,95,112,10,21,0,1,2,0,28,73,27,9,674,15,5,0,2026-05-31T19:30:00+00:00,2026-06-07T16:02:52Z
1479,Ahmadou Bamba Dieng,486,Senegal,I,9,FW,official,22,2,Lorient,France,26,2000-03-23,Senegal,178,,R,15500000,2026-06-30,,available,,,,55,68,37,46,46,110,Lorient,6,Ligue 1,317,31,1429,15,1,10.08,0.19,58,30,12,222,77.9,6.96,7,2,2,16,30,7,59,85,32,28,0,7,3,0,4,20,4,2,446,16,6,0,2026-05-31T19:30:00+00:00,2026-06-07T16:02:52Z
7879,Sadio Mané,486,Senegal,I,10,FW,official,127,55,Al-Nassr,Saudi Arabia,34,1992-04-10,Senegal,175,,R,6600000,2027-06-30,38350000,available,83,Unlikely to Improve,Unlikely,58,77,34,65,67,267,Al-Nassr,17,Saudi Pro League,339,25,2142,10,6,10.43,3.0,61,30,52,793,78.8,7.25,26,21,7,8,106,7,135,142,29,20,0,4,2,0,51,107,58,29,1280,29,19,10,2026-05-31T19:30:00+00:00,2026-06-07T16:02:52Z
2471,Nicolas Jackson,486,Senegal,I,11,FW,official,32,8,FC Bayern München,Germany,24,2001-06-20,Senegal,186,,R,39000000,2026-06-30,,available,,,,42,74,24,63,59,79,FC Bayern München,7,Champions League,268,43,1358,11,3,9.95,3.24,56,32,24,435,81.1,6.84,8,4,4,4,40,8,45,86,9,16,0,13,2,1,13,37,10,6,682,19,20,5,2026-05-31T19:30:00+00:00,2026-06-07T16:02:52Z
6633,Cherif Ndiaye,486,Senegal,I,12,FW,official,18,4,Samsunspor,Türkiye,30,1996-01-23,Senegal,188,,R,5400000,2029-06-30,,available,,,,55,65,26,50,47,184,Samsunspor,11,Trendyol Super Lig,380,23,1433,7,1,5.93,1.08,30,12,19,288,79.2,6.72,14,11,0,13,30,6,99,109,26,41,0,4,1,0,9,21,4,18,543,35,17,3,2026-05-31T19:30:00+00:00,2026-06-07T16:02:52Z
810,Iliman Ndiaye,486,Senegal,I,13,FW,official,39,4,Everton,England,26,2000-03-06,Senegal,180,,R,49000000,2029-06-30,3374800,available,82,Almost Reached,Unlikely,50,63,38,62,53,20,Everton,1,Premier League,337,34,2830,6,3,6.95,4.36,47,22,30,963,84.3,6.84,70,44,17,19,181,14,191,222,10,37,0,11,0,0,74,136,57,20,1610,30,19,3,2026-05-31T19:30:00+00:00,2026-06-07T16:02:52Z
1787,Ismaïla Sarr,486,Senegal,I,18,FW,official,82,19,Crystal Palace,England,28,1998-02-25,Senegal,185,,R,33000000,2029-06-30,4908800,available,76,Almost Reached,Unlikely,37,63,31,57,54,14,Crystal Palace,1,Premier League,337,29,2238,11,1,11.92,1.14,53,26,19,483,71.0,6.91,20,10,8,30,88,11,99,148,25,64,0,15,1,0,11,33,25,22,888,12,20,5,2026-03-31T19:00:00+00:00,2026-06-07T16:02:52Z
2255,Ibrahim Mbaye,486,Senegal,I,20,FW,official,10,3,Paris Saint-Germain,France,18,2008-01-24,Senegal,175,,R,29000000,2028-06-30,429520,available,74,Much Room to Grow,Unlikely,56,67,37,57,61,114,Paris Saint-Germain,6,Ligue 1,317,46,1103,3,2,3.54,2.18,28,12,21,611,86.7,6.79,18,10,5,4,49,8,63,78,5,10,0,10,0,0,24,59,19,7,868,10,8,1,2026-03-31T19:00:00+00:00,2026-06-07T16:02:52Z
1485,Yehvann Diouf,486,Senegal,I,1,GK,official,2,0,Nice,France,26,1999-11-16,Senegal,188,,R,6600000,2030-06-30,1288560,available,78,Almost Reached,Unlikely,75,,,,,103,Nice,6,Ligue 1,317,47,3420,0,0,,0.02,0,0,0,1062,73.5,7.03,1,1,2,32,331,0,18,8,9,3,123,78,2,0,4,4,0,453,1487,0,14,0,2026-03-31T19:00:00+00:00,2026-06-07T16:02:52Z
8110,Edouard Mendy,486,Senegal,I,16,GK,official,56,0,Al-Ahli,Saudi Arabia,34,1992-03-01,Senegal,195,,R,4400000,2028-06-30,10431200,available,80,Unlikely to Improve,Unlikely,59,,,,,258,Al-Ahli,17,Saudi Pro League,339,26,2340,0,0,,0.04,0,0,2,691,77.6,6.98,0,0,0,7,162,0,11,3,7,0,46,18,1,0,2,2,0,302,829,0,19,0,2026-01-14T17:00:00+00:00,2026-06-07T16:02:52Z
1426,Mory Diaw,486,Senegal,I,23,GK,official,5,0,Le Havre,France,32,1993-06-22,Senegal,197,,B,950000,2027-06-30,552240,available,74,Unlikely to Improve,Unlikely,59,,,,,102,Le Havre,6,Ligue 1,317,31,2655,0,1,,0.07,0,0,3,976,72.1,7.02,2,0,2,24,278,0,12,1,5,0,82,42,1,0,0,0,0,443,1291,0,23,0,2026-05-31T19:30:00+00:00,2026-06-07T16:02:52Z
3800,Idrissa Gana Gueye,486,Senegal,I,5,MF,official,130,7,Everton,England,36,1989-09-26,Senegal,174,,R,970000,2026-06-30,8590400,doubtful,78,Unlikely to Improve,Not Specifically,61,51,62,52,52,20,Everton,1,Premier League,337,26,2101,2,3,2.0,1.75,29,7,13,1063,87.2,6.82,44,20,29,22,114,11,95,76,13,12,0,2,1,0,7,22,19,47,1362,21,22,0,2026-03-31T19:00:00+00:00,2026-06-07T16:02:52Z
3864,Pathé Ismaël Ciss,486,Senegal,I,6,MF,official,29,0,Rayo Vallecano,Spain,32,1994-03-16,Senegal,183,,R,1800000,2027-06-30,,available,,,,66,53,59,56,53,40,Rayo Vallecano,3,La Liga,294,31,2170,2,2,3.7,0.42,22,8,14,1349,89.1,7.04,56,37,38,86,133,2,115,88,34,31,0,6,7,1,11,15,1,166,1688,30,22,0,2026-03-31T19:00:00+00:00,2026-06-07T16:02:52Z
2228,Lamine Camara,486,Senegal,I,8,MF,official,32,7,AS Monaco,Monaco,22,2004-01-01,Senegal,174,,R,41000000,2029-06-30,,available,,,,58,58,46,56,69,101,AS Monaco,6,Ligue 1,317,31,2457,3,4,2.33,4.98,30,5,45,1530,86.5,7.13,75,41,47,30,210,9,183,149,17,32,0,9,5,0,25,46,129,125,2159,41,21,3,2026-05-31T19:30:00+00:00,2026-06-07T16:02:52Z
724,Pape Matar Sarr,486,Senegal,I,17,MF,official,39,4,Tottenham Hotspur,England,23,2002-09-14,Senegal,185,,R,30000000,2030-06-30,,available,,,,54,54,46,52,56,9,Tottenham Hotspur,1,Premier League,337,39,2130,2,4,2.3,1.34,30,10,13,988,85.1,6.73,47,32,30,65,124,10,119,135,37,49,0,4,3,0,16,31,9,57,1381,35,22,4,2026-05-31T19:30:00+00:00,2026-06-07T16:02:52Z
4743,Habib Diarra,486,Senegal,I,21,MF,official,20,4,Sunderland,England,22,2004-01-03,Senegal,179,,R,34000000,2030-06-30,3988400,available,75,Can Polish Skills,Unlikely,45,62,30,57,62,7,Sunderland,1,Premier League,337,23,1561,3,2,4.11,0.8,31,11,8,478,82.6,6.67,15,7,4,15,55,4,63,75,12,14,0,3,5,0,6,25,36,17,714,20,13,0,2026-05-31T19:30:00+00:00,2026-06-07T16:02:52Z
23922,Bara Sapoko Ndiaye,486,Senegal,I,22,MF,official,1,0,FC Bayern München,Germany,18,2007-12-31,Senegal,180,,R,280000,2026-06-30,,available,,,,,,,,,79,FC Bayern München,5,Bundesliga,228,8,148,0,0,,0.07,0,0,0,124,93.5,6.67,6,5,2,1,6,0,19,12,2,1,0,7,0,0,8,10,1,0,166,1,1,0,2026-05-31T19:30:00+00:00,2026-06-07T16:02:52Z
1771,Pape Gueye,486,Senegal,I,26,MF,official,41,5,Villarreal,Spain,27,1999-01-24,Senegal,187,,L,39000000,2028-06-30,3497520,available,80,Almost Reached,Not Specifically,62,55,58,50,59,41,Villarreal,3,La Liga,294,42,2838,5,2,6.52,3.28,70,18,35,1434,80.5,7.06,57,32,43,67,154,21,186,127,34,23,0,9,4,0,20,43,22,231,1984,46,18,4,2026-05-31T19:30:00+00:00,2026-06-07T16:02:52Z
15475,Tholo Thabang Matuludi,452,South Africa,A,2,DF,official,2,0,Polokwane City,,27,1999-01-14,South Africa,189,,R,850000,,,available,,,,58,39,69,44,46,2338,Polokwane City,30,Africa Cup of Nations 2023,211,4,0,0,0,,,,,,,,,,,,,,,,,,,,,,,,,,,,,9,0,2026-05-29T16:00:00+00:00,2026-06-07T16:02:52Z
14395,Khulumani Ndamane,452,South Africa,A,3,DF,official,5,0,Mamelodi Sundowns,South Africa,22,2004-02-05,South Africa,,,R,880000,,,available,,,,57,37,71,45,40,587,Mamelodi Sundowns,29,CAF Champions League,229,9,688,0,0,0.16,0.12,3,0,0,434,83.4,6.93,3,3,4,39,13,0,33,14,23,7,0,1,0,0,0,0,0,76,508,7,11,0,2026-05-29T16:00:00+00:00,2026-06-07T16:02:52Z
14397,Aubrey Modiba,452,South Africa,A,6,DF,official,44,3,Mamelodi Sundowns,South Africa,30,1995-07-22,South Africa,167,,L,1900000,,184080,doubtful,70,Unlikely to Improve,Unlikely,41,45,58,52,55,587,Mamelodi Sundowns,29,CAF Champions League,229,7,525,1,2,0.31,1.07,5,2,15,309,87.1,7.07,12,10,8,14,29,1,27,24,4,5,0,0,0,1,3,9,26,24,479,6,22,0,2026-05-29T16:00:00+00:00,2026-06-07T16:02:52Z
12123,Mbekezeli Mbokazi,452,South Africa,A,14,DF,official,10,1,Chicago Fire,USA,20,2005-09-19,South Africa,180,,L,2700000,2029-12-31,429520,available,72,Can Still Improve,Very Unlikely,62,34,76,43,38,289,Chicago Fire,18,MLS,158,14,1050,0,0,0.98,0.1,7,3,1,641,84.6,7.07,22,14,11,76,47,3,49,17,14,8,0,8,2,0,2,3,0,90,833,4,10,1,2026-05-29T16:00:00+00:00,2026-06-07T16:02:52Z
15467,Samukelo Kabini,452,South Africa,A,18,DF,official,5,0,Molde FK,Norway,22,2004-03-15,South Africa,181,,L,2300000,2028-12-31,61360,available,72,Can Polish Skills,Unlikely,50,37,71,44,39,2077,Molde FK,30,Africa Cup of Nations 2023,211,7,617,0,1,0.07,1.03,2,0,5,333,85.9,6.94,19,13,7,17,41,0,35,31,4,6,0,8,3,2,5,11,15,17,495,10,11,0,2026-05-29T16:00:00+00:00,2026-06-07T16:02:52Z
15465,Nkosinathi Sibisi,452,South Africa,A,19,DF,official,19,0,Orlando Pirates,South Africa,30,1995-09-22,South Africa,172,,R,1700000,,,available,,,,57,35,74,44,40,608,Orlando Pirates,30,Africa Cup of Nations 2023,211,4,83,0,0,,,,,,,,6.2,,,,,,,,,,,,,,,,,,,,,21,0,2026-05-29T16:00:00+00:00,2026-06-07T16:02:52Z
14394,Khuliso Mudau,452,South Africa,A,20,DF,official,32,1,Mamelodi Sundowns,South Africa,31,1995-04-26,South Africa,181,,R,1300000,,184080,available,71,Unlikely to Improve,Not Specifically,51,38,68,42,41,587,Mamelodi Sundowns,29,CAF Champions League,229,12,1059,1,0,1.03,0.38,2,1,4,462,88.5,7.03,14,12,10,15,43,0,53,41,9,11,0,1,2,0,6,18,12,45,699,9,21,1,2026-05-29T16:00:00+00:00,2026-06-07T16:02:52Z
16737,Ime Okon,452,South Africa,A,21,DF,official,7,1,Hannover 96,Germany,22,2004-02-20,South Africa,187,,R,1900000,2029-06-30,184080,available,69,Can Still Improve,Not Specifically,45,35,63,43,36,1289,Hannover 96,31,International Friendly Games,133,1,90,0,0,,,0,0,0,61,85.2,6.7,1,1,1,2,2,0,8,4,5,3,0,0,1,0,0,0,0,3,78,1,3,0,2026-05-29T16:00:00+00:00,2026-06-07T16:02:52Z
9060,Olwethu Makhanya,452,South Africa,A,24,DF,official,0,0,Philadelphia Union,USA,22,2004-04-30,South Africa,182,,R,2100000,2027-12-31,306800,available,64,Can Still Improve,Unlikely,52,34,64,46,40,283,Philadelphia Union,18,MLS,159,47,3604,1,0,3.0,0.95,27,5,11,1876,80.8,6.9,90,58,51,227,245,12,227,140,101,46,0,9,6,1,19,25,8,279,2542,43,1,0,2026-05-29T16:00:00+00:00,2026-06-07T16:02:52Z
53934,Bradley Cross,452,South Africa,A,26,DF,official,0,0,Kaizer Chiefs,,25,2001-01-30,South Africa,183,,L,630000,2028-06-30,122720,available,63,Much Room to Grow,Unlikely,39,35,55,47,38,2337,Kaizer Chiefs,31,International Friendly Games,133,1,23,0,0,,,,,,,,6.8,,,,,,,,,,,,,,,,,,,,,3,0,2026-05-29T16:00:00+00:00,2026-06-07T16:02:52Z
54907,Thabiso James Monyane,452,South Africa,A,,DF,preliminary,2,0,Kaizer Chiefs,,26,2000-04-30,South Africa,167,,R,945000,,61360,available,69,Can Polish Skills,Unlikely,,,,,,,Kaizer Chiefs,,,,,,,,,,,,,,,,,,,,,,,,,,,,,,,,,,,,1,0,2025-09-09T16:00:00+00:00,2026-06-07T16:02:52Z
15468,Oswin Appollis,452,South Africa,A,7,FW,official,25,8,Orlando Pirates,South Africa,24,2001-08-25,South Africa,172,,R,2200000,,184080,available,73,Can Polish Skills,Unlikely,39,55,36,56,58,608,Orlando Pirates,30,Africa Cup of Nations 2023,211,4,302,2,0,,,,,,,,7.08,,,,,,,,,,,,,,,,,,,,,23,5,2026-05-29T16:00:00+00:00,2026-06-07T16:02:52Z
15472,Tshepang Moremi,452,South Africa,A,8,FW,official,9,1,Orlando Pirates,South Africa,25,2000-10-02,South Africa,175,,R,1000000,,122720,available,67,Can Polish Skills,Unlikely,33,51,39,49,49,608,Orlando Pirates,30,Africa Cup of Nations 2023,211,4,214,1,1,,,,,,,,6.58,,,,,,,,,,,,,,,,,,,,,9,1,2026-05-29T16:00:00+00:00,2026-06-07T16:02:52Z
412,Lyle Foster,452,South Africa,A,9,FW,official,26,10,Burnley,England,25,2000-09-03,South Africa,180,,R,10300000,2028-06-30,1840800,available,75,Can Polish Skills,Unlikely,44,67,27,45,53,10,Burnley,1,Premier League,337,29,1462,3,3,3.39,0.49,22,7,12,310,71.6,6.5,18,13,4,21,46,8,69,144,27,69,0,2,2,0,10,23,6,14,570,26,13,4,2026-05-29T16:00:00+00:00,2026-06-07T16:02:52Z
15469,Relebohile Mofokeng,452,South Africa,A,10,FW,official,12,0,Orlando Pirates,South Africa,21,2004-10-23,South Africa,166,,R,1900000,,184080,available,71,Can Still Improve,Not Specifically,45,57,47,55,59,608,Orlando Pirates,30,Africa Cup of Nations 2023,211,4,96,0,0,,,,,,,,6.85,,,,,,,,,,,,,,,,,,,,,12,0,2026-05-29T16:00:00+00:00,2026-06-07T16:02:52Z
15830,Thapelo Maseko,452,South Africa,A,12,FW,official,9,1,AEL Limassol,,23,2002-11-11,South Africa,178,,L,730000,,61360,available,67,Can Still Improve,Somewhat,29,54,35,50,50,2336,AEL Limassol,29,CAF Champions League,229,2,1,0,0,,,,,,,,,,,,,,,,,,,,,,,,,,,,,8,1,2026-05-29T16:00:00+00:00,2026-06-07T16:02:52Z
14402,Iqraam Rayners,452,South Africa,A,15,FW,official,13,4,Mamelodi Sundowns,South Africa,30,1995-12-19,South Africa,176,,R,2800000,,,available,,,,44,67,34,54,51,587,Mamelodi Sundowns,29,CAF Champions League,229,8,280,1,0,1.05,0.15,8,1,2,41,80.5,6.33,1,1,0,1,3,2,7,18,3,5,0,1,1,0,0,2,2,0,78,4,6,1,2026-05-29T16:00:00+00:00,2026-06-07T16:02:52Z
15470,Evidence Makgopa,452,South Africa,A,17,FW,official,26,6,Orlando Pirates,South Africa,26,2000-06-05,South Africa,188,,R,1300000,,184080,available,67,Can Still Improve,Unlikely,50,66,37,47,40,608,Orlando Pirates,30,Africa Cup of Nations 2023,211,4,59,1,0,,,,,,,,6.87,,,,,,,,,,,,,,,,,,,,,18,3,2026-05-29T16:00:00+00:00,2026-06-07T16:02:52Z
24227,Kamogelo Sebelebele,452,South Africa,A,25,FW,official,2,0,Orlando Pirates,South Africa,23,2002-07-21,South Africa,166,,R,780000,,184080,available,64,Can Still Improve,Unlikely,37,45,50,42,44,608,Orlando Pirates,31,International Friendly Games,133,1,45,0,0,,,,,,,,7.3,,,,,,,,,,,,,,,,,,,,,3,0,2026-05-29T16:00:00+00:00,2026-06-07T16:02:52Z
24226,Patrick Maswanganyi,452,South Africa,A,,FW,preliminary,5,2,Orlando Pirates,South Africa,28,1998-04-04,South Africa,180,,L,1100000,,,available,,,,44,56,41,54,57,608,Orlando Pirates,,,,,,,,,,,,,,,,,,,,,,,,,,,,,,,,,,,,2,0,2024-06-11T16:00:00+00:00,2026-06-07T16:02:52Z
15166,Thapelo Morena,452,South Africa,A,,FW,preliminary,33,3,Mamelodi Sundowns,South Africa,32,1993-08-06,South Africa,170,,R,830000,2027-06-30,,available,,,,47,50,53,51,54,587,Mamelodi Sundowns,29,CAF Champions League,229,8,399,0,1,0.21,0.82,5,0,6,136,81.6,6.66,0,0,0,3,8,4,18,20,7,6,0,0,0,0,7,11,7,6,200,3,12,2,2025-10-14T16:00:00+00:00,2026-06-07T16:02:52Z
14393,Ronwen Williams,452,South Africa,A,1,GK,official,62,0,Mamelodi Sundowns,South Africa,34,1992-01-21,South Africa,184,,R,930000,2028-06-30,368160,available,80,Unlikely to Improve,Unlikely,57,,,,,587,Mamelodi Sundowns,29,CAF Champions League,229,11,990,0,0,,0.02,0,0,1,532,79.3,6.97,0,0,0,7,111,0,6,2,3,1,16,7,1,0,0,0,0,188,619,1,23,0,2026-05-29T16:00:00+00:00,2026-06-07T16:02:52Z
15474,Sipho Chaine,452,South Africa,A,16,GK,official,3,0,Orlando Pirates,South Africa,29,1996-12-14,South Africa,180,,,1300000,,,available,,,,46,,,,,608,Orlando Pirates,30,Africa Cup of Nations 2023,211,4,0,0,0,,,,,,,,,,,,,,,,,,,,,,,,,,,,,10,0,2026-05-29T16:00:00+00:00,2026-06-07T16:02:52Z
15473,Ricardo Goss,452,South Africa,A,22,GK,official,4,0,Siwelele FC,,32,1994-04-02,South Africa,181,,R,330000,,,available,,,,54,,,,,2339,Siwelele FC,30,Africa Cup of Nations 2023,211,4,0,0,0,,,,,,,,,,,,,,,,,,,,,,,,,,,,,23,0,2026-05-29T16:00:00+00:00,2026-06-07T16:02:52Z
59664,Brandon Petersen,452,South Africa,A,,GK,preliminary,0,0,Kaizer Chiefs,,31,1994-09-22,,185,,R,,,245440,available,71,Can Polish Skills,Somewhat,,,,,,,Kaizer Chiefs,,,,,,,,,,,,,,,,,,,,,,,,,,,,,,,,,,,,0,0,,2026-06-07T16:02:52Z
59664,Brandon Petersen,452,South Africa,A,,GK,preliminary,0,0,Kaizer Chiefs,,31,1994-09-22,,185,,R,,,245440,available,71,Can Polish Skills,Somewhat,,,,,,,Kaizer Chiefs,,,,,,,,,,,,,,,,,,,,,,,,,,,,,,,,,,,,0,0,,2026-06-07T16:02:52Z
14399,Teboho Mokoena,452,South Africa,A,4,MF,official,51,9,Mamelodi Sundowns,South Africa,29,1997-01-24,South Africa,176,,R,2700000,2029-06-30,245440,available,74,Can Polish Skills,Unlikely,51,51,55,47,47,587,Mamelodi Sundowns,29,CAF Champions League,229,12,1080,2,0,0.53,0.84,13,3,6,679,86.6,7.08,19,12,18,16,50,5,53,49,13,9,0,1,2,0,5,10,8,64,836,20,22,2,2026-05-29T16:00:00+00:00,2026-06-07T16:02:52Z
15476,Thalente Mbatha,452,South Africa,A,5,MF,official,14,3,Orlando Pirates,South Africa,26,2000-03-06,South Africa,164,,R,1700000,,,available,,,,47,50,56,50,46,608,Orlando Pirates,30,Africa Cup of Nations 2023,211,4,58,0,0,,,,,,,,6.5,,,,,,,,,,,,,,,,,,,,,12,1,2026-05-29T16:00:00+00:00,2026-06-07T16:02:52Z
14410,Themba Zwane,452,South Africa,A,11,MF,official,53,12,Mamelodi Sundowns,South Africa,36,1989-08-03,South Africa,170,,R,290000,2026-06-30,306800,available,75,Unlikely to Improve,Unlikely,48,56,43,52,50,587,Mamelodi Sundowns,29,CAF Champions League,229,9,39,0,0,,0.07,0,0,0,57,91.2,6.67,0,0,0,0,0,0,2,2,0,1,0,1,0,0,1,1,0,2,64,0,14,3,2026-05-29T16:00:00+00:00,2026-06-07T16:02:52Z
1909,Siphephelo Sithole,452,South Africa,A,13,MF,official,27,1,Tondela,Portugal,27,1999-03-03,South Africa,186,,R,640000,2027-06-30,,available,,,,44,45,47,44,45,32,Tondela,2,Liga Portugal Betclic,305,28,1553,1,0,0.31,0.3,4,2,5,675,80.0,6.59,34,20,9,36,89,0,73,95,25,36,0,7,4,0,5,14,3,53,888,36,20,0,2026-05-29T16:00:00+00:00,2026-06-07T16:02:52Z
14398,Jayden Adams,452,South Africa,A,23,MF,official,4,0,Mamelodi Sundowns,South Africa,25,2001-05-05,South Africa,175,,R,1400000,2028-06-30,,available,,,,47,51,50,50,53,587,Mamelodi Sundowns,29,CAF Champions League,229,12,690,1,0,0.45,0.2,6,2,4,348,82.5,6.89,8,5,3,16,38,0,25,22,12,9,0,1,2,0,1,4,0,32,414,7,15,1,2026-05-29T16:00:00+00:00,2026-06-07T16:02:52Z
59665,Brooklyn Poggenpoel,452,South Africa,A,,MF,preliminary,0,0,Durban City,,26,1999-10-03,,,,,,,,available,,,,,,,,,,Durban City,,,,,,,,,,,,,,,,,,,,,,,,,,,,,,,,,,,,0,0,,2026-06-07T16:02:52Z
59666,Lebohang Maboe,452,South Africa,A,,MF,preliminary,17,3,Kaizer Chiefs,,31,1994-09-17,,172,,R,,,122720,available,70,Almost Reached,Unlikely,,,,,,,Kaizer Chiefs,,,,,,,,,,,,,,,,,,,,,,,,,,,,,,,,,,,,0,0,,2026-06-07T16:02:52Z
3259,Han-Beom Lee,453,South Korea,A,2,DF,official,8,0,FC Midtjylland,Denmark,23,2002-06-17,South Korea,188,,R,2800000,2027-06-30,429520,available,72,Can Polish Skills,Very Unlikely,,,,,,127,FC Midtjylland,8,Europa League,280,16,509,0,0,0.04,0.44,1,1,2,311,82.6,6.77,4,0,7,36,14,0,29,21,20,15,0,0,0,0,3,3,1,53,390,4,6,0,2026-06-04T01:00:00+00:00,2026-06-07T16:02:52Z
2458,Kim Min-jae,453,South Korea,A,4,DF,official,79,4,FC Bayern München,Germany,29,1996-11-15,South Korea,190,,R,21000000,2028-06-30,12210640,available,85,Can Polish Skills,Not Specifically,,,,,,79,FC Bayern München,7,Champions League,268,49,2068,1,1,1.13,1.52,8,3,7,1998,94.5,7.08,29,20,46,101,111,2,95,65,61,35,0,12,3,1,1,3,1,62,2281,16,19,0,2026-06-04T01:00:00+00:00,2026-06-07T16:02:52Z
17041,Kim Tae-hyeon,453,South Korea,A,5,DF,official,7,0,Kashima Antlers,Japan,25,2000-09-17,South Korea,186,,L,655000,2027-06-30,,available,,,,,,,,,1937,Kashima Antlers,31,International Friendly Games,133,20,1350,1,1,1.82,,3,1,4,1016,90.0,7.18,5,3,15,84,31,1,34,27,24,18,0,4,1,0,0,1,1,115,1181,9,4,0,2026-06-04T01:00:00+00:00,2026-06-07T16:02:52Z
17047,Lee Tae-seok,453,South Korea,A,13,DF,official,15,1,FK Austria Wien,Austria,23,2002-07-28,South Korea,174,,L,2100000,2029-06-30,,available,,,,,,,,,1410,FK Austria Wien,31,International Friendly Games,133,4,153,0,0,,,,,,,,7.1,,,,,,,,,,,,,,,,,,,,,9,0,2026-06-04T01:00:00+00:00,2026-06-07T16:02:52Z
44369,Wi-je Cho,453,South Korea,A,14,DF,official,1,0,Jeonbuk Hyundai Motors,South Korea,24,2001-08-25,South Korea,189,,R,390000,,122720,available,70,Can Still Improve,Not Specifically,,,,,,1954,Jeonbuk Hyundai Motors,31,International Friendly Games,133,14,616,2,0,1.46,,5,2,1,376,85.6,7.14,16,12,5,36,20,1,39,36,20,21,0,3,5,0,2,5,0,48,474,9,2,0,2026-06-04T01:00:00+00:00,2026-06-07T16:02:52Z
17042,Kim Moon-hwan,453,South Korea,A,15,DF,official,35,0,Daejeon Hana Citizen,South Korea,30,1995-08-01,South Korea,173,,R,695000,2027-12-31,245440,available,71,Can Still Improve,Unlikely,,,,,,1958,Daejeon Hana Citizen,31,International Friendly Games,133,15,727,0,1,0.54,,2,0,4,390,90.0,6.69,12,10,15,22,46,1,24,18,4,4,0,7,2,0,5,9,17,29,557,3,8,0,2026-06-04T01:00:00+00:00,2026-06-07T16:02:52Z
17044,Jin-seob Park,453,South Korea,A,16,DF,official,14,1,Zhejiang,China,30,1995-10-23,South Korea,184,,R,1100000,,,available,,,,,,,,,2041,Zhejiang,52,Chinese Super League,1040,13,1124,0,0,1.12,,15,6,5,740,86.2,6.68,13,5,13,38,58,4,49,48,30,15,0,21,3,0,0,0,3,59,875,24,16,1,2026-06-04T01:00:00+00:00,2026-06-07T16:02:52Z
3056,Young-woo Seol,453,South Korea,A,22,DF,official,34,0,FK Crvena zvezda,Serbia,27,1998-12-05,South Korea,181,,R,5200000,2027-06-30,,available,,,,,,,,,131,FK Crvena zvezda,8,Europa League,280,15,1200,0,1,0.11,0.87,2,1,9,624,82.1,6.98,29,22,13,45,47,0,60,30,5,7,0,0,1,0,3,9,36,72,921,12,24,0,2026-06-04T01:00:00+00:00,2026-06-07T16:02:52Z
2872,Jens Castrop,453,South Korea,A,23,DF,official,7,0,Borussia M'gladbach,Germany,22,2003-07-29,South Korea,177,,R,9300000,2029-06-30,1227200,available,75,Can Polish Skills,Not Specifically,,,,,,95,Borussia M'gladbach,5,Bundesliga,228,29,1624,3,1,3.74,1.73,32,12,20,507,75.9,6.66,57,27,18,30,84,9,119,126,13,16,0,0,1,1,23,66,21,43,942,31,3,0,2026-06-04T01:00:00+00:00,2026-06-07T16:02:52Z
17040,Yu-min Cho,453,South Korea,A,,DF,dropped,18,0,Sharjah,,29,1996-11-17,South Korea,185,,,1900000,,,available,,,,,,,,,,Sharjah,31,International Friendly Games,133,,,,,,,,,,,,,,,,,,,,,,,,,,,,,,,,,16,0,2026-05-31T01:00:00+00:00,2026-06-07T16:02:52Z
9190,Son Heung-min,453,South Korea,A,7,FW,official,144,56,Los Angeles FC,USA,33,1992-07-08,South Korea,184,,B,18600000,2027-12-31,9756240,available,85,Unlikely to Improve,Unlikely,,,,,,292,Los Angeles FC,18,MLS,159,26,2148,12,11,10.29,6.05,85,37,73,678,86.6,7.65,12,8,2,6,57,33,99,112,4,8,0,11,1,0,43,88,91,16,1150,9,23,12,2026-06-04T01:00:00+00:00,2026-06-07T16:02:52Z
3263,Gue-sung Cho,453,South Korea,A,9,FW,official,44,12,FC Midtjylland,Denmark,28,1998-01-25,South Korea,188,,R,2900000,2028-06-30,859040,available,76,Can Polish Skills,Not Specifically,,,,,,127,FC Midtjylland,8,Europa League,280,12,629,2,0,2.66,0.19,15,10,2,109,70.6,6.61,6,5,5,5,12,3,39,47,18,18,0,0,1,0,2,8,5,2,229,18,14,3,2026-06-04T01:00:00+00:00,2026-06-07T16:02:52Z
3131,Hyeon-gyu Oh,453,South Korea,A,18,FW,official,27,6,Beşiktaş JK,Türkiye,25,2001-04-12,South Korea,185,,R,16000000,2029-06-30,1534000,available,72,Can Polish Skills,Unlikely,,,,,,196,Beşiktaş JK,11,Trendyol Super Lig,380,13,1086,6,1,4.08,0.68,29,13,9,202,74.8,7.08,2,2,3,13,17,8,58,78,24,41,0,2,2,0,4,8,3,6,362,20,19,4,2026-06-04T01:00:00+00:00,2026-06-07T16:02:52Z
17046,Kim Seung-gyu,453,South Korea,A,1,GK,official,87,0,FC Tokyo,Japan,35,1990-09-30,South Korea,187,,R,635000,2027-06-30,981760,available,76,Unlikely to Improve,Somewhat,,,,,,1936,FC Tokyo,31,International Friendly Games,133,19,1440,0,0,0.76,,0,0,0,600,69.7,6.93,0,0,0,27,138,0,6,1,5,1,32,17,0,0,0,0,0,245,743,0,9,0,2026-06-04T01:00:00+00:00,2026-06-07T16:02:52Z
17045,Song Bum-keun,453,South Korea,A,12,GK,official,3,0,Jeonbuk Hyundai Motors,South Korea,28,1997-10-15,South Korea,194,,R,965000,,613600,available,74,Can Polish Skills,Unlikely,,,,,,1954,Jeonbuk Hyundai Motors,31,International Friendly Games,133,15,810,0,0,,,0,0,1,290,70.7,7.07,0,0,0,4,60,0,1,0,0,0,22,12,0,0,0,0,0,145,343,0,18,0,2026-06-04T01:00:00+00:00,2026-06-07T16:02:52Z
17039,Jo Hyeonwoo,453,South Korea,A,21,GK,official,48,0,Ulsan HD,South Korea,34,1991-09-25,South Korea,189,,R,630000,,920400,available,75,Unlikely to Improve,Unlikely,,,,,,1950,Ulsan HD,31,International Friendly Games,133,15,810,0,0,,,0,0,0,250,76.8,6.92,0,0,0,10,46,0,6,1,3,0,18,20,0,0,0,0,0,100,308,0,26,0,2026-06-04T01:00:00+00:00,2026-06-07T16:02:52Z
43953,Gi-Hyuk Lee,453,South Korea,A,3,MF,official,3,0,Gangwon FC,South Korea,25,2000-07-07,South Korea,184,,L,825000,2027-12-31,,available,,,,,,,,,1951,Gangwon FC,31,International Friendly Games,133,15,718,0,0,0.22,,5,1,7,462,86.8,7.25,10,4,12,28,24,1,50,42,18,23,0,3,4,0,6,8,24,71,623,9,3,0,2026-06-04T01:00:00+00:00,2026-06-07T16:02:52Z
4397,Hwang In-beom,453,South Korea,A,6,MF,official,73,6,Feyenoord,Netherlands,29,1996-09-20,South Korea,177,,B,6400000,2028-06-30,1043120,injured,81,Almost Reached,Not Specifically,,,,,,138,Feyenoord,8,Europa League,280,26,1302,1,5,1.42,3.13,22,6,30,739,84.7,6.91,26,13,21,19,77,8,74,65,22,20,0,0,2,0,12,15,54,39,986,19,23,1,2026-06-04T01:00:00+00:00,2026-06-07T16:02:52Z
6092,Seung Ho Paik,453,South Korea,A,8,MF,official,27,3,Birmingham City,England,29,1997-03-17,South Korea,182,,B,1900000,2028-06-30,1411280,available,74,Almost Reached,Unlikely,,,,,,199,Birmingham City,12,Championship,243,46,3532,4,1,2.06,2.94,40,10,38,1806,85.4,6.92,59,37,38,64,184,16,159,138,48,35,0,2,2,0,22,35,62,137,2314,45,11,0,2026-06-04T01:00:00+00:00,2026-06-07T16:02:52Z
1197,Jae-sung Lee,453,South Korea,A,10,MF,official,105,15,1. FSV Mainz 05,Germany,33,1992-08-10,South Korea,180,,L,2100000,,1840800,available,76,Unlikely to Improve,Unlikely,,,,,,93,1. FSV Mainz 05,5,Bundesliga,228,30,2199,4,2,3.22,3.31,30,9,24,681,77.8,6.73,44,26,25,34,90,12,114,144,44,71,0,3,3,0,5,16,31,45,1066,20,26,5,2026-06-04T01:00:00+00:00,2026-06-07T16:02:52Z
533,Hwang Hee-chan,453,South Korea,A,11,MF,official,79,17,Wolverhampton,England,30,1996-01-26,South Korea,177,,R,7300000,2028-06-30,3988400,available,75,Unlikely to Improve,Somewhat,,,,,,11,Wolverhampton,1,Premier League,337,38,1760,3,4,3.8,1.35,30,7,20,476,77.3,6.61,14,8,15,19,65,7,55,93,5,17,0,7,6,0,10,31,23,21,753,36,19,4,2026-06-04T01:00:00+00:00,2026-06-07T16:02:52Z
6054,Jun-Ho Bae,453,South Korea,A,17,MF,official,13,2,Stoke City,England,22,2003-08-21,South Korea,180,,R,3900000,2027-06-30,1349920,available,73,Can Polish Skills,Very Unlikely,38,55,39,51,52,215,Stoke City,12,Championship,243,48,2886,3,3,5.57,2.15,45,13,33,840,80.0,6.65,48,26,18,16,124,22,156,162,29,52,0,5,2,0,41,83,33,36,1338,21,11,1,2026-05-31T01:00:00+00:00,2026-06-07T16:02:52Z
2250,Kang-in Lee,453,South Korea,A,19,MF,official,47,11,Paris Saint-Germain,France,25,2001-02-19,South Korea,173,,L,30000000,2028-06-30,7424560,available,85,Almost Reached,Unlikely,,,,,,114,Paris Saint-Germain,6,Ligue 1,317,44,1785,3,4,3.42,7.62,46,18,77,1266,91.6,6.94,23,10,3,8,66,12,86,96,7,9,0,10,1,0,33,59,137,95,1690,21,24,5,2026-06-04T01:00:00+00:00,2026-06-07T16:02:52Z
3392,Yang Hyun-Jun,453,South Korea,A,20,MF,official,9,0,Celtic,Scotland,24,2002-05-25,South Korea,179,,R,5300000,2028-05-31,368160,available,72,Almost Reached,Unlikely,,,,,,132,Celtic,13,Scottish Premiership,345,46,2474,9,1,7.9,2.96,38,17,24,1043,79.4,6.85,45,36,24,31,113,10,133,181,30,44,0,6,1,0,28,73,53,36,1570,28,13,0,2026-06-04T01:00:00+00:00,2026-06-07T16:02:52Z
17043,Jin-gyu Kim,453,South Korea,A,24,MF,official,22,3,Jeonbuk Hyundai Motors,South Korea,29,1997-02-24,South Korea,177,,R,1200000,2026-12-31,122720,available,75,Almost Reached,Not Specifically,,,,,,1954,Jeonbuk Hyundai Motors,31,International Friendly Games,133,15,589,1,1,0.3,,2,1,18,445,85.4,7.03,11,9,7,6,35,0,17,22,3,5,0,3,2,0,2,4,57,58,560,6,6,1,2026-06-04T01:00:00+00:00,2026-06-07T16:02:52Z
6533,Ji-sung Eom,453,South Korea,A,25,MF,official,9,2,Swansea City,Wales,24,2002-05-09,South Korea,178,,R,1700000,2028-06-30,920400,available,72,Can Polish Skills,Not Specifically,,,,,,208,Swansea City,12,Championship,243,50,2716,3,3,4.36,6.11,63,19,60,757,77.5,6.84,53,39,23,44,118,21,187,188,50,69,0,1,3,0,31,68,153,61,1458,34,8,0,2026-06-04T01:00:00+00:00,2026-06-07T16:02:52Z
45041,Dong-gyeong Lee,453,South Korea,A,26,MF,official,18,4,Ulsan HD,South Korea,28,1997-09-20,South Korea,175,,L,1600000,,245440,available,75,Almost Reached,Not Specifically,,,,,,1950,Ulsan HD,31,International Friendly Games,133,14,528,5,3,4.05,,20,6,20,177,77.4,6.91,7,4,1,2,27,6,17,27,0,4,0,9,3,0,4,11,26,12,287,9,7,1,2026-06-04T01:00:00+00:00,2026-06-07T16:02:52Z
778,Marc Pubill,475,Spain,H,2,DF,official,1,0,Atlético Madrid,Spain,22,2003-06-20,Spain,190,,R,27000000,2030-06-30,2638480,available,80,Can Polish Skills,Unlikely,,,,,,54,Atlético Madrid,3,La Liga,294,56,2685,1,1,1.06,1.42,17,6,11,1581,87.9,6.98,50,25,36,146,94,1,160,95,80,41,0,11,7,0,8,11,17,126,2062,39,1,0,2026-06-04T19:00:00+00:00,2026-06-07T16:02:52Z
2142,Alejandro Grimaldo,475,Spain,H,3,DF,official,13,0,Bayer 04 Leverkusen,Germany,30,1995-09-20,Spain,171,,L,19400000,2027-06-30,6074640,available,88,Unlikely to Improve,Unlikely,,,,,,85,Bayer 04 Leverkusen,7,Champions League,268,47,4038,14,12,10.29,12.77,89,35,105,2806,86.8,7.32,94,57,34,98,218,23,187,198,17,39,0,6,5,0,38,94,262,157,3996,23,25,0,2026-06-04T19:00:00+00:00,2026-06-07T16:02:52Z
743,Eric García,475,Spain,H,4,DF,official,20,0,FC Barcelona,Spain,25,2001-01-09,Spain,182,,R,34000000,2031-06-30,,available,,,,,,,,,44,FC Barcelona,3,La Liga,294,53,3780,1,2,3.52,2.88,35,11,39,3308,92.4,7.02,93,51,63,111,157,8,198,141,69,47,0,6,4,2,5,11,19,189,3946,51,1,0,2026-06-04T19:00:00+00:00,2026-06-07T16:02:52Z
3832,Marcos Llorente,475,Spain,H,5,DF,official,23,0,Atlético Madrid,Spain,31,1995-01-30,Spain,184,,R,23000000,2027-06-30,8160880,available,81,Unlikely to Improve,Unlikely,,,,,,54,Atlético Madrid,3,La Liga,294,49,3778,4,5,3.25,5.16,34,12,36,2156,89.8,6.98,108,68,32,92,208,10,161,145,14,23,0,11,7,1,18,39,86,132,2970,42,7,0,2026-06-04T19:00:00+00:00,2026-06-07T16:02:52Z
719,Pedro Porro,475,Spain,H,12,DF,official,17,0,Tottenham Hotspur,England,26,1999-09-13,Spain,173,,R,37000000,2028-06-30,6872320,available,80,Can Polish Skills,Unlikely,,,,,,9,Tottenham Hotspur,1,Premier League,337,46,3833,2,4,1.93,5.36,50,13,71,1994,75.1,7.0,95,61,47,125,186,16,179,166,19,32,0,4,11,0,27,59,299,400,3258,38,17,0,2026-06-04T19:00:00+00:00,2026-06-07T16:02:52Z
565,Aymeric Laporte,475,Spain,H,14,DF,official,45,2,Athletic Club,Spain,32,1994-05-27,Spain,191,,L,9400000,2028-06-30,3068000,available,81,Unlikely to Improve,Somewhat,,,,,,51,Athletic Club,3,La Liga,294,34,2434,0,1,1.67,0.35,17,5,7,1480,89.3,6.86,32,19,28,138,105,7,119,58,69,32,0,13,3,0,3,4,3,154,1818,11,19,1,2026-06-04T19:00:00+00:00,2026-06-07T16:02:52Z
740,Pau Cubarsí,475,Spain,H,22,DF,official,11,0,FC Barcelona,Spain,19,2007-01-22,Spain,184,,R,75000000,2029-06-30,5276960,available,81,Can Polish Skills,Unlikely,,,,,,44,FC Barcelona,3,La Liga,294,54,3799,1,0,0.65,0.9,13,3,7,3829,94.5,7.11,58,38,45,203,147,4,163,108,91,53,0,6,3,1,1,1,0,182,4270,34,15,0,2026-06-04T19:00:00+00:00,2026-06-07T16:02:52Z
386,Marc Cucurella,475,Spain,H,24,DF,official,23,1,Chelsea,England,27,1998-07-22,Spain,175,,L,52000000,2028-06-30,6749600,available,81,Can Polish Skills,Unlikely,53,45,76,50,54,13,Chelsea,1,Premier League,337,52,3826,1,4,1.97,4.36,23,5,48,1971,87.9,6.62,84,58,38,119,153,7,174,151,48,42,0,8,9,1,1,6,55,117,2814,65,25,1,2026-03-31T19:00:00+00:00,2026-06-07T16:02:52Z
749,Ferran Torres,475,Spain,H,7,FW,official,56,24,FC Barcelona,Spain,26,2000-02-29,Spain,185,,R,54000000,2027-06-30,10185760,injured,84,Almost Reached,Not Specifically,,,,,,44,FC Barcelona,3,La Liga,294,51,2594,20,3,18.17,1.93,96,48,31,597,74.2,6.82,12,8,5,13,45,19,83,100,33,26,0,5,0,0,13,34,5,18,960,18,18,5,2026-06-04T19:00:00+00:00,2026-06-07T16:02:52Z
746,Dani Olmo,475,Spain,H,10,FW,official,49,12,FC Barcelona,Spain,28,1998-05-07,Spain,179,,R,58000000,2030-06-30,,available,,,,,,,,,44,FC Barcelona,3,La Liga,294,47,2751,8,9,8.79,6.32,88,26,62,1605,85.3,6.98,46,32,22,31,136,27,151,138,24,15,0,6,3,0,28,62,47,94,2145,37,21,4,2026-06-04T19:00:00+00:00,2026-06-07T16:02:52Z
431,Yéremy Pino,475,Spain,H,11,FW,official,22,4,Crystal Palace,England,23,2002-10-20,Spain,172,,R,32000000,2030-06-30,7363200,available,78,Can Polish Skills,Not Specifically,,,,,,14,Crystal Palace,1,Premier League,337,40,2437,4,3,5.27,6.37,54,14,54,928,74.2,6.87,43,22,10,24,118,24,117,180,23,42,0,15,2,0,20,51,91,81,1442,37,13,2,2026-06-04T19:00:00+00:00,2026-06-07T16:02:52Z
571,Nico Williams,475,Spain,H,17,FW,official,30,6,Athletic Club,Spain,23,2002-07-12,Spain,180,,R,54000000,2035-06-30,14235520,available,88,Almost Reached,Unlikely,38,63,31,57,66,51,Athletic Club,3,La Liga,294,32,2099,6,4,6.55,5.43,61,19,43,701,77.5,6.93,22,12,9,10,124,19,148,200,12,11,0,6,2,0,74,170,90,22,1364,30,17,4,2025-09-07T18:45:00+00:00,2026-06-07T16:02:52Z
745,Lamine Yamal,475,Spain,H,19,FW,official,25,6,FC Barcelona,Spain,18,2007-07-13,Spain,180,,L,215000000,2031-06-30,17242160,injured,92,Can Polish Skills,Unlikely,63,78,37,76,66,44,FC Barcelona,3,La Liga,294,43,3592,24,17,18.89,14.45,165,56,117,2130,80.9,7.97,53,29,17,6,173,48,363,298,0,6,0,0,4,0,216,378,149,110,3398,37,18,4,2026-03-31T19:00:00+00:00,2026-06-07T16:02:52Z
3890,Mikel Oyarzabal,475,Spain,H,21,FW,official,52,24,Real Sociedad,Spain,29,1997-04-21,Spain,181,,L,27000000,2028-06-30,2270320,available,83,Can Polish Skills,Unlikely,50,71,34,56,62,48,Real Sociedad,3,La Liga,294,42,3193,18,4,18.48,3.69,89,42,52,946,77.2,7.03,34,23,9,34,103,19,172,227,41,86,0,12,4,0,42,79,22,46,1556,36,23,13,2026-03-31T19:00:00+00:00,2026-06-07T16:02:52Z
2668,Victor Muñoz,475,Spain,H,25,FW,official,2,1,Osasuna,Spain,22,2003-07-13,Spain,173,,R,19400000,2030-06-30,2086240,injured,75,Can Polish Skills,Unlikely,36,65,27,79,50,58,Osasuna,3,La Liga,294,38,2764,7,5,6.26,3.26,87,34,30,658,81.2,6.93,23,16,10,18,100,26,170,242,17,31,0,3,1,0,74,186,105,15,1426,32,2,1,2026-03-31T19:00:00+00:00,2026-06-07T16:02:52Z
1260,Borja Iglesias,475,Spain,H,26,FW,official,7,0,Celta Vigo,Spain,33,1993-01-17,Spain,187,,R,3100000,2027-06-30,2024880,available,79,Unlikely to Improve,Unlikely,,,,,,49,Celta Vigo,3,La Liga,294,51,2710,18,3,14.57,1.93,69,36,23,641,72.5,6.71,12,8,1,22,63,12,92,165,24,31,0,7,5,1,15,32,3,49,1025,59,7,0,2026-06-04T19:00:00+00:00,2026-06-07T16:02:52Z
442,David Raya,475,Spain,H,1,GK,official,12,0,Arsenal,England,30,1995-09-15,Spain,183,,R,38000000,2028-06-30,9817600,available,87,Unlikely to Improve,Unlikely,74,,,,,18,Arsenal,1,Premier League,337,59,4620,0,0,,0.19,0,0,3,1518,65.0,7.04,2,2,1,53,414,0,26,3,10,1,96,39,0,0,1,2,0,806,2013,0,25,0,2026-03-31T19:00:00+00:00,2026-06-07T16:02:52Z
738,Joan García,475,Spain,H,13,GK,official,2,0,FC Barcelona,Spain,25,2001-05-04,Spain,193,,R,41000000,2031-06-30,6074640,available,86,Can Polish Skills,Unlikely,,,,,,44,FC Barcelona,3,La Liga,294,46,3772,0,0,,0.02,0,0,1,1215,87.8,7.25,5,4,1,54,383,0,17,1,7,0,103,44,0,0,1,1,0,290,1675,0,2,0,2026-06-04T19:00:00+00:00,2026-06-07T16:02:52Z
562,Unai Simón,475,Spain,H,23,GK,official,57,0,Athletic Club,Spain,28,1997-06-11,Spain,189,,R,24000000,2029-06-30,4356560,available,86,Almost Reached,Not Specifically,,,,,,51,Athletic Club,3,La Liga,294,51,4050,0,0,,0.17,0,0,1,1385,56.0,6.81,1,0,0,41,424,0,23,1,16,1,124,78,1,0,0,0,0,919,1833,0,20,0,2026-06-04T19:00:00+00:00,2026-06-07T16:02:52Z
451,Mikel Merino,475,Spain,H,6,MF,official,42,10,Arsenal,England,29,1996-06-22,Spain,188,,L,31000000,2028-06-30,8590400,available,82,Unlikely to Improve,Not Specifically,,,,,,18,Arsenal,1,Premier League,337,37,1916,6,3,6.12,1.76,35,14,26,730,77.4,6.86,37,21,17,37,99,8,143,169,63,74,0,2,3,0,8,21,6,35,1047,45,22,9,2026-06-04T19:00:00+00:00,2026-06-07T16:02:52Z
2249,Fabián Ruiz,475,Spain,H,8,MF,official,41,6,Paris Saint-Germain,France,30,1996-04-03,Spain,189,,L,29000000,2027-06-30,,available,,,,60,55,51,63,63,114,Paris Saint-Germain,6,Ligue 1,317,31,1898,2,5,2.98,3.38,38,11,32,1758,91.5,7.05,35,23,18,17,98,9,51,58,4,5,0,10,1,0,4,16,32,117,2048,13,19,4,2025-11-18T19:45:00+00:00,2026-06-07T16:02:52Z
4900,Pablo Gavi,475,Spain,H,9,MF,official,29,5,FC Barcelona,Spain,21,2004-08-05,Spain,173,,R,31000000,2030-06-30,9572160,available,84,Can Polish Skills,Not Specifically,,,,,,44,FC Barcelona,3,La Liga,294,17,700,0,1,0.09,0.36,1,0,10,488,92.8,6.8,22,11,6,12,29,1,50,41,14,7,0,6,5,0,1,10,2,22,599,13,3,0,2026-06-04T19:00:00+00:00,2026-06-07T16:02:52Z
769,Alex Baena,475,Spain,H,15,MF,official,16,2,Atlético Madrid,Spain,24,2001-07-20,Spain,174,,R,48000000,2030-06-30,6320080,available,83,Can Polish Skills,Unlikely,,,,,,54,Atlético Madrid,3,La Liga,294,49,2251,2,3,4.37,6.53,43,9,58,1086,80.6,6.82,28,16,20,21,96,13,88,162,5,30,0,10,7,0,15,47,147,80,1606,43,21,1,2026-06-04T19:00:00+00:00,2026-06-07T16:02:52Z
4267,Rodri,475,Spain,H,16,MF,official,61,4,Manchester City,England,29,1996-06-22,Spain,191,,R,59000000,2027-06-30,10124400,available,90,Unlikely to Improve,Unlikely,78,59,74,70,68,12,Manchester City,1,Premier League,337,35,2184,2,0,1.68,2.96,29,6,36,2399,90.6,7.31,48,31,20,47,151,8,146,82,46,14,0,1,7,1,15,25,7,193,2739,21,11,1,2026-03-31T19:00:00+00:00,2026-06-07T16:02:52Z
448,Martín Zubimendi,475,Spain,H,18,MF,official,25,3,Arsenal,England,27,1999-02-02,Spain,180,,R,82000000,2030-06-30,9019920,available,86,Almost Reached,Unlikely,68,51,65,52,59,18,Arsenal,1,Premier League,337,61,4298,6,3,3.67,4.15,34,11,42,2695,87.3,7.03,88,46,50,98,167,9,209,167,90,51,0,3,2,0,13,23,17,162,3246,58,23,3,2026-03-27T20:00:00+00:00,2026-06-07T16:02:52Z
744,Pedri,475,Spain,H,20,MF,official,40,5,FC Barcelona,Spain,23,2002-11-25,Spain,174,,R,164000000,2030-06-30,12701520,available,90,Almost Reached,Not Specifically,65,65,40,74,75,44,FC Barcelona,3,La Liga,294,42,2929,2,11,1.7,6.27,25,12,78,2782,91.2,7.47,72,41,33,29,213,6,200,125,12,6,0,6,0,0,45,72,17,191,3349,11,21,3,2026-03-31T19:00:00+00:00,2026-06-07T16:02:52Z
884,Gustaf Lagerbielke,731,Sweden,F,2,DF,official,11,2,Sporting Braga,Portugal,26,2000-04-10,Sweden,193,,R,10400000,2030-06-30,552240,available,78,Almost Reached,Very Unlikely,,,,,,31,Sporting Braga,2,Liga Portugal Betclic,305,47,3590,2,0,2.99,1.79,21,5,13,2825,89.2,6.96,46,24,36,170,135,6,229,146,134,58,0,9,7,1,12,15,2,235,3297,62,9,1,2026-06-04T17:00:00+00:00,2026-06-07T16:02:52Z
519,Victor Lindelöf,731,Sweden,F,3,DF,official,76,3,Aston Villa,England,31,1994-07-17,Sweden,187,,R,5800000,2027-06-30,5215600,available,78,Unlikely to Improve,Not Specifically,65,36,73,49,41,3,Aston Villa,1,Premier League,337,51,1829,0,1,0.26,0.52,3,0,5,1167,93.6,6.66,13,4,15,71,52,0,37,34,18,16,0,9,1,0,4,6,1,47,1325,10,9,0,2026-06-01T17:00:00+00:00,2026-06-07T16:02:52Z
1299,Isak Hien,731,Sweden,F,4,DF,official,29,0,Atalanta,Italy,27,1999-01-13,Sweden,191,,R,21000000,2028-06-30,1718080,available,81,Almost Reached,Unlikely,,,,,,71,Atalanta,4,Serie A,358,46,2855,1,0,1.35,0.39,12,4,4,1575,91.4,6.79,64,43,41,135,180,2,154,155,63,58,0,6,4,0,6,13,0,119,2019,47,14,0,2026-06-04T17:00:00+00:00,2026-06-07T16:02:52Z
370,Gabriel Gudmundsson,731,Sweden,F,5,DF,official,24,0,Leeds United,England,27,1999-04-29,Sweden,181,,L,21000000,2029-06-30,3681600,injured,76,Almost Reached,Unlikely,,,,,,19,Leeds United,1,Premier League,337,36,2939,1,1,1.48,2.69,20,4,25,1051,77.0,6.72,72,47,36,92,120,5,190,165,20,31,0,1,5,1,36,75,104,117,1918,34,14,0,2026-06-04T17:00:00+00:00,2026-06-07T16:02:52Z
960,Emil Holm,731,Sweden,F,6,DF,official,16,2,Juventus,Italy,26,2000-05-13,Sweden,191,,R,11700000,2026-06-30,1043120,injured,77,Almost Reached,Somewhat,35,54,40,53,55,73,Juventus,4,Serie A,358,11,248,0,0,0.39,0.17,5,1,2,89,77.5,6.67,10,6,3,5,13,0,24,13,4,6,0,5,0,0,5,8,6,9,176,0,5,0,2025-11-15T19:45:00+00:00,2026-06-07T16:02:52Z
12135,Herman Johansson,731,Sweden,F,6,DF,official,3,0,FC Dallas,USA,28,1997-10-16,Sweden,190,,R,1700000,2029-06-30,,available,,,,,,,,,286,FC Dallas,18,MLS,158,14,998,0,2,0.24,1.74,3,2,15,300,79.3,6.76,13,11,3,32,26,1,47,49,26,19,0,9,2,0,2,6,21,21,508,23,4,0,2026-06-04T17:00:00+00:00,2026-06-07T16:02:52Z
2162,Daniel Svensson,731,Sweden,F,8,DF,official,13,0,Borussia Dortmund,Germany,24,2002-02-12,Sweden,183,,L,20000000,2029-06-30,1534000,available,78,Can Polish Skills,Very Unlikely,,,,,,92,Borussia Dortmund,7,Champions League,268,46,3462,4,2,2.9,5.85,16,6,40,1205,82.7,6.69,54,36,29,99,111,5,129,143,30,45,0,3,1,1,16,33,172,65,1984,39,14,0,2026-06-04T17:00:00+00:00,2026-06-07T16:02:52Z
404,Hjalmar Ekdal,731,Sweden,F,14,DF,official,13,0,Burnley,England,27,1998-10-21,Sweden,187,,R,5600000,2027-06-30,1534000,available,73,Can Polish Skills,Unlikely,,,,,,10,Burnley,1,Premier League,337,35,1719,0,1,0.26,0.28,7,1,6,827,86.5,6.67,28,16,12,128,55,2,93,56,54,35,0,4,1,0,2,6,2,87,1100,8,6,0,2026-06-04T17:00:00+00:00,2026-06-07T16:02:52Z
1253,Carl Starfelt,731,Sweden,F,15,DF,official,18,0,Celta Vigo,Spain,31,1995-06-01,Sweden,185,,R,4500000,2027-06-30,1227200,injured,78,Unlikely to Improve,Unlikely,,,,,,49,Celta Vigo,3,La Liga,294,32,2396,1,0,0.67,0.17,7,2,2,1592,95.8,6.86,31,21,28,189,79,1,87,68,45,36,0,0,1,0,1,2,0,62,1935,28,11,0,2026-06-04T17:00:00+00:00,2026-06-07T16:02:52Z
2479,Eric Smith,731,Sweden,F,20,DF,official,2,0,FC St. Pauli,Germany,29,1997-01-08,Sweden,191,,R,5300000,2027-06-30,1227200,available,76,Almost Reached,Not Specifically,,,,,,91,FC St. Pauli,5,Bundesliga,228,30,2636,2,3,1.56,1.16,15,5,21,1777,85.6,6.95,35,23,31,125,154,4,112,78,37,35,0,6,2,1,10,15,68,237,2239,15,3,0,2026-06-04T17:00:00+00:00,2026-06-07T16:02:52Z
28070,Alexander Bernhardsson,731,Sweden,F,21,DF,official,11,0,Holstein Kiel,Germany,27,1998-09-07,Sweden,184,,L,3200000,2027-06-30,429520,available,73,Almost Reached,Somewhat,,,,,,1296,Holstein Kiel,31,International Friendly Games,133,2,93,2,0,1.17,,5,3,3,29,79.3,7.95,1,1,1,2,6,2,8,6,1,1,0,0,0,0,4,7,2,1,55,1,8,0,2026-06-04T17:00:00+00:00,2026-06-07T16:02:52Z
16077,Elliot Stroud,731,Sweden,F,24,DF,official,1,0,Mjällby AIF,Sweden,23,2002-06-22,Sweden,185,,L,3100000,2026-12-31,61360,injured,72,Almost Reached,Unlikely,,,,,,441,Mjällby AIF,26,Allsvenskan,10,36,3079,11,6,7.53,,67,27,70,1411,75.3,7.41,96,57,21,73,170,17,192,199,13,23,0,4,0,0,38,99,229,162,2554,33,2,0,2026-06-04T17:00:00+00:00,2026-06-07T16:02:52Z
332,Alexander Isak,731,Sweden,F,9,FW,official,58,17,Liverpool FC,England,26,1999-09-21,Sweden,193,,R,103000000,2031-06-30,18408000,doubtful,90,Can Polish Skills,Unlikely,,,,,,1,Liverpool FC,1,Premier League,337,24,1044,4,1,3.89,0.67,28,14,5,144,69.4,6.57,11,7,1,12,17,3,28,62,11,27,0,3,0,0,4,18,3,5,283,6,12,5,2026-06-04T17:00:00+00:00,2026-06-07T16:02:52Z
710,Anthony Elanga,731,Sweden,F,11,FW,official,30,6,Newcastle United,England,24,2002-04-27,Sweden,178,,R,38000000,2030-06-30,5522400,available,72,Almost Reached,Unlikely,,,,,,4,Newcastle United,1,Premier League,337,53,2145,3,1,3.9,2.78,34,12,30,679,79.2,6.66,21,16,5,12,62,10,100,139,16,33,0,6,1,0,22,65,122,16,1166,14,13,2,2026-06-04T17:00:00+00:00,2026-06-07T16:02:52Z
456,Viktor Gyökeres,731,Sweden,F,17,FW,official,33,20,Arsenal,England,28,1998-06-04,Sweden,187,,R,61000000,2030-06-30,12272000,available,83,Can Polish Skills,Not Specifically,,,,,,18,Arsenal,1,Premier League,337,59,3503,21,3,19.3,2.55,92,37,32,485,63.9,6.66,8,5,2,30,78,23,117,230,43,93,0,3,4,0,13,50,15,8,996,56,13,14,2026-06-04T17:00:00+00:00,2026-06-07T16:02:52Z
3556,Gustaf Nilsson,731,Sweden,F,25,FW,official,10,4,Club Brugge KV,Belgium,29,1997-05-23,Sweden,197,,R,2200000,2028-06-30,552240,available,74,Can Polish Skills,Unlikely,,,,,,123,Club Brugge KV,14,Pro League,338,33,98,0,0,1.14,0.12,7,4,1,27,59.3,6.41,1,0,0,1,2,1,9,11,8,2,0,3,1,0,0,0,2,0,47,8,6,1,2026-06-04T17:00:00+00:00,2026-06-07T16:02:52Z
4400,Taha Abdi Ali,731,Sweden,F,26,FW,official,2,0,Malmö FF,Sweden,27,1998-07-01,Sweden,174,,R,1100000,2026-12-31,184080,available,70,Can Polish Skills,Not Specifically,,,,,,135,Malmö FF,8,Europa League,280,45,2200,4,4,5.92,0.27,57,17,50,872,79.7,6.97,25,20,14,5,99,19,127,174,1,6,0,3,1,0,66,159,54,12,1471,15,4,0,2026-06-04T17:00:00+00:00,2026-06-07T16:02:52Z
6221,Jacob Widell Zetterström,731,Sweden,F,1,GK,official,3,0,Derby County,England,27,1998-07-11,Sweden,195,,R,2400000,2027-06-30,920400,available,74,Can Polish Skills,Unlikely,,,,,,216,Derby County,12,Championship,243,33,2970,0,0,,0.2,0,0,1,1056,53.2,7.08,0,0,2,32,291,0,16,3,4,0,113,45,0,0,2,2,0,750,1414,1,10,0,2026-06-04T17:00:00+00:00,2026-06-07T16:02:52Z
6046,Viktor Johansson,731,Sweden,F,12,GK,official,12,0,Stoke City,England,27,1998-09-14,Sweden,186,,R,11600000,2030-06-30,1227200,available,77,Almost Reached,Unlikely,,,,,,215,Stoke City,12,Championship,243,25,2160,0,1,,0.05,0,0,3,864,70.6,7.18,2,1,0,39,256,0,23,2,11,2,71,25,0,0,0,0,0,432,1134,0,13,0,2026-06-04T17:00:00+00:00,2026-06-07T16:02:52Z
15999,Kristoffer Nordfeldt,731,Sweden,F,23,GK,official,21,0,AIK,Sweden,36,1989-06-23,Sweden,190,,R,190000,2026-12-31,,available,,,,,,,,,449,AIK,26,Allsvenskan,10,37,3330,0,0,0.92,,0,0,0,1155,65.9,6.92,0,0,0,23,299,0,20,1,11,0,91,46,3,0,1,1,0,597,1454,0,16,0,2026-06-04T17:00:00+00:00,2026-06-07T16:02:52Z
726,Lucas Bergvall,731,Sweden,F,7,MF,official,10,0,Tottenham Hotspur,England,20,2006-02-02,Sweden,186,,R,41000000,2031-06-30,3068000,available,76,Much Room to Grow,Unlikely,,,,,,9,Tottenham Hotspur,1,Premier League,337,37,1476,1,4,1.42,0.81,16,5,12,444,82.2,6.6,27,17,9,17,53,3,73,88,10,17,0,4,1,0,21,34,27,23,715,35,13,0,2026-06-04T17:00:00+00:00,2026-06-07T16:02:52Z
3394,Benjamin Nygren,731,Sweden,F,10,MF,official,11,3,Celtic,Scotland,24,2001-07-08,Sweden,184,,L,9700000,2029-06-30,674960,available,76,Can Polish Skills,Unlikely,,,,,,132,Celtic,13,Scottish Premiership,345,50,3351,20,6,18.04,4.98,112,51,69,1549,82.2,7.13,48,29,16,29,153,31,165,202,34,51,0,6,1,0,32,72,116,60,2236,46,10,1,2026-06-04T17:00:00+00:00,2026-06-07T16:02:52Z
4232,Ken Sema,731,Sweden,F,13,MF,official,33,5,Pafos FC,Cyprus,32,1993-09-30,Sweden,177,,L,1000000,2027-05-31,613600,available,72,Unlikely to Improve,Unlikely,,,,,,119,Pafos FC,7,Champions League,268,12,271,0,1,,0.52,0,0,4,64,78.1,6.73,12,8,1,9,11,0,21,26,1,3,0,0,1,0,6,13,8,7,137,6,14,1,2026-06-04T17:00:00+00:00,2026-06-07T16:02:52Z
2568,Jesper Karlström,731,Sweden,F,16,MF,official,25,0,Udinese,Italy,30,1995-06-21,Sweden,179,,R,4099999,2028-06-30,1104480,available,76,Unlikely to Improve,Unlikely,,,,,,75,Udinese,4,Serie A,358,38,3323,1,0,0.89,1.07,20,3,16,1481,81.7,6.77,53,33,38,79,160,9,122,111,30,27,0,2,3,0,10,22,16,151,1905,43,14,0,2026-06-04T17:00:00+00:00,2026-06-07T16:02:52Z
1632,Yasin Ayari,731,Sweden,F,18,MF,official,21,3,Brighton & Hove Albion,England,22,2003-10-06,Sweden,172,,R,27000000,2027-06-30,552240,available,78,Can Polish Skills,Unlikely,,,,,,5,Brighton & Hove Albion,1,Premier League,337,34,2036,4,3,3.23,1.18,46,12,16,1001,85.9,6.79,46,24,25,25,128,13,102,117,9,18,0,4,1,0,18,48,25,74,1374,25,16,2,2026-06-04T17:00:00+00:00,2026-06-07T16:02:52Z
1377,Mattias Svanberg,731,Sweden,F,19,MF,official,41,2,VfL Wolfsburg,Germany,27,1999-01-05,Sweden,185,,R,8300000,2027-06-30,2883920,available,73,Can Polish Skills,Not Specifically,,,,,,82,VfL Wolfsburg,5,Bundesliga,228,29,1059,5,2,4.12,0.65,25,11,10,278,72.7,6.76,12,8,12,31,39,5,55,73,18,17,0,4,4,0,2,13,11,25,498,21,8,0,2026-06-04T17:00:00+00:00,2026-06-07T16:02:52Z
8600,Besfort Zeneli,731,Sweden,F,22,MF,official,8,0,Royale Union Saint-Gilloise,Belgium,23,2002-11-21,Sweden,187,,R,4600000,2030-06-30,245440,available,72,Can Polish Skills,Unlikely,,,,,,116,Royale Union Saint-Gilloise,14,Pro League,338,16,775,3,6,2.18,3.15,16,8,22,328,76.5,7.13,9,4,4,0,22,5,28,28,5,3,0,6,0,0,5,13,56,15,501,6,6,0,2026-06-04T17:00:00+00:00,2026-06-07T16:02:52Z
1596,Miro Muheim,462,Switzerland,B,2,DF,official,10,0,Hamburger SV,Germany,28,1998-03-24,Switzerland,182,,L,5300000,2027-06-30,1043120,available,76,Almost Reached,Unlikely,,,,,,96,Hamburger SV,5,Bundesliga,228,32,2767,0,6,2.25,4.23,29,8,53,1320,76.4,6.99,69,36,29,68,145,8,166,132,20,26,0,1,5,1,25,39,189,195,2220,43,12,0,2026-06-06T19:00:00+00:00,2026-06-07T16:02:52Z
1208,Silvan Widmer,462,Switzerland,B,3,DF,official,60,5,1. FSV Mainz 05,Germany,33,1993-03-05,Switzerland,182,,R,730000,2026-06-30,1840800,available,77,Unlikely to Improve,Somewhat,,,,,,93,1. FSV Mainz 05,5,Bundesliga,228,34,1888,2,1,2.44,2.84,20,4,8,591,74.1,6.82,42,28,20,62,52,5,84,70,30,31,0,8,3,0,2,10,37,54,1094,15,16,1,2026-06-06T19:00:00+00:00,2026-06-07T16:02:52Z
2869,Nico Elvedi,462,Switzerland,B,4,DF,official,67,3,Borussia M'gladbach,Germany,29,1996-09-30,Switzerland,188,,R,7300000,2027-06-30,3068000,available,77,Almost Reached,Not Specifically,,,,,,95,Borussia M'gladbach,5,Bundesliga,228,36,3237,2,2,1.11,1.05,15,2,13,1998,91.5,7.05,45,31,44,289,111,5,142,95,78,63,0,0,3,0,2,3,1,123,2529,19,18,1,2026-06-06T19:00:00+00:00,2026-06-07T16:02:52Z
1679,Manuel Akanji,462,Switzerland,B,5,DF,official,81,4,Inter,Italy,30,1995-07-19,Switzerland,187,,R,15500000,2028-06-30,7976800,available,82,Unlikely to Improve,Not Specifically,,,,,,77,Inter,4,Serie A,358,49,3707,2,0,2.43,1.68,29,8,11,2798,92.0,7.06,62,28,48,140,168,6,145,105,60,55,0,3,4,0,2,4,9,179,3311,30,19,1,2026-06-06T19:00:00+00:00,2026-06-07T16:02:52Z
1582,Ricardo Rodríguez,462,Switzerland,B,13,DF,official,138,9,Real Betis,Spain,33,1992-08-25,Switzerland,182,,L,1600000,2026-06-30,2270320,available,76,Unlikely to Improve,Not Specifically,,,,,,56,Real Betis,3,La Liga,294,49,2460,0,1,0.14,0.68,5,0,11,1084,85.4,6.66,36,18,14,96,81,3,79,77,27,28,0,6,0,0,3,6,24,101,1526,22,21,0,2026-06-06T19:00:00+00:00,2026-06-07T16:02:52Z
942,Eray Cömert,462,Switzerland,B,18,DF,official,22,0,Valencia,Spain,28,1998-02-04,Switzerland,183,,R,2700000,2026-06-30,1472640,available,74,Can Polish Skills,Unlikely,,,,,,47,Valencia,3,La Liga,294,36,1729,2,1,1.49,0.52,11,3,7,1063,86.5,6.8,31,15,30,122,61,3,72,46,27,18,0,6,4,1,0,1,1,136,1325,17,8,0,2026-06-06T19:00:00+00:00,2026-06-07T16:02:52Z
1362,Aurèle Amenda,462,Switzerland,B,24,DF,official,7,0,Eintracht Frankfurt,Germany,22,2003-07-31,Switzerland,194,,R,8199999,2029-06-30,1227200,available,77,Can Polish Skills,Not Specifically,,,,,,87,Eintracht Frankfurt,7,Champions League,268,41,1908,0,0,0.7,0.92,10,2,7,1514,87.8,6.61,18,13,35,132,86,0,114,71,80,35,0,8,3,0,2,4,6,133,1848,29,11,0,2026-06-06T19:00:00+00:00,2026-06-07T16:02:52Z
3119,Luca Jaquez,462,Switzerland,B,25,DF,official,3,0,VfB Stuttgart,Germany,23,2003-06-02,Switzerland,187,,R,10700000,2029-06-30,1227200,available,74,Can Polish Skills,Not Specifically,,,,,,84,VfB Stuttgart,8,Europa League,280,30,1532,1,1,0.71,0.66,8,1,6,1141,90.6,6.88,20,11,15,71,80,2,64,37,35,19,0,11,1,0,2,2,1,91,1314,11,6,0,2026-06-06T19:00:00+00:00,2026-06-07T16:02:52Z
2811,Breel Embolo,462,Switzerland,B,7,FW,official,86,24,Stade Rennais,France,29,1997-02-14,Switzerland,185,,R,13600000,2029-06-30,1472640,available,79,Almost Reached,Not Specifically,47,77,19,56,61,97,Stade Rennais,6,Ligue 1,317,34,2042,11,3,10.11,1.33,49,21,18,390,70.8,6.71,19,13,7,20,61,9,126,164,30,41,0,9,3,0,15,45,8,12,760,51,19,8,2026-05-31T13:00:00+00:00,2026-06-07T16:02:52Z
551,Dan Ndoye,462,Switzerland,B,11,FW,official,31,8,Nottingham Forest,England,25,2000-10-25,Switzerland,184,,R,34000000,2030-06-30,5522400,doubtful,78,Almost Reached,Unlikely,,,,,,15,Nottingham Forest,1,Premier League,337,45,2014,2,1,2.66,3.02,30,11,25,496,78.6,6.67,43,23,16,16,83,8,119,149,17,23,0,5,1,0,25,67,68,23,985,28,17,6,2026-06-06T19:00:00+00:00,2026-06-07T16:02:52Z
3204,Christian Fassnacht,462,Switzerland,B,16,FW,official,23,5,BSC Young Boys,Switzerland,32,1993-11-11,Switzerland,185,,R,2100000,2027-06-30,1104480,available,76,Unlikely to Improve,Unlikely,,,,,,148,BSC Young Boys,15,Super League,371,41,2756,19,7,14.88,0.98,83,34,27,706,75.9,6.93,62,40,14,22,100,17,120,147,31,36,0,6,2,0,15,33,26,41,1176,35,4,1,2026-06-06T19:00:00+00:00,2026-06-07T16:02:52Z
3803,Rubén Vargas,462,Switzerland,B,17,FW,official,61,11,Sevilla,Spain,27,1998-08-05,Switzerland,179,,R,11100000,2029-06-30,1718080,available,78,Almost Reached,Somewhat,26,61,30,56,64,52,Sevilla,3,La Liga,294,25,1618,3,6,3.15,2.56,42,8,28,568,72.7,6.74,19,15,7,14,81,17,75,79,19,16,0,7,1,0,20,47,88,48,949,13,16,2,2026-05-31T13:00:00+00:00,2026-06-07T16:02:52Z
374,Noah Okafor,462,Switzerland,B,19,FW,official,25,2,Leeds United,England,26,2000-05-24,Switzerland,185,,R,19800000,2029-06-30,3988400,injured,78,Almost Reached,Not Specifically,,,,,,19,Leeds United,1,Premier League,337,34,1971,8,3,5.98,1.34,45,19,31,432,76.9,6.94,31,21,12,23,71,13,116,167,17,25,0,2,1,0,48,116,55,39,914,19,10,0,2026-06-06T19:00:00+00:00,2026-06-07T16:02:52Z
22868,Zeki Amdouni,462,Switzerland,B,23,FW,official,29,11,Burnley,England,25,2000-12-04,Switzerland,183,,B,9700000,2028-06-30,2454400,available,78,Almost Reached,Not Specifically,,,,,,10,Burnley,1,Premier League,337,4,69,0,0,0.24,0.02,3,1,0,19,94.7,6.47,0,0,0,0,1,1,3,6,1,1,0,7,0,0,1,4,0,1,34,1,13,3,2026-06-06T19:00:00+00:00,2026-06-07T16:02:52Z
27743,Cédric Itten,462,Switzerland,B,26,FW,official,15,5,Fortuna Düsseldorf,Germany,29,1996-12-27,Switzerland,189,,R,1600000,2029-06-30,736320,available,76,Can Polish Skills,Not Specifically,,,,,,1291,Fortuna Düsseldorf,31,International Friendly Games,133,2,110,1,0,0.87,,7,2,2,18,88.9,6.55,1,1,0,0,4,2,4,9,3,4,0,0,1,0,0,0,0,0,34,4,7,0,2026-06-06T19:00:00+00:00,2026-06-07T16:02:52Z
2155,Gregor Kobel,462,Switzerland,B,1,GK,official,21,0,Borussia Dortmund,Germany,28,1997-12-06,Switzerland,193,,R,41000000,2028-06-30,9142640,available,87,Almost Reached,Not Specifically,,,,,,92,Borussia Dortmund,7,Champions League,268,47,4260,0,0,,0.11,0,0,1,1512,72.9,7.1,0,0,0,37,398,0,11,3,8,2,133,57,1,0,0,0,0,656,1906,0,21,0,2026-06-06T19:00:00+00:00,2026-06-07T16:02:52Z
1465,Yvon Mvogo,462,Switzerland,B,12,GK,official,13,0,Lorient,France,32,1994-06-06,Switzerland,190,,R,3100000,2027-06-30,674960,available,73,Unlikely to Improve,Unlikely,,,,,,110,Lorient,6,Ligue 1,317,33,2790,0,0,,0.03,0,0,1,1121,77.9,6.98,1,1,1,27,212,0,14,3,10,1,75,43,0,0,1,1,0,451,1387,0,19,0,2026-06-06T19:00:00+00:00,2026-06-07T16:02:52Z
3195,Marvin Keller,462,Switzerland,B,21,GK,official,1,0,BSC Young Boys,Switzerland,24,2002-04-03,Switzerland,187,,R,6800000,2028-06-30,1534000,available,80,Can Polish Skills,Unlikely,,,,,,148,BSC Young Boys,15,Super League,371,48,4140,0,0,,0.06,0,0,0,1672,75.8,7.1,1,1,0,23,358,0,10,3,5,1,148,87,1,0,0,0,0,705,2077,0,10,0,2026-06-06T19:00:00+00:00,2026-06-07T16:02:52Z
3616,Denis Zakaria,462,Switzerland,B,6,MF,official,65,3,AS Monaco,Monaco,29,1996-11-20,Switzerland,191,,R,26000000,2028-06-30,3988400,available,80,Almost Reached,Not Specifically,,,,,,101,AS Monaco,6,Ligue 1,317,33,2810,2,3,2.97,1.0,26,8,9,1453,92.9,6.82,56,34,58,81,131,6,107,94,24,21,0,9,7,0,15,26,13,57,1887,34,11,0,2026-06-06T19:00:00+00:00,2026-06-07T16:02:52Z
4266,Remo Freuler,462,Switzerland,B,8,MF,official,88,11,Bologna,Italy,34,1992-04-15,Switzerland,181,,R,3100000,2026-06-30,1902160,available,82,Unlikely to Improve,Unlikely,,,,,,66,Bologna,4,Serie A,358,43,3107,1,2,1.68,1.69,13,2,27,1865,86.7,6.88,82,49,35,46,148,5,140,118,27,39,0,7,4,0,2,8,22,160,2261,39,19,2,2026-06-06T19:00:00+00:00,2026-06-07T16:02:52Z
1178,Johan Manzambi,462,Switzerland,B,9,MF,official,12,3,SC Freiburg,Germany,20,2005-10-14,Switzerland,182,,R,54000000,2030-06-30,1227200,available,76,Can Still Improve,Unlikely,,,,,,89,SC Freiburg,8,Europa League,280,48,3618,7,6,8.83,6.29,95,27,30,1544,84.2,7.26,79,39,51,50,205,30,334,235,51,46,0,12,4,1,65,129,50,105,2516,40,10,2,2026-06-06T19:00:00+00:00,2026-06-07T16:02:52Z
348,Granit Xhaka,462,Switzerland,B,10,MF,official,146,17,Sunderland,England,33,1992-09-27,Switzerland,185,,L,10600000,2028-06-30,7056400,available,87,Unlikely to Improve,Unlikely,,,,,,7,Sunderland,1,Premier League,337,36,2946,1,6,1.89,3.8,23,5,35,1863,84.8,7.37,50,33,31,86,186,8,153,95,54,34,0,3,5,0,12,25,106,256,2360,21,19,3,2026-06-06T19:00:00+00:00,2026-06-07T16:02:52Z
2005,Ardon Jashari,462,Switzerland,B,14,MF,official,8,0,AC Milan,Italy,23,2002-07-30,Switzerland,180,,L,24000000,2030-06-30,4724720,available,76,Can Polish Skills,Very Unlikely,,,,,,63,AC Milan,4,Serie A,358,32,811,0,1,0.2,0.59,7,2,10,546,91.0,6.77,16,13,5,8,38,1,33,44,2,7,0,8,0,0,5,13,12,29,671,14,10,0,2026-06-06T19:00:00+00:00,2026-06-07T16:02:52Z
1550,Djibril Sow,462,Switzerland,B,15,MF,official,52,0,Sevilla,Spain,29,1997-02-06,Switzerland,184,,R,7100000,2029-06-30,4233840,available,75,Almost Reached,Somewhat,,,,,,52,Sevilla,3,La Liga,294,38,2288,5,4,1.73,1.79,20,9,25,980,89.0,6.8,45,26,23,10,91,4,99,95,14,31,0,7,4,0,9,17,22,64,1265,42,8,0,2026-06-06T19:00:00+00:00,2026-06-07T16:02:52Z
1660,Michel Aebischer,462,Switzerland,B,20,MF,official,40,2,Pisa,Italy,29,1997-01-06,Switzerland,182,,R,4200000,2026-06-30,1043120,available,77,Almost Reached,Not Specifically,,,,,,72,Pisa,4,Serie A,358,37,2983,1,2,0.61,2.49,19,5,34,1591,85.9,6.89,66,37,37,31,172,3,135,129,14,23,0,11,6,0,15,30,44,183,2029,45,17,1,2026-06-06T19:00:00+00:00,2026-06-07T16:02:52Z
2404,Fabian Rieder,462,Switzerland,B,22,MF,official,28,1,FC Augsburg,Germany,24,2002-02-16,Switzerland,181,,L,11100000,2030-06-30,1534000,available,73,Can Polish Skills,Not Specifically,,,,,,90,FC Augsburg,5,Bundesliga,228,33,2404,6,3,4.26,4.66,39,13,45,834,76.0,6.87,37,17,16,16,113,8,107,164,14,40,0,7,2,0,19,44,119,92,1354,47,21,0,2026-06-06T19:00:00+00:00,2026-06-07T16:02:52Z
1498,Ali Abdi,474,Tunisia,F,2,DF,official,46,7,Nice,France,32,1993-12-20,Tunisia,183,,L,1900000,2027-06-30,,available,,,,,,,,,103,Nice,6,Ligue 1,317,35,1657,3,0,3.14,1.17,21,5,22,569,74.5,6.66,36,18,16,41,84,7,125,122,35,37,0,7,1,0,27,59,42,58,1061,26,19,2,2026-06-06T13:00:00+00:00,2026-06-07T16:02:52Z
1467,Montassar Talbi,474,Tunisia,F,3,DF,official,64,4,Lorient,France,28,1998-05-26,Tunisia,190,,R,7600000,2027-06-30,,available,,,,,,,,,110,Lorient,6,Ligue 1,317,31,2790,0,1,1.47,0.6,14,2,8,1535,89.0,6.95,25,19,28,207,98,5,124,80,79,48,0,4,3,0,3,6,5,159,1930,8,19,1,2026-06-06T13:00:00+00:00,2026-06-07T16:02:52Z
17112,Omar Rekik,474,Tunisia,F,4,DF,official,6,0,NK Maribor,Slovenia,24,2001-12-20,Tunisia,186,,R,515000,2027-06-30,613600,available,68,Can Still Improve,Not Specifically,,,,,,1335,NK Maribor,31,International Friendly Games,133,4,270,0,0,,,,,,,,7.47,,,,,,,,,,,,,,,,,,,,,4,0,2026-06-06T13:00:00+00:00,2026-06-07T16:02:52Z
6743,Adem Arous,474,Tunisia,F,5,DF,official,2,0,Kasımpaşa,Türkiye,21,2004-07-17,Tunisia,188,,R,970000,2028-06-30,122720,available,70,Can Polish Skills,Not Specifically,,,,,,187,Kasımpaşa,11,Trendyol Super Lig,380,29,1492,1,0,0.33,0.08,4,1,3,681,79.3,6.82,29,17,21,103,43,1,78,32,35,22,0,4,2,0,4,4,2,128,902,11,7,0,2026-06-06T13:00:00+00:00,2026-06-07T16:02:52Z
7603,Dylan Bronn,474,Tunisia,F,6,DF,official,52,2,Servette FC,Switzerland,30,1995-06-19,Tunisia,186,,R,745000,2027-06-30,490880,available,71,Unlikely to Improve,Not Specifically,,,,,,251,Servette FC,15,Super League,371,25,1247,0,1,0.6,,5,1,2,698,89.8,6.74,20,13,21,73,43,2,57,36,26,18,0,0,0,0,2,2,2,76,874,12,14,0,2026-06-06T13:00:00+00:00,2026-06-07T16:02:52Z
6745,Mortadha Ben Ouanes,474,Tunisia,F,12,DF,official,18,0,Kasımpaşa,Türkiye,31,1994-07-02,Tunisia,182,,L,1400000,2027-06-30,,available,,,,,,,,,187,Kasımpaşa,11,Trendyol Super Lig,380,28,2105,2,6,1.95,2.95,22,4,28,661,77.3,6.73,18,12,25,35,107,8,104,131,23,33,0,4,4,1,12,37,59,55,1097,39,14,0,2026-06-06T13:00:00+00:00,2026-06-07T16:02:52Z
6781,Yan Valery,474,Tunisia,F,20,DF,official,22,0,BSC Young Boys,Switzerland,27,1999-02-22,Tunisia,186,,R,1300000,2026-06-30,1227200,available,70,Can Polish Skills,Unlikely,,,,,,148,BSC Young Boys,15,Super League,371,14,943,0,3,0.28,2.03,4,2,21,494,78.7,6.82,13,8,7,19,53,1,37,43,8,5,0,6,2,0,11,20,48,61,750,18,15,0,2026-06-06T13:00:00+00:00,2026-06-07T16:02:52Z
14699,Amine Ben Hmida,474,Tunisia,F,21,DF,official,13,0,Espérance Tunis,Tunisia,30,1995-12-15,Tunisia,181,,L,735000,2026-06-30,,available,,,,,,,,,591,Espérance Tunis,29,CAF Champions League,229,36,1655,1,3,0.03,0.8,0,0,11,396,79.0,7.01,15,13,12,28,37,0,39,30,13,13,0,2,1,0,4,8,23,59,616,9,6,0,2026-06-06T13:00:00+00:00,2026-06-07T16:02:52Z
15792,Moutaz Neffati,474,Tunisia,F,23,DF,official,5,0,IFK Norrköping,Sweden,21,2004-09-04,Tunisia,182,,R,850000,2026-12-31,,available,,,,,,,,,444,IFK Norrköping,26,Allsvenskan,10,29,2395,1,4,1.39,,23,4,31,954,77.3,7.0,69,47,35,110,123,11,163,149,24,19,0,0,0,0,22,60,65,161,1734,40,7,0,2026-06-06T13:00:00+00:00,2026-06-07T16:02:52Z
17111,Raed Chikhaoui,474,Tunisia,F,24,DF,official,0,0,US Monastir,Tunisia,21,2004-06-09,Tunisia,191,,R,260000,2028-06-30,,available,,,,,,,,,602,US Monastir,31,International Friendly Games,133,28,1260,3,0,,,0,0,0,0,,,0,0,0,0,0,0,0,0,0,0,0,4,4,0,0,0,0,0,0,0,4,0,2026-06-06T13:00:00+00:00,2026-06-07T16:02:52Z
4243,Elias Achouri,474,Tunisia,F,7,FW,official,30,4,FC København,Denmark,27,1999-02-10,Tunisia,177,,R,3800000,2028-06-30,552240,available,79,Almost Reached,Somewhat,,,,,,124,FC København,7,Champions League,268,11,710,1,2,0.67,0.48,12,2,8,216,78.2,6.63,11,6,4,5,42,5,27,46,2,8,0,0,1,0,4,14,21,14,357,12,15,3,2026-06-06T13:00:00+00:00,2026-06-07T16:02:52Z
2415,Elias Saad,474,Tunisia,F,8,FW,official,15,4,Hannover 96,Germany,26,1999-12-27,Tunisia,185,,B,2700000,2026-06-30,1227200,available,74,Can Polish Skills,Not Specifically,,,,,,1289,Hannover 96,5,Bundesliga,228,14,499,0,0,,,,,,,,6.65,,,,,,,,,,,,,,,,,,,,,15,3,2026-06-06T13:00:00+00:00,2026-06-07T16:02:52Z
15492,Hazem Mastouri,474,Tunisia,F,9,FW,official,19,4,Dinamo Makhachkala,,28,1997-06-18,Tunisia,191,,R,665000,2028-06-30,,available,,,,,,,,,2335,Dinamo Makhachkala,30,Africa Cup of Nations 2023,211,4,269,0,0,,,,,,,,6.68,,,,,,,,,,,,,,,,,,,,,13,2,2026-06-06T13:00:00+00:00,2026-06-07T16:02:52Z
9139,Rayan Elloumi,474,Tunisia,F,18,FW,official,4,0,Vancouver Whitecaps,Canada,18,2007-09-17,Tunisia,183,,,620000,2028-12-31,,available,,,,,,,,,278,Vancouver Whitecaps,18,MLS,159,27,390,2,1,2.04,0.68,11,4,6,80,77.5,6.64,8,6,3,4,7,2,25,46,8,9,0,8,0,0,1,8,2,3,169,15,4,0,2026-06-06T13:00:00+00:00,2026-06-07T16:02:52Z
15493,Firas Chaouat,474,Tunisia,F,19,FW,official,30,6,Club Africain,Tunisia,30,1996-05-08,Tunisia,185,,R,770000,2028-06-30,,available,,,,,,,,,1899,Club Africain,30,Africa Cup of Nations 2023,211,26,989,13,0,,,0,0,0,0,,,0,0,0,0,0,0,0,0,0,0,0,1,2,0,0,0,0,0,0,0,13,2,2026-06-06T13:00:00+00:00,2026-06-07T16:02:52Z
17110,Abdelmouhib Chamakh,474,Tunisia,F,1,GK,official,2,0,Club Africain,Tunisia,24,2001-08-25,Tunisia,192,,R,420000,2029-06-30,,available,,,,,,,,,1899,Club Africain,31,International Friendly Games,133,29,783,0,0,,,0,0,0,0,,,0,0,0,0,0,0,0,0,0,0,0,10,1,0,0,0,0,0,0,0,4,0,2026-06-06T13:00:00+00:00,2026-06-07T16:02:52Z
15490,Aymen Dahmen,474,Tunisia,F,16,GK,official,37,0,CS Sfaxien,Tunisia,29,1997-01-28,Tunisia,188,,R,720000,2028-06-30,,available,,,,,,,,,1905,CS Sfaxien,30,Africa Cup of Nations 2023,211,26,1080,0,0,,,0,0,0,0,,,0,0,0,0,0,0,0,0,0,0,0,11,1,0,0,0,0,0,0,0,21,0,2026-06-06T13:00:00+00:00,2026-06-07T16:02:52Z
17106,Sabri Ben Hessen,474,Tunisia,F,22,GK,official,2,0,Etoile Sportive Du Sahel,Tunisia,29,1996-06-13,Tunisia,190,,R,430000,2028-06-30,,available,,,,,,,,,1908,Etoile Sportive Du Sahel,31,International Friendly Games,133,27,1260,0,0,,,0,0,0,0,,,0,0,0,0,0,0,0,0,0,0,0,25,0,0,0,0,0,0,0,0,3,0,2026-06-06T13:00:00+00:00,2026-06-07T16:02:52Z
415,Hannibal Mejbri,474,Tunisia,F,10,MF,official,45,1,Burnley,England,23,2003-01-21,Tunisia,182,,R,16700000,2028-06-30,1840800,available,75,Can Polish Skills,Unlikely,,,,,,10,Burnley,1,Premier League,337,32,1391,1,4,0.93,1.93,20,5,28,622,78.8,6.73,32,19,7,7,81,8,111,117,6,26,0,7,8,0,21,39,31,64,957,26,12,1,2026-06-06T13:00:00+00:00,2026-06-07T16:02:52Z
3913,Ismael Gharbi,474,Tunisia,F,11,MF,official,17,2,FC Augsburg,Germany,22,2004-04-10,Tunisia,173,,R,4800000,2026-06-30,490880,available,75,Can Polish Skills,Unlikely,,,,,,90,FC Augsburg,5,Bundesliga,228,22,182,0,0,0.78,0.1,7,0,2,77,80.5,6.67,6,6,1,1,5,4,17,19,0,3,0,0,0,0,1,10,12,4,146,2,12,2,2026-06-06T13:00:00+00:00,2026-06-07T16:02:52Z
2421,Rani Khedira,474,Tunisia,F,13,MF,official,3,0,1. FC Union Berlin,Germany,32,1994-01-27,Tunisia,188,,R,2100000,2026-06-30,2024880,available,80,Unlikely to Improve,Not Specifically,,,,,,83,1. FC Union Berlin,5,Bundesliga,228,35,3135,6,1,2.49,1.21,26,11,20,744,66.7,6.71,62,34,40,73,106,9,130,143,47,44,0,3,2,0,3,14,31,94,1169,55,4,0,2026-06-06T13:00:00+00:00,2026-06-07T16:02:52Z
17108,Khalil Ayari,474,Tunisia,F,14,MF,official,4,0,Paris Saint-Germain U21,,21,2005-02-02,Tunisia,174,,L,970000,2026-06-30,13376,available,67,Can Still Improve,Unlikely,,,,,,2334,Paris Saint-Germain U21,31,International Friendly Games,133,4,118,0,0,,,,,,,,6.43,,,,,,,,,,,,,,,,,,,,,4,0,2026-06-06T13:00:00+00:00,2026-06-07T16:02:52Z
7592,Mohamed Belhadj Mahmoud,474,Tunisia,F,15,MF,official,9,0,FC Lugano,Switzerland,26,2000-04-24,Tunisia,179,,R,2100000,2026-06-30,,available,,,,,,,,,254,FC Lugano,15,Super League,371,34,1532,2,1,5.29,0.41,36,8,22,487,88.3,6.73,26,14,5,27,72,11,86,97,20,8,0,4,1,1,16,31,10,30,768,37,16,0,2026-06-06T13:00:00+00:00,2026-06-07T16:02:52Z
1352,Ellyes Skhiri,474,Tunisia,F,17,MF,official,83,4,Eintracht Frankfurt,Germany,31,1995-05-10,Tunisia,185,,R,5200000,2027-06-30,3558880,available,78,Unlikely to Improve,Unlikely,,,,,,87,Eintracht Frankfurt,7,Champions League,268,39,1862,0,0,0.74,1.39,10,1,10,1144,87.8,6.72,33,16,33,43,94,2,87,75,27,27,0,8,3,1,10,15,4,94,1406,14,17,1,2026-06-06T13:00:00+00:00,2026-06-07T16:02:52Z
6399,Anis Ben Slimane,474,Tunisia,F,25,MF,official,41,4,Norwich City,England,25,2001-03-16,Tunisia,188,,B,4099999,2028-06-30,736320,available,71,Can Polish Skills,Somewhat,,,,,,209,Norwich City,12,Championship,243,32,1352,5,6,3.03,1.86,27,19,25,506,75.3,6.76,26,20,10,7,58,3,75,106,28,37,0,3,4,0,15,34,15,34,786,18,9,0,2026-06-06T13:00:00+00:00,2026-06-07T16:02:52Z
3396,Sebastian Tounekti,474,Tunisia,F,26,MF,official,12,1,Celtic,Scotland,23,2002-07-13,Tunisia,170,,R,6500000,2030-05-31,613600,available,77,Can Polish Skills,Unlikely,,,,,,132,Celtic,13,Scottish Premiership,345,39,1933,2,2,2.71,2.76,37,10,42,839,82.8,6.85,28,15,8,11,77,12,125,154,20,37,0,6,1,0,56,110,63,34,1285,25,10,0,2026-06-06T13:00:00+00:00,2026-06-07T16:02:52Z
1062,Zeki Çelik,932,Türkiye,D,2,DF,official,60,3,AS Roma,Italy,29,1997-02-17,Türkiye,180,,R,14500000,2026-06-30,2638480,available,81,Almost Reached,Unlikely,,,,,,65,AS Roma,4,Serie A,358,46,3636,1,4,2.53,3.22,27,6,34,1792,84.4,6.81,86,52,39,90,156,8,170,167,49,37,0,2,3,1,14,47,101,125,2680,48,20,1,2026-06-06T22:00:00+00:00,2026-06-07T16:02:52Z
8112,Merih Demiral,932,Türkiye,D,3,DF,official,61,6,Al-Ahli,Saudi Arabia,28,1998-03-05,Türkiye,190,,R,13600000,2029-06-30,12701520,available,82,Can Polish Skills,Not Specifically,,,,,,258,Al-Ahli,17,Saudi Pro League,339,20,1646,2,0,1.3,0.16,14,5,4,812,84.7,6.96,24,14,13,76,48,0,74,50,42,15,0,4,4,0,1,2,13,116,997,25,17,4,2026-06-06T22:00:00+00:00,2026-06-07T16:02:52Z
4174,Çağlar Söyüncü,932,Türkiye,D,4,DF,official,60,2,Fenerbahçe,Türkiye,30,1996-05-23,Türkiye,187,,R,3600000,2027-06-30,2024880,available,77,Unlikely to Improve,Extremely,,,,,,134,Fenerbahçe,11,Trendyol Super Lig,380,36,1058,0,1,0.22,0.46,3,0,6,754,88.7,6.93,25,16,11,39,43,0,71,37,36,10,0,7,1,0,2,2,3,55,895,20,9,0,2026-06-06T22:00:00+00:00,2026-06-07T16:02:52Z
4217,Eren Elmalı,932,Türkiye,D,13,DF,official,22,0,Galatasaray,Türkiye,25,2000-07-07,Türkiye,180,,L,5400000,2028-06-30,1165840,available,77,Almost Reached,Unlikely,,,,,,125,Galatasaray,11,Trendyol Super Lig,380,38,1818,3,0,1.58,2.44,17,6,30,848,88.2,6.83,38,25,15,48,80,7,93,87,30,18,0,7,2,0,9,25,50,47,1308,20,15,0,2026-06-06T22:00:00+00:00,2026-06-07T16:02:52Z
3727,Abdülkerim Bardakcı,932,Türkiye,D,14,DF,official,26,2,Galatasaray,Türkiye,31,1994-09-07,Türkiye,185,,L,7100000,2027-06-30,2393040,available,81,Unlikely to Improve,Unlikely,,,,,,125,Galatasaray,11,Trendyol Super Lig,380,43,3424,0,1,2.3,1.99,30,7,19,2336,88.5,7.04,57,32,40,147,142,6,170,107,81,51,0,6,4,0,8,12,32,243,2811,27,19,1,2026-06-06T22:00:00+00:00,2026-06-07T16:02:52Z
2389,Ozan Kabak,932,Türkiye,D,15,DF,official,29,2,TSG Hoffenheim,Germany,26,2000-03-25,Türkiye,185,,R,14600000,2030-06-30,2024880,available,79,Can Polish Skills,Somewhat,,,,,,86,TSG Hoffenheim,5,Bundesliga,228,29,1798,4,0,4.87,0.83,35,12,8,1151,84.7,6.89,21,16,26,153,61,6,153,99,118,63,0,8,5,0,6,11,2,96,1496,27,4,0,2026-06-06T22:00:00+00:00,2026-06-07T16:02:52Z
3420,Mert Müldür,932,Türkiye,D,18,DF,official,44,3,Fenerbahçe,Türkiye,27,1999-04-03,Türkiye,184,,R,7400000,2027-06-30,,available,,,,,,,,,134,Fenerbahçe,11,Trendyol Super Lig,380,46,1906,1,2,1.79,2.27,15,3,21,997,82.9,6.74,71,44,31,58,70,3,122,88,18,26,0,6,3,0,12,29,46,72,1505,12,23,2,2026-06-06T22:00:00+00:00,2026-06-07T16:02:52Z
486,Ferdi Kadıoğlu,932,Türkiye,D,20,DF,official,30,2,Brighton & Hove Albion,England,26,1999-10-07,Türkiye,174,,R,31000000,2028-06-30,2945280,available,75,Almost Reached,Unlikely,49,49,58,56,57,5,Brighton & Hove Albion,1,Premier League,337,43,3493,1,0,2.35,3.28,38,14,26,1497,86.1,6.79,65,45,29,85,149,12,152,124,32,31,0,7,4,0,14,28,116,96,2276,25,15,1,2026-03-31T18:45:00+00:00,2026-06-07T16:02:52Z
5850,Samet Akaydın,932,Türkiye,D,25,DF,official,19,1,Çaykur Rizespor,Türkiye,32,1994-03-13,Türkiye,190,,R,1300000,2026-06-30,1227200,available,74,Unlikely to Improve,Not Specifically,,,,,,189,Çaykur Rizespor,11,Trendyol Super Lig,380,29,2481,3,1,1.74,0.89,17,7,13,1308,86.7,7.02,50,24,57,183,109,5,158,124,74,64,0,6,5,1,10,15,1,186,1781,43,22,1,2026-06-06T22:00:00+00:00,2026-06-07T16:02:52Z
5473,Ahmetcan Kaplan,932,Türkiye,D,,DF,preliminary,0,0,NEC Nijmegen,Netherlands,23,2003-01-16,Türkiye,189,,L,4600000,2026-06-30,920400,injured,73,Can Polish Skills,Somewhat,54,35,66,44,41,171,NEC Nijmegen,10,Eredivisie,279,25,1780,1,0,1.74,0.53,19,8,7,991,86.9,6.94,44,25,24,92,103,5,148,104,54,44,0,0,4,0,19,24,10,81,1426,29,5,0,2024-07-06T19:00:00+00:00,2026-06-07T16:02:52Z
6613,Mustafa Eskihellaç,932,Türkiye,D,,DF,preliminary,3,0,Trabzonspor,Türkiye,29,1997-05-05,Türkiye,175,,R,3700000,2027-06-30,552240,available,68,Can Polish Skills,Unlikely,36,53,40,61,54,197,Trabzonspor,11,Trendyol Super Lig,380,29,2150,0,3,1.32,2.08,30,6,24,1019,87.9,6.93,39,30,13,47,133,15,137,99,16,22,0,3,4,1,28,56,31,38,1545,24,1,0,2025-11-18T19:45:00+00:00,2026-06-07T16:02:52Z
7135,Yusuf Akçiçek,932,Türkiye,D,,DF,preliminary,3,0,Al-Hilal,Saudi Arabia,20,2006-01-25,Türkiye,193,,L,14600000,2029-06-30,6074640,available,75,Can Polish Skills,Not Specifically,,,,,,262,Al-Hilal,17,Saudi Pro League,339,13,623,0,0,0.05,0.04,1,0,2,390,91.3,6.8,16,11,7,14,19,0,22,26,5,6,0,2,1,0,1,1,1,43,452,14,4,0,2026-06-01T17:30:00+00:00,2026-06-07T16:02:52Z
3415,Kerem Aktürkoğlu,932,Türkiye,D,7,FW,official,51,15,Fenerbahçe,Türkiye,27,1998-10-21,Türkiye,173,,R,23000000,2029-06-30,7117760,available,77,Almost Reached,Unlikely,,,,,,134,Fenerbahçe,11,Trendyol Super Lig,380,40,2569,14,8,10.07,5.91,60,30,67,711,75.7,7.14,30,18,12,6,94,13,115,134,15,32,0,7,1,0,25,66,145,38,1292,18,21,9,2026-06-06T22:00:00+00:00,2026-06-07T16:02:52Z
597,Arda Güler,932,Türkiye,D,8,FW,official,28,6,Real Madrid,Spain,21,2005-02-25,Türkiye,176,,L,87000000,2029-06-30,5461040,available,83,Can Still Improve,Unlikely,,,,,,57,Real Madrid,3,La Liga,294,49,3223,6,14,6.46,10.36,79,30,111,2099,90.0,7.17,65,42,15,20,177,24,167,144,12,17,0,2,0,0,39,63,198,174,2794,37,22,4,2026-06-06T22:00:00+00:00,2026-06-07T16:02:52Z
3449,Deniz Gül,932,Türkiye,D,9,FW,official,7,2,FC Porto,Portugal,21,2004-07-02,Türkiye,190,,R,6200000,2029-06-30,859040,available,75,Can Polish Skills,Unlikely,,,,,,35,FC Porto,2,Liga Portugal Betclic,305,45,1572,6,1,6.41,1.66,39,19,16,233,68.2,6.54,9,7,2,6,39,9,68,136,30,39,0,4,2,0,9,26,4,7,475,43,10,2,2026-06-06T22:00:00+00:00,2026-06-07T16:02:52Z
2184,Kenan Yıldız,932,Türkiye,D,11,FW,official,28,5,Juventus,Italy,21,2005-05-04,Türkiye,187,,B,72000000,2030-06-30,11290240,injured,84,Almost Reached,Unlikely,51,67,44,74,65,73,Juventus,4,Serie A,358,49,3690,11,9,10.23,12.11,125,51,94,1553,84.0,7.28,32,17,9,8,155,41,215,232,18,17,0,5,4,0,101,199,166,63,2475,35,20,4,2026-03-31T18:45:00+00:00,2026-06-07T16:02:52Z
4577,İrfan Can Kahveci,932,Türkiye,D,17,FW,official,46,6,Kasımpaşa,Türkiye,30,1995-07-15,Türkiye,180,,L,3100000,2026-06-30,2147600,available,80,Unlikely to Improve,Somewhat,,,,,,187,Kasımpaşa,11,Trendyol Super Lig,380,16,1371,2,3,1.41,2.98,21,8,25,503,75.7,7.11,26,15,8,4,82,1,78,79,11,16,0,4,5,0,15,31,78,66,800,25,17,4,2026-06-06T22:00:00+00:00,2026-06-07T16:02:52Z
4435,Yunus Akgün,932,Türkiye,D,19,FW,official,18,3,Galatasaray,Türkiye,25,2000-07-07,Türkiye,173,,L,16700000,2029-06-30,3190720,available,80,Almost Reached,Not Specifically,,,,,,125,Galatasaray,11,Trendyol Super Lig,380,40,2283,9,9,6.82,6.79,51,16,55,884,85.6,7.08,24,15,13,5,91,12,85,108,6,9,0,6,1,0,29,61,44,32,1251,18,17,2,2026-06-06T22:00:00+00:00,2026-06-07T16:02:52Z
3734,Barış Alper Yılmaz,932,Türkiye,D,21,FW,official,34,3,Galatasaray,Türkiye,26,2000-05-23,Türkiye,186,,R,32000000,2028-06-30,2577120,available,75,Almost Reached,Unlikely,,,,,,125,Galatasaray,11,Trendyol Super Lig,380,42,3307,9,12,9.99,6.82,69,29,70,873,78.5,7.01,37,23,5,15,112,14,225,254,57,57,0,6,6,0,58,117,165,47,1617,64,19,2,2026-06-06T22:00:00+00:00,2026-06-07T16:02:52Z
3412,Oğuz Aydın,932,Türkiye,D,24,FW,official,10,0,Fenerbahçe,Türkiye,25,2000-10-27,Türkiye,183,,R,6500000,2028-06-30,,available,,,,,,,,,134,Fenerbahçe,11,Trendyol Super Lig,380,48,1016,0,2,1.46,2.9,14,6,32,504,83.9,6.64,18,12,2,10,53,4,38,43,5,9,0,7,2,0,6,14,66,21,731,12,11,0,2026-06-06T22:00:00+00:00,2026-06-07T16:02:52Z
4308,Can Uzun,932,Türkiye,D,26,FW,official,5,1,Eintracht Frankfurt,Germany,20,2005-11-11,Türkiye,186,,B,44000000,2029-06-30,1534000,available,81,Can Still Improve,Not Specifically,,,,,,87,Eintracht Frankfurt,7,Champions League,268,30,1522,10,5,5.55,3.05,53,24,23,765,82.1,7.13,22,15,2,5,74,14,83,94,7,6,0,8,1,0,23,54,25,51,1112,19,9,1,2026-06-06T22:00:00+00:00,2026-06-07T16:02:52Z
3256,Aral Şimşir,932,Türkiye,D,,FW,preliminary,0,0,FC Midtjylland,Denmark,23,2002-06-19,Türkiye,175,,R,9200000,2029-12-31,122720,available,75,Can Polish Skills,Not Specifically,,,,,,127,FC Midtjylland,8,Europa League,280,16,544,1,3,0.28,2.26,4,2,22,201,79.1,7.23,2,2,2,1,31,2,41,42,1,1,0,0,0,0,27,52,37,27,366,1,2,0,2026-06-06T22:00:00+00:00,2026-06-07T16:02:52Z
6901,Yusuf Sarı,932,Türkiye,D,,FW,preliminary,6,1,Başakşehir FK,Türkiye,27,1998-11-20,Türkiye,168,,L,3700000,2028-06-30,552240,available,76,Can Polish Skills,Somewhat,,,,,,194,Başakşehir FK,11,Trendyol Super Lig,380,23,1467,1,6,2.56,6.37,39,16,47,478,85.8,7.13,10,5,5,5,58,12,54,63,3,6,0,4,0,0,23,44,133,41,818,12,3,0,2026-06-01T17:30:00+00:00,2026-06-07T16:02:52Z
5842,Mert Günok,932,Türkiye,D,1,GK,official,37,0,Fenerbahçe,Türkiye,37,1989-03-01,Türkiye,196,,R,545000,2028-06-30,859040,available,77,Unlikely to Improve,Not Specifically,,,,,,134,Fenerbahçe,11,Trendyol Super Lig,380,17,385,0,0,,0.0,0,0,0,96,68.8,6.4,0,0,0,3,34,0,1,0,1,0,11,23,0,0,0,0,0,44,135,0,18,0,2026-06-06T22:00:00+00:00,2026-06-07T16:02:52Z
1803,Altay Bayındır,932,Türkiye,D,12,GK,official,12,0,Manchester United,England,28,1998-04-14,Türkiye,198,,R,6800000,2027-06-30,2454400,available,77,Can Polish Skills,Unlikely,,,,,,17,Manchester United,1,Premier League,337,40,540,0,0,,0.04,0,0,1,177,60.5,6.6,0,0,0,7,39,0,5,1,1,0,13,54,0,0,1,1,0,100,225,0,21,0,2026-06-06T22:00:00+00:00,2026-06-07T16:02:52Z
3724,Uğurcan Çakır,932,Türkiye,D,23,GK,official,38,0,Galatasaray,Türkiye,30,1996-04-05,Türkiye,192,,R,14500000,2030-06-30,3006640,available,78,Unlikely to Improve,Unlikely,,,,,,125,Galatasaray,11,Trendyol Super Lig,380,38,3338,0,0,,0.15,0,0,2,1423,73.6,7.16,1,0,0,53,269,0,26,2,14,1,117,43,4,0,1,1,0,628,1808,0,22,0,2026-06-06T22:00:00+00:00,2026-06-07T16:02:52Z
5828,Ersin Destanoğlu,932,Türkiye,D,,GK,preliminary,0,0,Beşiktaş JK,Türkiye,25,2001-01-01,Türkiye,195,,R,2600000,2026-06-30,490880,available,72,Almost Reached,Unlikely,58,,,,,196,Beşiktaş JK,11,Trendyol Super Lig,380,35,2070,0,0,,0.02,0,0,0,619,76.7,6.99,0,0,0,8,172,0,11,0,8,0,70,46,2,0,0,0,0,246,813,0,0,0,,2026-06-07T16:02:52Z
6635,Muhammed Şengezer,932,Türkiye,D,,GK,preliminary,0,0,Başakşehir FK,Türkiye,29,1997-01-05,Türkiye,185,,R,3600000,2028-06-30,1288560,available,78,Almost Reached,Not Specifically,,,,,,194,Başakşehir FK,11,Trendyol Super Lig,380,33,2790,0,1,,0.33,0,0,1,1235,73.2,7.35,0,0,0,23,249,0,13,1,9,0,95,35,1,0,1,1,0,556,1514,0,5,0,2026-06-01T17:30:00+00:00,2026-06-07T16:02:52Z
3916,Salih Özcan,932,Türkiye,D,5,MF,official,29,1,Borussia Dortmund,Germany,28,1998-01-11,Türkiye,180,,R,3400000,2026-06-30,4602000,available,77,Almost Reached,Unlikely,,,,,,92,Borussia Dortmund,7,Champions League,268,33,94,0,0,0.1,0.26,1,0,2,94,90.4,6.63,3,3,0,1,9,1,9,3,5,1,0,3,0,0,0,1,2,1,108,1,18,1,2026-06-06T22:00:00+00:00,2026-06-07T16:02:52Z
5835,Orkun Kökçü,932,Türkiye,D,6,MF,official,49,4,Beşiktaş JK,Türkiye,25,2000-12-29,Türkiye,175,,B,24000000,2026-06-30,1963520,available,79,Almost Reached,Not Specifically,,,,,,196,Beşiktaş JK,11,Trendyol Super Lig,380,32,2397,8,7,7.24,8.56,88,31,89,1522,85.3,7.55,32,17,8,15,111,35,106,93,8,16,0,4,2,0,15,30,142,127,2054,23,21,2,2026-06-06T22:00:00+00:00,2026-06-07T16:02:52Z
1684,Hakan Çalhanoğlu,932,Türkiye,D,10,MF,official,104,22,Inter,Italy,32,1994-02-08,Türkiye,178,,R,16700000,2027-06-30,11351600,injured,85,Unlikely to Improve,Not Specifically,,,,,,77,Inter,4,Serie A,358,37,2136,12,7,7.47,4.45,65,24,50,1843,90.6,7.53,44,23,21,24,138,20,89,81,20,15,0,3,5,0,7,19,102,150,2258,35,20,4,2026-06-06T22:00:00+00:00,2026-06-07T16:02:52Z
4172,İsmail Yüksek,932,Türkiye,D,16,MF,official,31,1,Fenerbahçe,Türkiye,27,1999-01-26,Türkiye,183,,R,14000000,2028-06-30,1104480,available,79,Almost Reached,Somewhat,,,,,,134,Fenerbahçe,11,Trendyol Super Lig,380,44,2361,2,3,2.32,2.15,39,12,27,1465,84.8,6.97,103,53,39,33,174,12,230,166,46,36,0,7,1,0,34,51,13,87,2000,50,19,0,2026-06-06T22:00:00+00:00,2026-06-07T16:02:52Z
4218,Kaan Ayhan,932,Türkiye,D,22,MF,official,73,5,Galatasaray,Türkiye,31,1994-11-10,Türkiye,185,,R,1400000,2028-06-30,1902160,available,75,Unlikely to Improve,Unlikely,,,,,,125,Galatasaray,11,Trendyol Super Lig,380,40,467,1,0,1.11,0.14,6,1,2,352,92.0,6.81,12,8,5,4,18,0,26,12,7,5,0,7,0,0,3,3,5,35,408,6,17,0,2026-06-06T22:00:00+00:00,2026-06-07T16:02:52Z
1627,Atakan Karazor,932,Türkiye,D,,MF,preliminary,2,0,VfB Stuttgart,Germany,29,1996-10-13,Türkiye,190,,R,8800000,2028-06-30,3068000,available,81,Almost Reached,Unlikely,63,49,66,52,55,84,VfB Stuttgart,8,Europa League,280,49,3123,2,1,2.91,2.34,14,5,29,1788,85.5,6.81,65,35,28,78,124,4,207,128,75,50,0,8,5,1,10,21,5,72,2231,33,8,0,2026-03-31T18:45:00+00:00,2026-06-07T16:02:52Z
5834,Demir Ege Tıknaz,932,Türkiye,D,,MF,preliminary,1,0,Sporting Braga,Portugal,21,2004-08-17,Türkiye,194,,R,6200000,2031-06-30,368160,available,75,Can Still Improve,Not Specifically,,,,,,31,Sporting Braga,2,Liga Portugal Betclic,305,20,667,1,1,0.76,0.67,4,3,5,422,88.9,6.95,25,14,8,17,31,1,49,30,12,8,0,9,3,0,5,8,2,16,525,12,2,0,2026-06-06T22:00:00+00:00,2026-06-07T16:02:52Z
762,José María Giménez,480,Uruguay,H,2,DF,official,99,8,Atlético Madrid,Spain,31,1995-01-20,Uruguay,185,,R,11500000,2028-06-30,5092880,injured,82,Unlikely to Improve,Extremely,79,38,81,50,48,54,Atlético Madrid,3,La Liga,294,34,1530,1,1,2.4,0.48,17,4,1,1028,90.4,6.93,30,16,24,85,60,1,98,83,52,46,0,2,1,0,4,5,0,104,1273,23,17,0,2026-03-31T18:30:00+00:00,2026-06-07T16:02:52Z
762,José María Giménez,480,Uruguay,H,2,DF,official,99,8,Atlético Madrid,Spain,31,1995-01-20,Uruguay,185,,R,11500000,2028-06-30,5092880,injured,82,Unlikely to Improve,Extremely,79,38,81,50,48,54,Atlético Madrid,3,La Liga,294,34,1530,1,1,2.4,0.48,17,4,1,1028,90.4,6.93,30,16,24,85,60,1,98,83,52,46,0,2,1,0,4,5,0,104,1273,23,17,0,2026-03-31T18:30:00+00:00,2026-06-07T16:02:52Z
10103,Sebastián Cáceres,480,Uruguay,H,3,DF,official,24,0,Club América,Mexico,26,1999-08-18,Uruguay,183,,R,4099999,2027-06-30,920400,injured,76,Can Polish Skills,Not Specifically,56,37,71,46,37,307,Club América,20,Liga MX Clausura,297,34,2287,0,0,0.23,1.02,3,0,6,1380,86.8,6.74,37,27,25,109,85,1,118,74,52,30,0,4,2,0,2,5,2,165,1691,27,21,0,2026-03-31T18:30:00+00:00,2026-06-07T16:02:52Z
3661,Ronald Araújo,480,Uruguay,H,4,DF,official,27,1,FC Barcelona,Spain,27,1999-03-07,Uruguay,191,,R,22000000,2031-06-30,12701520,available,82,Can Polish Skills,Somewhat,74,40,81,52,47,44,FC Barcelona,3,La Liga,294,47,1633,4,0,1.92,0.5,19,6,4,1218,90.8,6.88,32,24,13,75,64,2,106,56,68,28,0,6,0,0,2,2,7,70,1475,22,17,1,2026-03-31T18:30:00+00:00,2026-06-07T16:02:52Z
48,Guillermo Varela,480,Uruguay,H,13,DF,official,28,0,Flamengo,Brazil,33,1993-03-24,Uruguay,171,,R,1300000,2027-12-31,1349920,available,79,Unlikely to Improve,Not Specifically,41,38,58,44,41,160,Flamengo,32,Copa Libertadores,96,56,2439,0,6,0.7,2.26,9,2,18,1257,87.9,6.96,39,25,24,61,75,4,107,78,27,27,0,9,3,0,18,30,70,49,1805,16,19,0,2026-03-31T18:30:00+00:00,2026-06-07T16:02:52Z
1089,Mathías Olivera,480,Uruguay,H,16,DF,official,35,2,SSC Napoli,Italy,28,1997-10-31,Uruguay,184,,L,14500000,2030-06-30,2638480,available,81,Almost Reached,Unlikely,62,45,76,46,61,62,SSC Napoli,4,Serie A,358,45,1827,0,2,1.91,1.16,14,6,15,1369,91.2,6.76,54,29,23,28,88,3,109,72,37,32,0,3,1,0,4,7,15,62,1692,23,21,2,2026-03-31T18:30:00+00:00,2026-06-07T16:02:52Z
3968,Matías Viña,480,Uruguay,H,17,DF,official,43,1,River Plate,Argentina,28,1997-11-09,Uruguay,180,,L,4099999,2026-12-31,674960,injured,74,Almost Reached,Somewhat,49,46,60,51,54,755,River Plate,33,Copa Sudamericana,114,4,256,0,0,,0.05,0,0,0,102,77.5,7.03,6,4,10,6,11,0,17,7,1,0,0,1,2,0,5,6,7,12,195,2,15,1,2026-03-31T18:30:00+00:00,2026-06-07T16:02:52Z
540,Santiago Bueno,480,Uruguay,H,24,DF,official,8,0,Wolverhampton,England,27,1998-11-09,Uruguay,189,,R,9200000,2028-06-30,2024880,available,76,Can Polish Skills,Not Specifically,62,38,75,47,42,11,Wolverhampton,1,Premier League,337,42,3003,4,1,2.96,1.46,12,8,10,1341,87.5,6.81,53,33,36,136,83,3,117,106,49,55,0,7,4,0,1,3,7,144,1745,34,14,0,2026-03-31T18:30:00+00:00,2026-06-07T16:02:52Z
8000,Darwin Núñez,480,Uruguay,H,9,FW,official,38,13,Al-Hilal,Saudi Arabia,26,1999-06-24,Uruguay,188,,R,23000000,2028-06-30,21905520,available,80,Can Polish Skills,Not Specifically,55,78,23,57,56,262,Al-Hilal,17,Saudi Pro League,339,16,1251,6,4,11.49,,43,23,14,279,78.5,6.93,13,8,3,6,32,5,59,64,15,17,0,0,0,0,15,26,6,12,466,16,21,7,2026-03-31T18:30:00+00:00,2026-06-07T16:02:52Z
8722,Facundo Pellistri,480,Uruguay,H,11,FW,official,39,2,Panathinaikos FC,Greece,24,2001-12-20,Uruguay,174,,R,5800000,2028-06-30,2024880,available,74,Can Polish Skills,Not Specifically,36,53,41,48,53,149,Panathinaikos FC,24,Stoiximan Super League,364,20,795,0,2,1.78,0.31,14,5,12,165,79.4,6.57,15,10,6,5,39,5,52,78,6,17,0,0,0,0,15,36,21,5,368,15,25,1,2026-03-31T18:30:00+00:00,2026-06-07T16:02:52Z
10110,Brian Rodríguez,480,Uruguay,H,18,FW,official,32,4,Club América,Mexico,26,2000-05-20,Uruguay,173,,R,8600000,2029-06-30,,available,,,,36,63,23,58,58,307,Club América,20,Liga MX Clausura,297,37,2370,13,7,9.15,5.06,83,35,68,912,84.8,7.34,23,13,5,5,93,18,146,116,11,13,0,4,2,0,66,109,143,51,1543,19,22,0,2026-03-31T18:30:00+00:00,2026-06-07T16:02:52Z
10112,Rodrigo Aguirre,480,Uruguay,H,19,FW,official,10,3,Tigres UANL,Mexico,31,1994-10-01,Uruguay,186,,L,2200000,,429520,available,75,Unlikely to Improve,Not Specifically,50,69,31,51,54,321,Tigres UANL,20,Liga MX Clausura,297,14,884,1,2,1.38,0.82,15,7,7,128,66.4,6.38,7,7,0,2,14,2,43,82,26,34,0,4,3,0,3,10,12,4,246,20,9,3,2026-03-27T19:45:00+00:00,2026-06-07T16:02:52Z
1973,Federico Viñas,480,Uruguay,H,21,FW,official,11,2,Real Oviedo,Spain,27,1998-06-30,Uruguay,180,,L,3600000,2026-06-30,613600,available,77,Can Polish Skills,Not Specifically,51,62,34,51,44,42,Real Oviedo,3,La Liga,294,55,3305,10,1,11.85,1.98,81,27,37,683,70.6,6.87,59,39,16,43,107,14,328,320,131,149,0,8,10,2,51,80,5,19,1392,66,8,1,2026-03-31T18:30:00+00:00,2026-06-07T16:02:52Z
161,Sergio Rochet,480,Uruguay,H,1,GK,official,35,0,Internacional,Brazil,33,1993-03-23,Uruguay,190,,R,1700000,2026-12-31,613600,injured,75,Unlikely to Improve,Not Specifically,46,,,,,161,Internacional,35,Copa do Brasil,78,28,2385,0,0,,0.04,0,0,0,593,64.6,6.86,1,1,0,17,189,0,13,0,6,0,70,42,1,0,0,0,0,349,819,0,24,0,2026-03-31T18:30:00+00:00,2026-06-07T16:02:52Z
10182,Santiago Mele,480,Uruguay,H,12,GK,official,8,0,CF Monterrey,Mexico,28,1997-09-06,Uruguay,182,,R,1800000,2029-06-30,552240,available,75,Can Polish Skills,Not Specifically,56,,,,,317,CF Monterrey,20,Liga MX Clausura,297,37,1530,0,0,,0.01,0,0,1,474,81.0,6.65,1,0,0,16,94,0,5,1,3,0,40,56,0,0,0,0,0,152,595,1,26,0,2026-03-31T18:30:00+00:00,2026-06-07T16:02:52Z
16896,Fernando Muslera,480,Uruguay,H,23,GK,official,134,0,Estudiantes de La Plata,Argentina,39,1986-06-16,Uruguay,190,,R,640000,2026-12-31,3190720,available,80,Unlikely to Improve,Unlikely,65,,,,,787,Estudiantes de La Plata,32,Copa Libertadores,96,6,540,0,0,,0.01,0,0,0,169,73.4,7.3,0,0,0,4,49,0,2,1,1,1,20,5,2,0,0,0,0,82,222,0,2,0,2026-03-31T18:30:00+00:00,2026-06-07T16:02:52Z
1806,Manuel Ugarte,480,Uruguay,H,5,MF,official,36,1,Manchester United,England,25,2001-04-11,Uruguay,182,,R,29000000,2029-06-30,9204000,available,77,Can Polish Skills,Very Unlikely,60,49,62,57,51,17,Manchester United,1,Premier League,337,39,1024,0,0,0.85,0.2,14,1,3,589,85.4,6.71,51,32,21,21,60,6,90,73,14,16,0,5,1,0,8,12,2,30,809,26,24,1,2026-03-31T18:30:00+00:00,2026-06-07T16:02:52Z
723,Rodrigo Bentancur,480,Uruguay,H,6,MF,official,74,3,Tottenham Hotspur,England,28,1997-06-25,Uruguay,187,,B,21000000,2029-06-30,,available,,,,71,57,72,63,61,9,Tottenham Hotspur,1,Premier League,337,35,2459,1,1,1.28,1.07,21,4,12,1289,85.9,6.77,70,44,46,56,168,5,147,113,44,50,0,4,4,0,22,33,9,61,1688,24,15,2,2025-09-09T23:30:00+00:00,2026-06-07T16:02:52Z
61,Nicolás de la Cruz,480,Uruguay,H,7,MF,official,34,5,Flamengo,Brazil,29,1997-06-01,Uruguay,167,,R,8400000,2028-06-30,859040,available,80,Almost Reached,Somewhat,51,60,51,59,62,160,Flamengo,32,Copa Libertadores,96,43,1501,0,1,1.31,1.94,27,8,25,1165,88.6,6.9,31,20,12,15,89,6,95,58,10,7,0,8,2,0,3,6,47,77,1417,27,16,3,2026-03-31T18:30:00+00:00,2026-06-07T16:02:52Z
593,Federico Valverde,480,Uruguay,H,8,MF,official,73,9,Real Madrid,Spain,27,1998-07-22,Uruguay,181,,R,116000000,2029-06-30,11106160,available,86,Almost Reached,Unlikely,74,68,58,73,69,57,Real Madrid,3,La Liga,294,48,3998,8,12,4.8,6.02,68,28,65,2652,89.9,7.26,62,38,36,80,195,19,152,109,34,24,0,2,2,1,38,58,43,178,3281,27,23,4,2026-03-31T18:30:00+00:00,2026-06-07T16:02:52Z
55,Giorgian de Arrascaeta,480,Uruguay,H,10,MF,official,60,13,Flamengo,Brazil,32,1994-05-31,Uruguay,173,,R,14500000,2028-12-31,2086240,injured,82,Unlikely to Improve,Not Specifically,50,70,37,68,76,160,Flamengo,32,Copa Libertadores,96,48,3262,23,16,15.33,10.96,113,39,97,1571,83.6,7.6,51,26,7,13,120,36,187,151,22,23,0,1,1,0,49,94,193,81,2335,18,18,2,2026-03-31T18:30:00+00:00,2026-06-07T16:02:52Z
2908,Agustín Canobbio,480,Uruguay,H,14,MF,official,15,1,Fluminense,Brazil,27,1998-10-01,Uruguay,175,,R,8199999,2028-12-31,859040,available,75,Almost Reached,Unlikely,33,53,37,49,49,153,Fluminense,32,Copa Libertadores,96,52,3620,9,3,8.89,5.27,82,28,53,1269,84.3,6.93,91,53,16,31,155,25,246,263,21,30,0,12,2,1,53,116,124,32,2131,74,14,1,2026-03-31T18:30:00+00:00,2026-06-07T16:02:52Z
29,Emiliano Martínez,480,Uruguay,H,15,MF,official,10,0,Palmeiras,Brazil,26,1999-08-17,Uruguay,184,,R,6700000,2029-12-31,,injured,,,,56,49,58,56,48,162,Palmeiras,32,Copa Libertadores,96,59,1999,1,0,1.05,1.15,22,9,12,1075,88.9,6.86,48,31,27,42,110,3,105,89,32,18,0,7,1,0,11,19,1,105,1337,25,16,0,2026-03-31T18:30:00+00:00,2026-06-07T16:02:52Z
1215,Maximiliano Araújo,480,Uruguay,H,20,MF,official,28,3,Sporting CP,Portugal,26,2000-02-15,Uruguay,179,,L,23000000,2029-06-30,1534000,available,82,Almost Reached,Not Specifically,40,59,36,55,61,22,Sporting CP,2,Liga Portugal Betclic,305,40,3194,7,5,6.1,4.23,47,20,46,1317,84.4,6.88,95,68,40,60,167,10,225,221,29,30,0,5,9,0,25,67,119,90,2256,68,23,2,2026-03-31T18:30:00+00:00,2026-06-07T16:02:52Z
28,Joaquín Piquerez,480,Uruguay,H,22,MF,official,19,0,Palmeiras,Brazil,27,1998-08-24,Uruguay,183,,L,11300000,2030-12-31,797680,injured,78,Almost Reached,Not Specifically,58,39,70,43,46,162,Palmeiras,9,Brasileirão Serie A,29,42,2922,3,2,3.33,4.58,39,13,38,1401,83.7,7.08,64,39,29,62,157,9,128,97,21,16,0,0,0,0,17,36,133,164,2200,15,10,0,2026-03-27T19:45:00+00:00,2026-06-07T16:02:52Z
10229,Juan Sanabria,480,Uruguay,H,25,MF,official,5,1,Real Salt Lake,USA,26,2000-03-29,Uruguay,172,,L,4300000,2030-06-30,552240,available,74,Can Polish Skills,Not Specifically,47,55,52,53,62,279,Real Salt Lake,18,MLS,158,11,907,0,4,0.58,1.49,12,3,18,396,86.4,7.05,23,13,9,23,26,3,46,28,15,8,0,7,2,0,2,10,47,27,640,8,4,0,2026-03-31T18:30:00+00:00,2026-06-07T16:02:52Z
3030,Rodrigo Zalazar,480,Uruguay,H,26,MF,official,8,2,Sporting Braga,Portugal,26,1999-08-12,Uruguay,174,,R,32000000,2028-06-30,1104480,available,82,Almost Reached,Unlikely,33,67,30,69,71,31,Sporting Braga,2,Liga Portugal Betclic,305,45,2577,17,6,14.73,5.93,89,35,48,1322,81.5,7.23,29,19,11,14,124,26,207,233,48,42,0,9,2,0,64,136,100,55,2087,29,4,0,2025-09-09T23:30:00+00:00,2026-06-07T16:02:52Z
3503,Sergiño Dest,457,USA,D,2,DF,official,39,3,PSV Eindhoven,Netherlands,25,2000-11-03,USA,173,,R,17200000,2028-06-30,2147600,available,75,Almost Reached,Somewhat,,,,,,115,PSV Eindhoven,10,Eredivisie,279,33,2424,0,6,0.66,4.56,14,5,31,1423,89.5,6.85,59,34,15,27,171,2,164,152,23,27,0,4,1,0,44,104,59,40,2151,19,2,1,2026-06-06T18:30:00+00:00,2026-06-07T16:02:52Z
423,Chris Richards,457,USA,D,3,DF,official,36,3,Crystal Palace,England,26,2000-03-28,USA,188,,R,23000000,2027-06-30,3068000,injured,79,Almost Reached,Not Specifically,55,33,66,41,38,14,Crystal Palace,1,Premier League,337,37,3020,2,0,3.68,1.37,17,4,10,1583,84.1,6.94,57,36,46,222,75,7,180,136,114,85,0,13,4,0,4,6,13,188,2234,18,14,2,2026-03-31T23:00:00+00:00,2026-06-07T16:02:52Z
4559,Antonee Robinson,457,USA,D,5,DF,official,54,5,Fulham,England,28,1997-08-08,USA,183,,L,27000000,2028-06-30,3988400,available,82,Almost Reached,Not Specifically,,,,,,6,Fulham,1,Premier League,337,32,1786,1,1,1.17,1.25,7,2,24,974,80.5,6.85,51,34,37,70,120,4,97,72,24,15,0,5,5,0,11,21,94,93,1557,15,9,1,2026-06-06T18:30:00+00:00,2026-06-07T16:02:52Z
3385,Auston Trusty,457,USA,D,6,DF,official,8,0,Celtic,Scotland,27,1998-08-12,USA,188,,L,6300000,2029-06-30,859040,available,72,Can Polish Skills,Unlikely,,,,,,132,Celtic,13,Scottish Premiership,345,38,2626,2,0,2.11,0.31,16,4,4,2188,92.3,7.13,35,25,23,199,91,3,161,89,113,51,0,6,4,2,3,6,0,132,2581,20,6,0,2026-06-06T18:30:00+00:00,2026-06-07T16:02:52Z
9151,Miles Robinson,457,USA,D,12,DF,official,40,3,FC Cincinnati,USA,29,1997-03-14,USA,188,,R,3200000,2027-12-31,1411280,injured,74,Almost Reached,Not Specifically,,,,,,276,FC Cincinnati,18,MLS,159,39,3197,1,0,2.14,1.0,19,4,9,2261,87.7,7.0,52,34,49,182,125,5,153,85,78,38,0,10,1,1,7,10,4,239,2744,28,13,0,2026-06-06T18:30:00+00:00,2026-06-07T16:02:52Z
9229,Tim Ream,457,USA,D,13,DF,official,80,1,Charlotte FC,USA,38,1987-10-05,USA,185,,L,195000,2026-12-31,1840800,available,78,Unlikely to Improve,Not Specifically,,,,,,275,Charlotte FC,18,MLS,159,41,3422,0,1,0.04,0.71,1,0,4,2240,91.3,6.96,36,15,37,158,123,1,100,79,41,24,0,3,0,0,13,18,8,249,2698,17,17,0,2026-06-06T18:30:00+00:00,2026-06-07T16:02:52Z
9229,Tim Ream,457,USA,D,13,DF,official,82,1,Charlotte FC,USA,38,1987-10-05,USA,185,,L,195000,2026-12-31,1840800,available,78,Unlikely to Improve,Not Specifically,,,,,,275,Charlotte FC,18,MLS,159,41,3422,0,1,0.04,0.71,1,0,4,2240,91.3,6.96,36,15,37,158,123,1,100,79,41,24,0,3,0,0,13,18,8,249,2698,17,17,0,2026-06-06T18:30:00+00:00,2026-06-07T16:02:52Z
8860,Alexander Freeman,457,USA,D,16,DF,official,17,2,Villarreal,Spain,21,2004-08-09,USA,188,,R,3200000,2032-06-30,,available,,,,,,,,,41,Villarreal,3,La Liga,294,18,356,0,0,0.02,0.06,1,0,1,234,90.6,6.82,13,8,5,16,19,0,24,13,5,1,0,9,0,0,3,6,1,12,343,2,10,0,2026-06-06T18:30:00+00:00,2026-06-07T16:02:52Z
9209,Maximilian Arfsten,457,USA,D,18,DF,official,20,1,Columbus Crew,USA,25,2001-04-19,USA,185,,L,4800000,2027-12-31,368160,available,71,Almost Reached,Unlikely,,,,,,295,Columbus Crew,18,MLS,159,47,4121,9,10,9.21,11.73,69,26,76,1993,85.4,7.27,101,61,28,58,186,11,278,235,27,36,0,10,2,0,98,155,158,77,3023,51,12,1,2026-06-06T18:30:00+00:00,2026-06-07T16:02:52Z
1943,Mark McKenzie,457,USA,D,22,DF,official,29,0,Toulouse,France,27,1999-02-25,USA,183,,R,7300000,2027-06-30,,available,,,,,,,,,104,Toulouse,6,Ligue 1,317,33,2765,0,2,1.43,0.94,8,3,20,1440,87.4,6.82,50,33,30,113,115,2,115,86,46,37,0,4,4,1,6,7,4,117,1944,37,17,0,2026-06-06T18:30:00+00:00,2026-06-07T16:02:52Z
2868,Joe Scally,457,USA,D,23,DF,official,26,0,Borussia M'gladbach,Germany,23,2002-12-31,USA,184,,R,6600000,2027-06-30,1534000,available,75,Can Polish Skills,Unlikely,,,,,,95,Borussia M'gladbach,5,Bundesliga,228,36,2792,2,3,1.27,1.85,16,10,19,1038,80.9,6.64,51,29,17,83,121,2,169,151,35,39,0,3,4,0,28,59,55,90,1752,33,11,0,2026-06-06T18:30:00+00:00,2026-06-07T16:02:52Z
3513,Ricardo Pepi,457,USA,D,9,FW,official,37,13,PSV Eindhoven,Netherlands,23,2003-01-09,USA,185,,R,31000000,2030-06-30,,available,,,,,,,,,115,PSV Eindhoven,10,Eredivisie,279,31,1401,19,2,12.22,2.15,61,36,16,306,83.7,7.09,7,4,3,6,51,12,51,59,18,17,0,4,1,0,16,25,2,12,503,11,9,2,2026-06-06T18:30:00+00:00,2026-06-07T16:02:52Z
3820,Christian Pulišić,457,USA,D,10,FW,official,86,33,AC Milan,Italy,27,1998-09-18,USA,177,,R,43000000,2027-06-30,5215600,available,87,Almost Reached,Not Specifically,,,,,,63,AC Milan,4,Serie A,358,34,1716,10,4,9.27,4.15,60,28,45,727,86.4,7.06,15,9,3,11,55,14,80,92,9,22,0,5,0,0,32,68,49,19,1103,11,11,3,2026-06-06T18:30:00+00:00,2026-06-07T16:02:52Z
3820,Christian Pulišić,457,USA,D,10,FW,official,84,32,AC Milan,Italy,27,1998-09-18,USA,177,,R,43000000,2027-06-30,5215600,available,87,Almost Reached,Not Specifically,,,,,,63,AC Milan,4,Serie A,358,34,1716,10,4,9.27,4.15,60,28,45,727,86.4,7.06,15,9,3,11,55,14,80,92,9,22,0,5,0,0,32,68,49,19,1103,11,11,3,2026-06-06T18:30:00+00:00,2026-06-07T16:02:52Z
380,Brenden Aaronson,457,USA,D,11,FW,official,58,9,Leeds United,England,25,2000-10-22,USA,178,,R,18700000,2027-06-30,,doubtful,,,,,,,,,19,Leeds United,1,Premier League,337,44,2752,4,5,6.86,3.6,56,19,37,738,81.2,6.73,61,32,18,18,146,24,175,263,25,60,0,6,2,0,33,96,42,27,1442,23,14,1,2026-06-06T18:30:00+00:00,2026-06-07T16:02:52Z
6430,Haji Wright,457,USA,D,19,FW,official,20,7,Coventry City,England,28,1998-03-27,USA,193,,R,16600000,2027-06-30,,available,,,,,,,,,203,Coventry City,12,Championship,243,45,2650,18,2,20.02,1.55,102,39,18,360,70.0,6.86,12,8,2,29,38,22,138,209,80,111,0,1,0,0,18,51,11,8,786,30,6,1,2026-06-06T18:30:00+00:00,2026-06-07T16:02:52Z
2232,Folarin Balogun,457,USA,D,20,FW,official,27,9,AS Monaco,Monaco,24,2001-07-03,USA,179,,R,36000000,2028-06-30,5890560,available,78,Can Polish Skills,Unlikely,,,,,,101,AS Monaco,6,Ligue 1,317,44,3251,19,4,19.11,2.92,113,49,32,596,73.5,6.73,7,5,7,12,73,22,117,204,35,72,0,9,4,0,18,49,18,15,1071,52,7,3,2026-06-06T18:30:00+00:00,2026-06-07T16:02:52Z
1923,Tim Weah,457,USA,D,21,FW,official,51,7,Olympique de Marseille,France,26,2000-02-22,USA,185,,R,18200000,2030-06-30,2638480,available,74,Almost Reached,Unlikely,,,,,,98,Olympique de Marseille,6,Ligue 1,317,41,3062,3,4,2.5,3.25,42,14,39,1393,86.1,6.77,65,44,20,45,135,11,128,122,21,15,0,2,3,0,22,55,87,83,2048,38,9,1,2026-06-06T18:30:00+00:00,2026-06-07T16:02:52Z
10111,Alex Zendejas,457,USA,D,26,FW,official,14,2,Club América,Mexico,28,1998-02-07,USA,165,,L,9200000,2027-06-30,,available,,,,,,,,,307,Club América,20,Liga MX Clausura,297,28,2102,12,7,8.92,6.64,59,25,45,1043,85.4,7.34,32,19,9,3,83,13,122,124,5,13,0,7,0,0,34,74,122,55,1568,22,4,0,2026-06-06T18:30:00+00:00,2026-06-07T16:02:52Z
9514,Matt Turner,457,USA,D,1,GK,official,54,0,New England Revolution,USA,31,1994-06-24,USA,190,,R,2600000,2026-06-30,3068000,available,75,Unlikely to Improve,Unlikely,,,,,,285,New England Revolution,18,MLS,159,24,2160,0,0,,0.04,0,0,0,736,69.2,7.45,0,0,0,23,218,0,22,2,16,0,99,34,1,0,1,1,0,362,1032,0,17,0,2026-06-06T18:30:00+00:00,2026-06-07T16:02:52Z
9116,Matthew Freese,457,USA,D,24,GK,official,15,0,New York City FC,USA,27,1998-09-02,USA,193,,R,2100000,2030-12-31,1043120,available,74,Almost Reached,Not Specifically,,,,,,301,New York City FC,18,MLS,159,51,4567,0,0,0.04,0.04,1,0,0,1166,77.3,7.02,1,1,0,29,412,0,20,3,11,2,158,69,0,0,2,2,0,390,1713,1,10,0,2026-06-06T18:30:00+00:00,2026-06-07T16:02:52Z
9374,Chris Brady,457,USA,D,25,GK,official,1,0,Chicago Fire,USA,22,2004-03-03,USA,190,,,2400000,2026-12-31,429520,available,71,Can Still Improve,Not Specifically,,,,,,289,Chicago Fire,18,MLS,159,44,3906,0,0,,0.03,0,0,0,1254,78.9,6.99,1,1,0,43,355,0,20,4,12,0,138,70,1,0,0,0,0,422,1703,2,6,0,2026-06-06T18:30:00+00:00,2026-06-07T16:02:52Z
788,Tyler Adams,457,USA,D,4,MF,official,54,2,Bournemouth,England,27,1999-02-14,USA,175,,R,26000000,2028-06-30,3681600,available,84,Almost Reached,Unlikely,,,,,,2,Bournemouth,1,Premier League,337,27,1794,2,2,0.6,0.65,10,6,7,1022,87.3,6.84,53,24,33,42,96,2,96,92,27,22,0,2,3,0,6,12,3,69,1323,35,12,0,2026-06-06T18:30:00+00:00,2026-06-07T16:02:52Z
2878,Giovanni Reyna,457,USA,D,7,MF,official,38,9,Borussia M'gladbach,Germany,23,2002-11-13,USA,185,,R,4300000,2028-06-30,2515760,available,74,Can Still Improve,Somewhat,,,,,,95,Borussia M'gladbach,5,Bundesliga,228,27,594,1,0,0.67,1.76,7,2,14,324,84.3,6.76,9,6,4,11,28,4,37,49,7,19,0,3,0,0,11,21,8,24,461,5,9,0,2026-06-06T18:30:00+00:00,2026-06-07T16:02:52Z
2179,Weston McKennie,457,USA,D,8,MF,official,66,12,Juventus,Italy,27,1998-08-28,USA,185,,R,31000000,2030-06-30,7363200,available,79,Almost Reached,Not Specifically,,,,,,73,Juventus,4,Serie A,358,49,3920,9,6,9.41,7.35,57,23,71,1569,82.2,6.96,69,43,37,68,157,9,169,178,61,64,0,5,3,0,23,46,44,75,2365,57,11,1,2026-06-06T18:30:00+00:00,2026-06-07T16:02:52Z
9104,Sebastian Berhalter,457,USA,D,14,MF,official,13,1,Vancouver Whitecaps,Canada,25,2001-05-10,USA,175,,R,4600000,2026-12-31,306800,available,71,Almost Reached,Somewhat,,,,,,278,Vancouver Whitecaps,18,MLS,159,48,3901,10,14,6.14,13.64,93,29,124,2596,83.8,7.67,111,60,50,60,224,25,218,183,37,32,0,8,3,0,12,25,385,401,3652,83,10,0,2026-06-06T18:30:00+00:00,2026-06-07T16:02:52Z
9250,Cristian Roldán,457,USA,D,15,MF,official,47,0,Seattle Sounders FC,USA,31,1995-06-03,USA,172,,R,3800000,2027-12-31,1472640,available,75,Unlikely to Improve,Not Specifically,,,,,,302,Seattle Sounders FC,18,MLS,159,46,3857,4,4,3.57,5.64,57,21,56,3004,88.7,7.44,111,64,55,72,255,19,274,197,64,51,0,7,1,0,33,51,38,277,3747,45,4,0,2026-06-06T18:30:00+00:00,2026-06-07T16:02:52Z
2143,Malik Tillman,457,USA,D,17,MF,official,30,3,Bayer 04 Leverkusen,Germany,24,2002-05-28,USA,186,,R,27000000,2030-06-30,6074640,available,80,Can Polish Skills,Not Specifically,,,,,,85,Bayer 04 Leverkusen,7,Champions League,268,42,2351,8,0,5.84,3.14,42,16,30,1065,84.3,6.86,54,39,22,21,117,10,139,146,30,20,0,6,2,0,15,44,29,35,1586,26,15,3,2026-06-06T18:30:00+00:00,2026-06-07T16:02:52Z
860,Abdukodir Khusanov,497,Uzbekistan,K,2,DF,official,26,0,Manchester City,England,22,2004-02-29,Uzbekistan,186,,R,33000000,2029-06-30,4908800,available,80,Can Polish Skills,Unlikely,65,34,77,41,38,12,Manchester City,1,Premier League,337,49,2809,0,0,0.78,0.78,10,1,9,2125,92.8,6.94,57,38,57,116,135,1,105,77,30,34,0,5,5,0,7,11,9,128,2537,25,18,0,2026-06-02T01:00:00+00:00,2026-06-07T16:02:52Z
55372,Khozhiakbar Alizhonov,497,Uzbekistan,K,3,DF,official,40,2,Pakhtakor Tashkent,,29,1997-04-19,Uzbekistan,180,,R,1400000,2027-12-31,,available,,,,43,50,53,57,56,2324,Pakhtakor Tashkent,,,,,,,,,,,,,,,,,,,,,,,,,,,,,,,,,,,,13,1,2025-06-10T13:45:00+00:00,2026-06-07T16:02:52Z
55388,Farrukh Sayfiev,497,Uzbekistan,K,4,DF,official,45,1,Neftchi Fergana,,35,1991-01-17,Uzbekistan,183,,B,210000,2026-12-31,,available,,,,41,44,52,53,49,2326,Neftchi Fergana,31,International Friendly Games,133,1,85,0,0,,,,,,,,6.3,,,,,,,,,,,,,,,,,,,,,21,0,2026-06-02T01:00:00+00:00,2026-06-07T16:02:52Z
55387,Rustam Ashurmatov,497,Uzbekistan,K,5,DF,official,48,1,Esteghlal FC,,29,1996-07-07,Uzbekistan,185,,R,710000,2027-06-30,,available,,,,59,35,74,43,37,2321,Esteghlal FC,31,International Friendly Games,133,1,90,0,0,,,,,,,,6.3,,,,,,,,,,,,,,,,,,,,,20,0,2026-06-02T01:00:00+00:00,2026-06-07T16:02:52Z
55373,Sherzod Nasrullaev,497,Uzbekistan,K,13,DF,official,30,2,Pakhtakor Tashkent,,27,1998-07-23,Uzbekistan,181,,L,1200000,2027-12-31,306800,available,74,Almost Reached,Somewhat,49,46,53,55,54,2324,Pakhtakor Tashkent,31,International Friendly Games,133,1,90,0,0,,,,,,,,6.1,,,,,,,,,,,,,,,,,,,,,16,1,2026-06-02T01:00:00+00:00,2026-06-07T16:02:52Z
55386,Umarbek Eshmuradov,497,Uzbekistan,K,15,DF,official,29,0,Nasaf Qarshi,,33,1992-11-30,Uzbekistan,185,,R,440000,2026-12-31,,available,,,,53,34,64,44,38,2330,Nasaf Qarshi,31,International Friendly Games,133,1,0,0,0,,,,,,,,,,,,,,,,,,,,,,,,,,,,,19,0,2026-06-02T01:00:00+00:00,2026-06-07T16:02:52Z
55385,Abdulla Abdullaev,497,Uzbekistan,K,18,DF,official,17,0,Dibba Al-Fujairah,,28,1997-09-01,Uzbekistan,181,,R,580000,2026-06-30,,available,,,,44,40,55,45,42,2327,Dibba Al-Fujairah,31,International Friendly Games,133,1,70,0,0,,,,,,,,6.8,,,,,,,,,,,,,,,,,,,,,22,0,2026-06-02T01:00:00+00:00,2026-06-07T16:02:52Z
59413,Bekhruz Karimov,497,Uzbekistan,K,24,DF,official,2,0,Surkhon Termez,,18,2007-08-07,Uzbekistan,172,,R,370000,2027-12-31,,available,,,,,,,,,2331,Surkhon Termez,,,,,,,,,,,,,,,,,,,,,,,,,,,,,,,,,,,,0,0,,2026-06-07T16:02:52Z
59375,Avazbek Ulmasaliyev,497,Uzbekistan,K,25,DF,official,0,0,FC OKMK,,26,2000-03-27,Uzbekistan,179,,,515000,,,available,,,,57,35,67,45,37,2332,FC OKMK,31,International Friendly Games,133,1,0,0,0,,,,,,,,,,,,,,,,,,,,,,,,,,,,,1,0,2026-06-02T01:00:00+00:00,2026-06-07T16:02:52Z
59373,Jakhongir Urozov,497,Uzbekistan,K,26,DF,official,3,0,Dinamo Samarqand,,22,2004-01-18,Uzbekistan,190,,L,550000,2027-12-31,,available,,,,53,35,60,47,43,2328,Dinamo Samarqand,31,International Friendly Games,133,1,20,0,0,,,,,,,,6.4,,,,,,,,,,,,,,,,,,,,,1,0,2026-06-02T01:00:00+00:00,2026-06-07T16:02:52Z
59668,Diyor Ortikboev,497,Uzbekistan,K,,DF,preliminary,0,0,Khorazm,,23,2003-01-06,,,,,,,,available,,,,,,,,,,Khorazm,,,,,,,,,,,,,,,,,,,,,,,,,,,,,,,,,,,,0,0,,2026-06-07T16:02:52Z
55773,Ibrokhimkhalil Yuldoshev,497,Uzbekistan,K,,DF,preliminary,16,1,Neftchi,,25,2001-02-14,Uzbekistan,177,,,790000,,,available,,,,,,,,,,Neftchi,,,,,,,,,,,,,,,,,,,,,,,,,,,,,,,,,,,,2,0,2025-03-25T16:00:00+00:00,2026-06-07T16:02:52Z
56286,Mukhammadkodir Khamraliev,497,Uzbekistan,K,,DF,preliminary,2,0,Pakhtakor,,24,2001-07-06,Uzbekistan,185,,,750000,,,available,,,,,,,,,,Pakhtakor,,,,,,,,,,,,,,,,,,,,,,,,,,,,,,,,,,,,11,0,2024-10-15T14:00:00+00:00,2026-06-07T16:02:52Z
59675,Mukhammadrasul Abdumazhidov,497,Uzbekistan,K,,DF,preliminary,0,0,Pakhtakor,,21,2004-07-23,,,,,,,,available,,,,,,,,,,Pakhtakor,,,,,,,,,,,,,,,,,,,,,,,,,,,,,,,,,,,,0,0,,2026-06-07T16:02:52Z
6643,Eldor Shomurodov,497,Uzbekistan,K,14,FW,official,91,44,Başakşehir FK,Türkiye,30,1995-06-29,Uzbekistan,190,,R,7400000,2029-06-30,1963520,available,79,Unlikely to Improve,Unlikely,35,68,15,44,58,194,Başakşehir FK,11,Trendyol Super Lig,380,34,2838,21,5,15.04,3.28,93,47,43,720,75.8,7.18,26,18,4,10,74,15,100,164,28,58,0,4,0,0,30,64,18,43,1146,21,16,2,2026-06-02T01:00:00+00:00,2026-06-07T16:02:52Z
56128,Azizbek Amanov,497,Uzbekistan,K,20,FW,official,12,2,Dinamo Samarqand,,28,1997-10-30,Uzbekistan,178,,L,525000,2026-12-31,56573,available,67,Can Polish Skills,Very Unlikely,49,63,33,63,49,2328,Dinamo Samarqand,31,International Friendly Games,133,1,19,0,0,,,,,,,,6.4,,,,,,,,,,,,,,,,,,,,,11,0,2026-06-02T01:00:00+00:00,2026-06-07T16:02:52Z
55382,Igor Sergeev,497,Uzbekistan,K,21,FW,official,82,24,Persepolis FC,,33,1993-04-30,Uzbekistan,187,,L,1300000,2027-06-30,859040,available,76,Unlikely to Improve,Unlikely,53,60,37,52,38,2320,Persepolis FC,31,International Friendly Games,133,1,9,0,0,,,,,,,,6.5,,,,,,,,,,,,,,,,,,,,,8,2,2026-06-02T01:00:00+00:00,2026-06-07T16:02:52Z
55389,Ruslanbek Jiyanov,497,Uzbekistan,K,,FW,preliminary,5,0,Navbahor,,25,2001-06-05,Uzbekistan,170,,R,860000,,245440,available,69,Can Polish Skills,Unlikely,,,,,,,Navbahor,,,,,,,,,,,,,,,,,,,,,,,,,,,,,,,,,,,,3,0,2025-06-10T13:45:00+00:00,2026-06-07T16:02:52Z
59374,Sherzod Esanov,497,Uzbekistan,K,,FW,preliminary,2,0,FC Buxoro,,23,2003-02-01,Uzbekistan,190,,R,495000,2026-12-31,,available,,,,,,,,,2329,FC Buxoro,31,International Friendly Games,133,1,9,0,0,,,,,,,,6.4,,,,,,,,,,,,,,,,,,,,,1,0,2026-06-02T01:00:00+00:00,2026-06-07T16:02:52Z
55371,Utkir Yusupov,497,Uzbekistan,K,1,GK,official,39,0,Navbahor Namangan,,35,1991-01-04,Uzbekistan,185,,R,540000,2026-12-31,,available,,,,,,,,,2333,Navbahor Namangan,31,International Friendly Games,133,1,0,0,0,,,,,,,,,,,,,,,,,,,,,,,,,,,,,22,0,2026-06-02T01:00:00+00:00,2026-06-07T16:02:52Z
55384,Abduvokhid Nematov,497,Uzbekistan,K,12,GK,official,8,0,Nasaf Qarshi,,25,2001-03-20,Uzbekistan,182,,R,1400000,2026-12-31,245440,available,72,Can Polish Skills,Unlikely,24,,,,,2330,Nasaf Qarshi,31,International Friendly Games,133,1,90,0,0,,,,,,,,7.0,,,,,,,,,,,,,,,,,,,,,21,0,2026-06-02T01:00:00+00:00,2026-06-07T16:02:52Z
55383,Botirali Ergashev,497,Uzbekistan,K,16,GK,official,2,0,Neftchi Fergana,,30,1995-06-23,Uzbekistan,187,,R,515000,2027-12-31,,available,,,,11,,,,,2326,Neftchi Fergana,,,,,,,,,,,,,,,,,,,,,,,,,,,,,,,,,,,,21,0,2025-06-10T13:45:00+00:00,2026-06-07T16:02:52Z
59672,Vladimir Nazarov,497,Uzbekistan,K,,GK,preliminary,1,0,Pakhtakor,,24,2002-06-03,,,,,,,,available,,,,,,,,,,Pakhtakor,,,,,,,,,,,,,,,,,,,,,,,,,,,,,,,,,,,,0,0,,2026-06-07T16:02:52Z
55375,Akmal Mozgovoy,497,Uzbekistan,K,6,MF,official,24,1,Pakhtakor Tashkent,,26,2000-04-02,Uzbekistan,180,,R,1500000,2027-12-31,,available,,,,46,49,48,55,52,2324,Pakhtakor Tashkent,31,International Friendly Games,133,1,20,0,0,,,,,,,,6.7,,,,,,,,,,,,,,,,,,,,,11,0,2026-06-02T01:00:00+00:00,2026-06-07T16:02:52Z
55629,Otabek Shukurov,497,Uzbekistan,K,7,MF,official,83,9,Baniyas,,29,1996-06-22,Uzbekistan,182,,R,1400000,2026-06-30,122720,available,70,Can Polish Skills,Not Specifically,40,51,42,53,54,2322,Baniyas,31,International Friendly Games,133,1,70,0,0,,,,,,,,5.9,,,,,,,,,,,,,,,,,,,,,19,1,2026-06-02T01:00:00+00:00,2026-06-07T16:02:52Z
55378,Jamshid Iskandarov,497,Uzbekistan,K,8,MF,official,37,4,Neftchi Fergana,,32,1993-10-16,Uzbekistan,171,,L,1100000,2026-12-31,,available,,,,40,59,31,59,58,2326,Neftchi Fergana,31,International Friendly Games,133,1,0,0,0,,,,,,,,,,,,,,,,,,,,,,,,,,,,,22,0,2026-06-02T01:00:00+00:00,2026-06-07T16:02:52Z
55374,Odiljon Khamrobekov,497,Uzbekistan,K,9,MF,official,72,1,Tractor FC,,30,1996-02-13,Uzbekistan,180,,R,930000,2027-06-30,,available,,,,51,49,50,56,50,2323,Tractor FC,31,International Friendly Games,133,1,85,0,0,,,,,,,,6.3,,,,,,,,,,,,,,,,,,,,,22,1,2026-06-02T01:00:00+00:00,2026-06-07T16:02:52Z
55377,Jaloliddin Masharipov,497,Uzbekistan,K,10,MF,official,74,12,Esteghlal FC,,32,1993-09-01,Uzbekistan,172,,R,1000000,2027-06-30,,available,,,,,,,,,2321,Esteghlal FC,,,,,,,,,,,,,,,,,,,,,,,,,,,,,,,,,,,,19,1,2025-06-10T13:45:00+00:00,2026-06-07T16:02:52Z
55630,Oston Urunov,497,Uzbekistan,K,11,MF,official,41,10,Persepolis FC,,25,2000-12-19,Uzbekistan,181,,R,2100000,2027-06-30,,available,,,,,,,,,2320,Persepolis FC,31,International Friendly Games,133,1,71,0,0,,,,,,,,6.5,,,,,,,,,,,,,,,,,,,,,15,1,2026-06-02T01:00:00+00:00,2026-06-07T16:02:52Z
59376,Dostonbek Khamdamov,497,Uzbekistan,K,17,MF,official,33,5,Pakhtakor Tashkent,,29,1996-07-24,Uzbekistan,180,,B,935000,2026-12-31,,available,,,,35,57,34,62,53,2324,Pakhtakor Tashkent,31,International Friendly Games,133,1,0,0,0,,,,,,,,,,,,,,,,,,,,,,,,,,,,,1,0,2026-06-02T01:00:00+00:00,2026-06-07T16:02:52Z
58271,Azizjon Ganiev,497,Uzbekistan,K,19,MF,official,19,0,Al Bataeh,,28,1998-02-22,Uzbekistan,180,,R,1900000,2027-06-30,1227200,injured,70,Can Polish Skills,Somewhat,37,53,43,52,55,2325,Al Bataeh,31,International Friendly Games,133,1,23,0,0,,,,,,,,6.3,,,,,,,,,,,,,,,,,,,,,3,0,2026-06-02T01:00:00+00:00,2026-06-07T16:02:52Z
6642,Abbosbek Fayzullaev,497,Uzbekistan,K,22,MF,official,31,8,Başakşehir FK,Türkiye,22,2003-10-03,Uzbekistan,172,,R,6500000,2030-06-30,1165840,available,76,Can Polish Skills,Unlikely,61,71,42,55,59,194,Başakşehir FK,11,Trendyol Super Lig,380,22,1039,2,3,3.89,3.48,25,9,20,329,78.1,6.91,27,17,5,4,51,5,70,65,12,10,0,4,2,0,13,25,77,25,589,21,22,6,2026-06-02T01:00:00+00:00,2026-06-07T16:02:52Z
59374,Sherzod Esanov,497,Uzbekistan,K,23,MF,official,1,0,FC Buxoro,,23,2003-02-01,Uzbekistan,190,,R,495000,2026-12-31,,available,,,,,,,,,2329,FC Buxoro,31,International Friendly Games,133,1,9,0,0,,,,,,,,6.4,,,,,,,,,,,,,,,,,,,,,1,0,2026-06-02T01:00:00+00:00,2026-06-07T16:02:52Z
59667,Alisher Odilov,497,Uzbekistan,K,,MF,preliminary,2,1,Neftchi,,24,2001-07-15,,180,,R,,,184080,available,69,Can Polish Skills,Unlikely,,,,,,,Neftchi,,,,,,,,,,,,,,,,,,,,,,,,,,,,,,,,,,,,0,0,,2026-06-07T16:02:52Z
59377,Jasurbek Jaloliddinov,497,Uzbekistan,K,,MF,preliminary,1,0,Sogdiana,,24,2002-05-15,Uzbekistan,171,,L,,,27427,available,62,Can Still Improve,Very Unlikely,,,,,,,Sogdiana,31,International Friendly Games,133,,,,,,,,,,,,,,,,,,,,,,,,,,,,,,,,,1,0,2026-06-02T01:00:00+00:00,2026-06-07T16:02:52Z
59669,Kuvondik Ruziev,497,Uzbekistan,K,,MF,preliminary,6,0,Neftchi,,31,1994-10-06,,,,,,,,available,,,,,,,,,,Neftchi,,,,,,,,,,,,,,,,,,,,,,,,,,,,,,,,,,,,0,0,,2026-06-07T16:02:52Z
59670,Nodirbek Abdurazzokov,497,Uzbekistan,K,,MF,preliminary,0,0,AGMK,,22,2004-05-26,,,,,,,,available,,,,,,,,,,AGMK,,,,,,,,,,,,,,,,,,,,,,,,,,,,,,,,,,,,0,0,,2026-06-07T16:02:52Z
59671,Sardorbek Bakhromov,497,Uzbekistan,K,,MF,preliminary,0,0,Nasaf,,21,2005-02-16,,,,,,,,available,,,,,,,,,,Nasaf,,,,,,,,,,,,,,,,,,,,,,,,,,,,,,,,,,,,0,0,,2026-06-07T16:02:52Z
13028,Umarali Rakhmonaliev,497,Uzbekistan,K,,MF,preliminary,1,0,Sabah FK,Azerbaijan,22,2003-08-18,Uzbekistan,170,,L,830000,2028-12-31,122720,available,69,Can Polish Skills,Unlikely,35,53,31,53,51,412,Sabah FK,8,Europa League,280,2,0,0,0,,,0,0,0,0,,,0,0,0,0,0,0,0,0,0,0,0,0,0,0,0,0,0,0,0,0,0,0,,2026-06-07T16:02:52Z
